地段位置或門牌,社區簡稱,交易日期,總價(萬元),"單價
(萬元/坪)","總面積
(坪)",主建物佔比,型態,屋齡,樓別/樓高,交易標的,交易筆棟數,建物現況格局,"車位總價
(萬元)",管理組織,電梯,主要用途,備註
士林區延平北路六段３９２巷６號七樓之８,,115/06/11,900,39.59,22.73,61.44%,住宅大樓(11層含以上有電梯),20,七層/十一層,房地(土地+建物)+車位,土:1 建:1車:1,1房1廳1衛,,有,有,住家用,親友、員工、共有人或其他特殊關係間之交易;夾層;
士林區忠誠路一段４７號六樓,士林御花園,115/06/08,2918,87.59,33.31,75.19%,華廈(10層含以下有電梯),41,六層/七層,房地(土地+建物),土:1 建:1車:0,3房2廳2衛,,有,有,住家用,陽台加窗。陽台外推;其他增建;
士林區承德路四段２８８號七樓,金花園,115/06/02,2728,65,41.97,71.20%,住宅大樓(11層含以上有電梯),40,七層/十二層,房地(土地+建物),土:1 建:1車:0,3房2廳2衛,,有,有,住家用,
士林區忠誠路一段５５號二樓,士林御花園,115/06/01,2650,78.91,33.58,69.70%,華廈(10層含以下有電梯),41,二層/七層,房地(土地+建物),土:1 建:1車:0,3房2廳2衛,,有,有,住家用,
士林區劍潭路１２號九樓之２,圓山凡登,115/05/31,1600,100.58,15.91,54.06%,住宅大樓(11層含以上有電梯),17,九層/十四層,房地(土地+建物),土:2 建:1車:0,1房1廳1衛,,有,有,住家用,
士林區東山路２５巷５１弄５號,,115/05/29,20000,0,132.53,,透天厝,56,全/二層,房地(土地+建物),土:2 建:1車:0,5房2廳5衛,,有,無,住家用,親友、員工、共有人或其他特殊關係間之交易;
士林區忠誠路二段９８巷７弄８號十二樓,,115/05/28,12200,127.09,96,58.44%,住宅大樓(11層含以上有電梯),2,十二層/十四層,房地(土地+建物)+車位,土:1 建:1車:2,3房2廳3衛,,有,有,住家用,
士林區延平北路八段９６巷４１號四樓,,115/05/27,680,30.64,22.19,93.80%,公寓(5樓含以下無電梯),57,四層/四層,房地(土地+建物),土:1 建:1車:0,2房1廳1衛,,無,無,住家用,
士林區天玉街２７巷２５號十樓,,115/05/27,3690,110.44,43.96,61.77%,住宅大樓(11層含以上有電梯),2,十層/十四層,房地(土地+建物)+車位,土:1 建:1車:1,2房2廳1衛,300,有,有,住家用,
士林區士東路２６６巷３弄１１之１號地下,,115/05/24,500,19.43,25.73,100.00%,公寓(5樓含以下無電梯),46,地下層/五層,房地(土地+建物),土:5 建:1車:0,3房2廳1衛,,無,無,其他,親友、員工、共有人或其他特殊關係間之交易;含租約;
士林區福華路１９０號四樓,富林天母極品磺溪特區,115/05/24,5500,86.18,84.16,58.93%,住宅大樓(11層含以上有電梯),26,四層/十二層,房地(土地+建物)+車位,土:4 建:1車:2,3房2廳2衛,560,有,有,住家用,
士林區天母西路５０巷２０之２號六樓,天母強者薔薇華廈,115/05/24,6060,93.2,75.15,68.43%,住宅大樓(11層含以上有電梯),30,"六層,電梯樓梯間/十一層",房地(土地+建物)+車位,土:1 建:1車:1,2房2廳2衛,400,有,有,住家用,其他增建;
士林區明溪街３５巷３號三樓,,115/05/22,980,31.23,31.38,100.00%,公寓(5樓含以下無電梯),50,三層/四層,房地(土地+建物),土:1 建:1車:0,4房2廳1衛,,無,無,住家用,其他增建;
士林區中正路６５５巷８號十三樓,渼士林,115/05/22,1001.3,17.62,56.82,49.21%,住宅大樓(11層含以上有電梯),12,十三層/十五層,房地(土地+建物)+車位,土:1 建:1車:1,3房1廳2衛,,有,有,住家用,親友、員工、共有人或其他特殊關係間之交易;
士林區建業路１１巷１５號三樓,朵爾大廈,115/05/21,780,52.38,14.89,59.35%,華廈(10層含以下有電梯),8,三層/四層,房地(土地+建物),土:2 建:1車:0,2房2廳2衛,,有,有,住家用,親友、員工、共有人或其他特殊關係間之交易;
士林區建業路１１巷１５之１號三樓,朵爾大廈,115/05/21,710,47.9,14.82,59.37%,華廈(10層含以下有電梯),8,三層/四層,房地(土地+建物),土:2 建:1車:0,2房2廳2衛,,有,有,住家用,親友、員工、共有人或其他特殊關係間之交易;
士林區建業路１１巷１５之２號三樓,朵爾大廈,115/05/21,860,52.45,16.4,58.10%,華廈(10層含以下有電梯),8,三層/四層,房地(土地+建物),土:2 建:1車:0,2房2廳2衛,,有,有,住家用,親友、員工、共有人或其他特殊關係間之交易;
士林區福港街２３號四樓,,115/05/20,1580,73.36,21.54,93.68%,公寓(5樓含以下無電梯),53,四層/四層,房地(土地+建物),土:1 建:1車:0,1房1廳1衛,,無,無,住家用,頂樓加蓋;
士林區福志路２５號四樓,,115/05/20,4250,114.99,44.76,57.04%,住宅大樓(11層含以上有電梯),1,四層/十四層,房地(土地+建物)+車位,土:1 建:1車:1,2房1廳2衛,310,有,有,住家用,
士林區中正路２１３巷１１號,,115/05/18,2550,107.06,23.82,75.72%,華廈(10層含以下有電梯),31,一層/五層,房地(土地+建物),土:2 建:1車:0,3房2廳2衛,,無,有,住家用,
士林區基河路１６之２號八樓之２,圓山窗外,115/05/17,1968,156.99,12.54,54.37%,住宅大樓(11層含以上有電梯),21,八層/十一層,房地(土地+建物),土:1 建:1車:0,1房2廳1衛,,有,有,辦公用,其他增建;
士林區文林路７６３號九樓之１,寶殿大廈,115/05/16,485,78.21,6.2,83.27%,住宅大樓(11層含以上有電梯),45,九層/十一層,房地(土地+建物),土:3 建:1車:0,1房1廳1衛,,有,有,住家用,
士林區延平北路六段１９１號二樓,,115/05/16,1120,43.35,25.83,100.00%,公寓(5樓含以下無電梯),53,二層/四層,房地(土地+建物),土:1 建:1車:0,4房1廳1衛,,無,無,住家用,
士林區延平北路六段２２８號七樓,豐澤,115/05/15,4760,72.31,65.83,41.40%,華廈(10層含以下有電梯),5,"七層,見其他登記事項/七層",房地(土地+建物)+車位,土:1 建:1車:1,2房2廳2衛,,有,有,住家用,
士林區文昌路１４０巷１０號,,115/05/15,151.3,30.3,4.99,100.00%,公寓(5樓含以下無電梯),49,"一層,平台/四層",房地(土地+建物),土:1 建:1車:0,4房1廳1衛,,無,無,住家用,親友、員工、共有人或其他特殊關係間之交易;
士林區文林路７６３號七樓之６,寶殿大廈,115/05/15,1430,69.02,20.72,67.79%,住宅大樓(11層含以上有電梯),45,七層/十一層,房地(土地+建物),土:3 建:1車:0,2房2廳1衛,,有,有,住家用,陽台外推;
士林區福港街２６２巷２０號五樓,,115/05/14,1250,50.6,24.71,85.72%,公寓(5樓含以下無電梯),46,五層/五層,房地(土地+建物),土:1 建:1車:0,3房1廳1衛,,無,無,住家用,頂樓加蓋;
士林區芝玉路一段２００號十五樓,,115/05/14,5350,64.85,82.5,46.88%,住宅大樓(11層含以上有電梯),30,十五層/十九層,房地(土地+建物)+車位,土:1 建:1車:2,4房2廳2衛,,有,有,住家用,
士林區文林路７１８號,財星,115/05/12,6000,151.76,39.54,68.91%,華廈(10層含以下有電梯),37,一層/十層,房地(土地+建物),土:1 建:1車:0,1廳1衛,,有,有,商業用,其他增建;
士林區德行東路１０４巷１１弄１號二樓,,115/05/12,1836,68.25,26.9,92.23%,公寓(5樓含以下無電梯),44,二層/五層,房地(土地+建物),土:1 建:1車:0,3房2廳1衛,,無,無,住家用,其他增建;
士林區承德路四段６巷４６號三樓,,115/05/12,1500,62.08,24.16,100.00%,公寓(5樓含以下無電梯),52,三層/四層,房地(土地+建物),土:1 建:1車:0,1房2廳1衛,,無,無,住家用,
士林區前街１１５巷４號,,115/05/11,1250,74.54,16.77,100.00%,公寓(5樓含以下無電梯),57,一層/三層,房地(土地+建物),土:1 建:1車:0,2房1廳1衛,,無,無,住家用,
士林區重慶北路四段４９巷５３號五樓,萊茵首席,115/05/11,1260,55.66,22.64,50.77%,華廈(10層含以下有電梯),5,五層/七層,房地(土地+建物),土:1 建:1車:0,2房1廳1衛,,有,有,辦公用,親友、員工、共有人或其他特殊關係間之交易;
士林區福壽街４５號六樓,築禾韻,115/05/10,2055,108,21.95,52.03%,華廈(10層含以下有電梯),10,六層/七層,房地(土地+建物)+車位,土:2 建:1車:1,2房2廳1衛,200,有,有,住家用,夾層;其他增建;
士林區承德路四段９０號,圓山ART,115/05/09,6000,122.56,55.41,65.65%,住宅大樓(11層含以上有電梯),4,"一層,二層/十五層",房地(土地+建物)+車位,土:1 建:1車:1,2廳2衛,250,有,有,商業用,
士林區劍潭路１２號七樓之２,圓山凡登,115/05/09,1790,64.31,27.83,30.90%,住宅大樓(11層含以上有電梯),17,七層/十四層,房地(土地+建物)+車位,土:2 建:1車:1,1房1廳1衛,290,有,有,住家用,
士林區延平北路八段２巷５７弄７號三樓,,115/05/09,930,41.89,22.2,100.00%,公寓(5樓含以下無電梯),57,"三層,陽臺/四層",房地(土地+建物),土:1 建:1車:0,3房2廳1衛,,無,無,住家用,
士林區芝玉路一段２２６號十五樓之２,遠雄天母,115/05/08,6000,87.51,81.79,62.13%,住宅大樓(11層含以上有電梯),17,十五層/十八層,房地(土地+建物)+車位,土:1 建:1車:2,4房2廳2衛,600,有,有,住家用,
士林區福志路２７號九樓,,115/05/08,8218,130.25,79.75,56.76%,住宅大樓(11層含以上有電梯),1,九層/十四層,房地(土地+建物)+車位,土:1 建:1車:2,3房2廳2衛,500,有,有,住家用,
士林區社中街２６４巷１弄４號五樓,,115/05/08,1630,54.34,30,86.27%,公寓(5樓含以下無電梯),43,五層/五層,房地(土地+建物),土:1 建:1車:0,3房3廳2衛,,無,無,住家用,陽台外推;頂樓加蓋;其他增建;
士林區天母北路５６號十樓,聯上天母,115/05/07,6500,114.01,73.9,51.84%,住宅大樓(11層含以上有電梯),6,十層/二十四層,房地(土地+建物)+車位,土:1 建:1車:2,2房2廳2衛,750,有,有,住家用,
士林區中山北路五段６９９巷２號三樓,,115/05/06,3858,75.08,59.71,78.33%,華廈(10層含以下有電梯),33,三層/七層,房地(土地+建物)+車位,土:1 建:1車:1,4房2廳2衛,300,有,有,住家用,
士林區文林路７６５號四樓之７,寶殿大廈,115/05/06,1630,66.88,24.37,74.68%,住宅大樓(11層含以上有電梯),45,四層/十一層,房地(土地+建物),土:3 建:1車:0,2房1廳1衛,,有,有,住家用,
士林區文林路５５６號九樓之２,文林苑,115/05/06,4736,80.52,58.82,58.99%,住宅大樓(11層含以上有電梯),10,九層/十五層,房地(土地+建物)+車位,土:1 建:1車:1,3房2廳2衛,,有,有,住家用,
士林區中山北路七段２０５之３號,,115/05/05,2700,71.9,37.55,73.51%,華廈(10層含以下有電梯),46,一層/七層,房地(土地+建物),土:1 建:1車:0,5房5衛,,有,有,住家用,
士林區葫蘆街５４巷３弄３號四樓,,115/05/05,1600,57.45,27.85,86.74%,公寓(5樓含以下無電梯),48,四層/四層,房地(土地+建物),土:1 建:1車:0,3房2廳2衛,,無,無,住家用,
士林區中山北路五段８５０巷２９號三樓,,115/05/05,1500,49.05,30.58,92.54%,公寓(5樓含以下無電梯),45,三層/五層,房地(土地+建物),土:1 建:1車:0,3房2廳2衛,,無,無,住家用,親友、員工、共有人或其他特殊關係間之交易;
士林區至誠路二段４７之１號五樓,,115/05/03,1955,60.01,32.58,80.95%,公寓(5樓含以下無電梯),44,五層/五層,房地(土地+建物),土:1 建:1車:0,7房2廳7衛,,無,無,住家用,陽台外推;頂樓加蓋;
士林區天玉街３８巷１１之１號三樓,,115/05/03,2420,72.42,33.42,84.45%,公寓(5樓含以下無電梯),47,三層/五層,房地(土地+建物),土:1 建:1車:0,2房2廳2衛,,無,無,住家用,其他增建：陽台外推加窗、壹樓空地垂直增建。其他增建;
士林區天母東路１０５巷３７號五樓之２,,115/05/03,2858,108.69,36.29,52.82%,華廈(10層含以下有電梯),2,五層/五層,房地(土地+建物)+車位,土:1 建:1車:1,2房1廳1衛,350,無,有,住家用,
士林區忠誠路二段２１巷３３號五樓,,115/05/03,1828,56.34,32.45,82.96%,公寓(5樓含以下無電梯),41,五層/五層,房地(土地+建物),土:1 建:1車:0,3房2廳2衛,,無,無,住家用,陽台外推;頂樓加蓋;其他增建;
士林區福國路９８號七樓之８,雙子星,115/05/03,2710,75.63,35.83,80.30%,住宅大樓(11層含以上有電梯),47,七層/十四層,房地(土地+建物),土:1 建:1車:0,3房2廳2衛,,有,有,住家用,
士林區延平北路五段２５７巷２弄８號四樓,,115/05/03,990,56.7,17.46,100.00%,公寓(5樓含以下無電梯),55,四層/四層,房地(土地+建物),土:1 建:1車:0,2房2廳1衛,,無,無,住家用,頂樓加蓋;
士林區美崙街６２巷１６號四樓,,115/05/03,1606,55.83,28.77,84.61%,公寓(5樓含以下無電梯),46,四層/五層,房地(土地+建物),土:4 建:1車:0,3房2廳1衛,,無,無,住家用,雨遮增建、鐵鋁窗增建陽台外推;其他增建;
士林區社中街１５２巷３０號三樓之５,葫蘆奇蹟,115/05/03,1015,52.1,19.48,69.22%,華廈(10層含以下有電梯),31,三層/七層,房地(土地+建物),土:1 建:1車:0,3房2廳1衛,,有,有,住家用,親友、員工、共有人或其他特殊關係間之交易;
士林區中山北路六段２巷４３號三樓,,115/05/02,2630,76.95,34.18,84.13%,公寓(5樓含以下無電梯),44,三層/五層,房地(土地+建物),土:1 建:1車:0,3房2廳2衛,,無,無,住家用,陽台外推;
士林區至善路二段４２３號,,115/05/01,7500,0,64.7,,透天厝,58,全/二層,房地(土地+建物),土:2 建:1車:0,7房2廳3衛,,無,無,住家用,頂樓加蓋;其他增建;
士林區文林路６６１巷３９弄７號三樓,,115/05/01,2288,75.23,30.41,85.93%,公寓(5樓含以下無電梯),46,三層/五層,房地(土地+建物),土:1 建:1車:0,3房2廳2衛,,無,無,住家用,陽台外推;其他增建;
士林區社中街３２２號三樓,,115/04/28,744,24.56,30.3,84.38%,公寓(5樓含以下無電梯),47,三層/四層,房地(土地+建物),土:5 建:1車:0,3房1廳2衛,,無,無,住家用,親友、員工、共有人或其他特殊關係間之交易;
士林區永平街７５巷４４號二樓,,115/04/28,1450,57.1,25.39,87.04%,公寓(5樓含以下無電梯),49,二層/四層,房地(土地+建物),土:1 建:1車:0,3房2廳2衛,,無,無,住家用,陽台外推;其他增建;
士林區中山北路六段４４１巷３０號八樓之１,御上天母,115/04/27,9800,125.5,93.75,54.86%,住宅大樓(11層含以上有電梯),2,八層/十七層,房地(土地+建物)+車位,土:1 建:1車:2,,700,有,有,住家用,親友、員工、共有人或其他特殊關係間之交易;
士林區社中街１２０號三樓,,115/04/27,1600,54.86,29.17,91.83%,公寓(5樓含以下無電梯),49,三層/四層,房地(土地+建物),土:1 建:1車:0,3房2廳2衛,,無,無,住家用,陽台外推;其他增建;
士林區中社路一段３９號四樓,,115/04/27,1580,50.75,31.13,100.00%,公寓(5樓含以下無電梯),51,四層/四層,房地(土地+建物),土:1 建:1車:0,3房2廳2衛,,無,無,住家用,其他增建;
士林區中正路７０７巷１之１號九樓,忠誠,115/04/27,600,19.03,31.53,66.78%,住宅大樓(11層含以上有電梯),43,九層/十二層,房地(土地+建物),土:3 建:1車:0,3房1廳1衛,,有,有,住家用,親友、員工、共有人或其他特殊關係間之交易;
士林區通河街３２５巷８之４號,劍潭國宅D區,115/04/27,500,56.07,8.92,89.15%,公寓(5樓含以下無電梯),55,四層/五層,房地(土地+建物),土:1 建:1車:0,1房1廳1衛,,有,無,住家用,
士林區忠誠路二段１４０巷３號三樓,,115/04/26,2500,61.1,40.92,77.55%,公寓(5樓含以下無電梯),45,三層/五層,房地(土地+建物),土:2 建:1車:0,3房2廳2衛,,無,無,住家用,親友、員工、共有人或其他特殊關係間之交易;
士林區承德路四段１０巷１１號六樓,,115/04/26,1200,46.53,25.79,79.85%,公寓(5樓含以下無電梯),43,六層/六層,房地(土地+建物),土:3 建:1車:0,2房1廳1衛,,無,無,住家用,親友、員工、共有人或其他特殊關係間之交易;陽台外推;
士林區通河西街二段４３號三樓之３,綠色華夏,115/04/24,244,30.44,8.02,57.77%,住宅大樓(11層含以上有電梯),31,三層/十一層,房地(土地+建物),土:1 建:1車:0,1房1廳1衛,,有,有,住家用,親友、員工、共有人或其他特殊關係間之交易;
士林區中山北路六段４５０巷１之１號二樓,,115/04/24,2000,65.74,30.42,82.70%,公寓(5樓含以下無電梯),40,二層/五層,房地(土地+建物),土:1 建:1車:0,3房2廳2衛,,無,無,住家用,
士林區通河東街一段８７號五樓,,115/04/24,1000,46.21,21.64,89.04%,公寓(5樓含以下無電梯),46,五層/五層,房地(土地+建物),土:1 建:1車:0,3房1廳1衛,,無,無,住家用,親友、員工、共有人或其他特殊關係間之交易;頂樓加蓋;
士林區重慶北路四段１６５號九樓之２,士林金站,115/04/24,3850,62.66,61.44,61.11%,華廈(10層含以下有電梯),29,"九層,十層,電梯樓梯間/十層",房地(土地+建物)+車位,土:1 建:2車:1,5房2廳2衛,,有,有,住家用,夾層;
士林區中正路４２０號六樓,台北市中正陽明花園,115/04/23,38861.2,92.38,420.66,52.20%,住宅大樓(11層含以上有電梯),26,六層/十四層,房地(土地+建物)+車位,土:2 建:1車:8,,,有,有,商業用,政府機關標讓售;
士林區天母西路４１巷２號六樓之３,,115/04/22,2280,95.62,30.94,40.51%,華廈(10層含以下有電梯),34,六層/六層,房地(土地+建物)+車位,土:1 建:1車:1,2房1廳2衛,250,有,有,住家用,陽台外推;其他增建;
士林區延平北路五段１３７號,,115/04/22,4500,0,71.47,,透天厝,63,全/三層,房地(土地+建物),土:2 建:1車:0,7房7廳4衛,,無,無,住家用,其他增建;
士林區通河街３２５巷１８之４號,劍潭國宅D區,115/04/22,450,50.46,8.92,89.15%,公寓(5樓含以下無電梯),55,四層/五層,房地(土地+建物),土:1 建:1車:0,1房1廳1衛,,有,無,住家用,
士林區大南路３２９號二樓,新天地,115/04/21,3218,75.16,46.94,64.35%,住宅大樓(11層含以上有電梯),18,二層/十四層,房地(土地+建物)+車位,土:1 建:1車:1,4房2廳2衛,300,有,有,商業用,其他增建;
士林區小北街２８號三樓之６,花寓藏,115/04/21,2240,117.22,19.11,48.87%,華廈(10層含以下有電梯),7,三層/九層,房地(土地+建物),土:1 建:1車:0,1房1廳1衛,,有,有,住家用,陽台外推;其他增建;
士林區天母北路５６號二十三樓之２,聯上天母,115/04/21,6800,110.1,79.15,51.63%,住宅大樓(11層含以上有電梯),6,二十三層/二十四層,房地(土地+建物)+車位,土:1 建:1車:2,3房2廳2衛,670,有,有,住家用,
士林區天母東路８１巷２０弄７號二樓,滿園春,115/04/21,1970,59.98,32.84,79.60%,公寓(5樓含以下無電梯),41,二層/五層,房地(土地+建物),土:3 建:1車:0,2房2廳2衛,,有,無,住家用,陽台外推;
士林區福華路８號四樓,隨河,115/04/21,3700,85.18,43.44,61.25%,華廈(10層含以下有電梯),8,四層/九層,房地(土地+建物)+車位,土:1 建:1車:1,3房2廳2衛,,有,有,住家用,
士林區天母東路８１巷２０弄２０號二樓,滿園春,115/04/20,2100,60.63,34.64,88.78%,公寓(5樓含以下無電梯),41,二層/五層,房地(土地+建物),土:2 建:1車:0,3房2廳2衛,,有,無,住家用,陽台外推;其他增建;
士林區天母北路２８巷７號二樓,,115/04/19,1820,55.94,32.53,85.34%,公寓(5樓含以下無電梯),49,二層/四層,房地(土地+建物),土:1 建:1車:0,3房2廳1衛,,無,無,住家用,
士林區忠誠路二段１０４號九樓,天母鬱金香,115/04/19,3960,88.08,44.96,74.30%,住宅大樓(11層含以上有電梯),40,九層/十四層,房地(土地+建物),土:1 建:1車:0,3房2廳2衛,,有,有,住家用,陽台外推;
士林區通河東街一段２３號二樓,,115/04/19,1600,61.37,26.07,92.25%,公寓(5樓含以下無電梯),43,二層/五層,房地(土地+建物),土:3 建:1車:0,3房2廳1衛,,無,無,住家用,
士林區社子街１２５巷４０弄４號四樓,,115/04/18,1380,56.97,24.22,100.00%,公寓(5樓含以下無電梯),49,"四層,陽臺/四層",房地(土地+建物),土:1 建:1車:0,4房3廳2衛,,無,無,住家用,陽台外推;頂樓加蓋;其他增建;
士林區德行東路１０９巷８７號四樓,,115/04/18,2080,55.97,37.16,87.54%,公寓(5樓含以下無電梯),48,四層/五層,房地(土地+建物),土:1 建:1車:0,3房2廳2衛,,無,無,住家用,其他增建;
士林區中山北路六段２巷５３號二樓,,115/04/18,2180,65.31,33.38,84.89%,公寓(5樓含以下無電梯),42,二層/五層,房地(土地+建物),土:1 建:1車:0,4房2廳2衛,,無,無,住家用,陽台外推;
士林區克強路１０巷３弄１０號二樓,,115/04/17,4040,50.34,80.26,85.50%,公寓(5樓含以下無電梯),42,二層/五層,房地(土地+建物),土:2 建:1車:0,5房3廳3衛,,無,無,住家用,雙方約定台北市士林區蘭雅段一小段10650建號與同區段241地號之應有部分買賣價款合計為3905萬元整;同區段241-1地號土地之買賣價款為135萬元整。陽台外推;其他增建;
士林區福志路２７號四樓,,115/04/16,6200,114.7,61.55,57.20%,住宅大樓(11層含以上有電梯),1,四層/十四層,房地(土地+建物)+車位,土:1 建:1車:1,3房2廳2衛,345,有,有,住家用,
士林區中山北路六段１９５巷６號十三樓之２,,115/04/15,5980,107.47,55.64,48.07%,住宅大樓(11層含以上有電梯),18,十三層/十四層,房地(土地+建物)+車位,土:1 建:1車:1,3房2廳2衛,,有,有,住家用,
士林區福志路２７號八樓,,115/04/14,8328,130.06,79.91,56.61%,住宅大樓(11層含以上有電梯),1,八層/十四層,房地(土地+建物)+車位,土:1 建:1車:2,3房2廳2衛,600,有,有,住家用,含裝潢費;
士林區和豐街１２號,,115/04/14,1500,45.91,32.67,100.00%,公寓(5樓含以下無電梯),56,二層/四層,房地(土地+建物),土:1 建:1車:0,3房1廳1衛,,無,無,住家用,親友、員工、共有人或其他特殊關係間之交易;
士林區中山北路六段２３６巷９號三樓之１,,115/04/13,4610,111.1,50.67,57.02%,住宅大樓(11層含以上有電梯),4,三層/十四層,房地(土地+建物)+車位,土:1 建:1車:1,2房2廳2衛,350,有,有,住家用,
士林區中山北路五段６１８號十二樓之１,,115/04/13,6905,125.42,62.62,60.17%,住宅大樓(11層含以上有電梯),1,十二層/十四層,房地(土地+建物)+車位,土:2 建:1車:1,3房2廳2衛,320,有,有,住家用,
士林區葫蘆街４７巷６號,,115/04/13,335.5,29.82,11.25,100.00%,公寓(5樓含以下無電梯),50,"三層,陽臺/四層",房地(土地+建物),土:1 建:1車:0,3房2廳2衛,,無,無,住家用,親友、員工、共有人或其他特殊關係間之交易;
士林區中正路３３５巷３７號,,115/04/12,1558,70.07,22.23,100.00%,公寓(5樓含以下無電梯),54,三層/四層,房地(土地+建物),土:2 建:1車:0,4房2廳2衛,,無,無,住家用,其他增建;
士林區忠誠路一段１７１巷１２弄５號九樓,天母懷德A座,115/04/12,5800,92.9,62.43,76.31%,住宅大樓(11層含以上有電梯),16,九層/十二層,房地(土地+建物)+車位,土:2 建:2車:1,4房2廳2衛,,有,有,住家用,
士林區德行東路１９０巷３１弄１７號二樓,天母揚名大樓,115/04/12,3180,73.05,43.53,48.20%,華廈(10層含以下有電梯),17,二層/七層,房地(土地+建物)+車位,土:1 建:1車:1,3房2廳2衛,280,無,有,住家用,其他增建;
士林區天母北路２８巷３９號二樓之２、二樓之３,天母小西華,115/04/12,2000,92.5,21.62,51.43%,華廈(10層含以下有電梯),18,二層/九層,房地(土地+建物),土:1 建:1車:0,2房1廳2衛,,有,有,住家用,陽台外推;夾層;
士林區德行東路１０４巷９弄８號三樓,,115/04/12,2088,67.03,31.15,90.50%,公寓(5樓含以下無電梯),44,三層/五層,房地(土地+建物),土:5 建:1車:0,3房2廳2衛,,無,無,住家用,其他增建;
士林區雨農路７６號六樓,雨農山莊,115/04/11,4200,62.81,66.86,52.82%,住宅大樓(11層含以上有電梯),21,六層/十二層,房地(土地+建物)+車位,土:1 建:1車:1,3房2廳2衛,,有,有,住家用,車位需定期抽籤其他增建;
士林區忠誠路一段１７３巷１９號九樓,無相寓所,115/04/11,8400,82.36,124.74,55.36%,華廈(10層含以下有電梯),12,"九層,十層/十層",房地(土地+建物)+車位,土:1 建:1車:4,,940,有,有,住家用,陽台外推;其他增建;
士林區明溪街３５巷３號四樓,,115/04/11,1260,40.15,31.38,100.00%,公寓(5樓含以下無電梯),50,四層/四層,房地(土地+建物),土:1 建:1車:0,4房2廳2衛,,無,無,住家用,頂樓加蓋;
士林區永平街８０巷３１號三樓,,115/04/10,800,30.4,26.31,93.24%,公寓(5樓含以下無電梯),49,三層/三層,房地(土地+建物),土:2 建:1車:0,2房1廳1衛,,無,無,住家用,親友、員工、共有人或其他特殊關係間之交易;
士林區劍潭路７１號五樓之２,新都里,115/04/10,2455,99.03,24.79,65.10%,住宅大樓(11層含以上有電梯),19,五層/十四層,房地(土地+建物),土:1 建:1車:0,2房2廳1衛,,有,有,住家用,其他增建;
士林區天玉街１０４號二樓之１,天母羅丹,115/04/10,1168,90.19,12.95,62.35%,華廈(10層含以下有電梯),31,二層/八層,房地(土地+建物),土:1 建:1車:0,2房2廳1衛,,有,有,住家用,陽台外推;夾層;
士林區基河路３６６號五樓,宏泰陽明,115/04/10,2200,47.98,45.86,63.28%,華廈(10層含以下有電梯),29,五層/八層,房地(土地+建物)+車位,土:1 建:1車:1,3房2廳2衛,,有,有,住家用,親友、員工、共有人或其他特殊關係間之交易;
士林區中山北路五段８１１巷２２號二樓,,115/04/10,2428,78.81,30.81,94.47%,華廈(10層含以下有電梯),49,"二層,陽臺/七層",房地(土地+建物),土:2 建:1車:0,3房2廳2衛,,有,有,住家用,陽台外推;
士林區中山北路七段２１９巷１０之１號四樓,,115/04/09,3200,56.57,56.57,73.17%,華廈(10層含以下有電梯),41,"四層,五層/七層",房地(土地+建物),土:1 建:1車:0,4房2廳2衛,,無,有,住家用,陽台外推;
士林區忠誠路二段１５４巷２３弄１之２號,,115/04/09,2366,85.03,27.83,94.58%,公寓(5樓含以下無電梯),46,一層/五層,房地(土地+建物),土:1 建:1車:0,3房2廳2衛,,無,無,住家用,其他增建;
士林區延平北路六段２６號,,115/04/09,450,0,7.05,,透天厝,57,全/二層,房地(土地+建物),土:1 建:1車:0,2房1廳1衛,,無,無,住家用,親友、員工、共有人或其他特殊關係間之交易;其他增建;
士林區中正路２０１巷３６號二樓,,115/04/08,1300,90.3,14.4,100.00%,公寓(5樓含以下無電梯),61,二層/二層,房地(土地+建物),土:1 建:1車:0,2房1廳1衛,,無,無,住家用,頂樓加蓋;
士林區福志路２７號十一樓,,115/04/08,8368,131.16,80.23,56.79%,住宅大樓(11層含以上有電梯),1,十一層/十四層,房地(土地+建物)+車位,土:1 建:1車:2,3房2廳2衛,600,有,有,住家用,含裝潢費;
士林區中正路５０１號,霞關,115/04/07,3088,138.1,22.36,84.55%,住宅大樓(11層含以上有電梯),39,一層/十六層,房地(土地+建物),土:1 建:1車:0,1衛,,有,有,住商用,其他增建;
士林區重慶北路四段１６５之２號,士林金站,115/04/07,2670.4,88.66,30.12,60.25%,華廈(10層含以下有電梯),29,"一層,夾層/十層",房地(土地+建物)+車位,土:1 建:1車:1,1衛,,有,有,商業用,
士林區天母北路８７巷２弄１０號三樓,,115/04/06,3860,77.9,57.15,80.82%,華廈(10層含以下有電梯),42,三層/七層,房地(土地+建物)+車位,土:1 建:1車:1,3房2廳2衛,350,有,有,住家用,
士林區承德路四段１１６號三樓之６,,115/04/05,1043,80,13.04,83.48%,華廈(10層含以下有電梯),48,三層/七層,房地(土地+建物),土:1 建:1車:0,1房1廳1衛,,有,有,住家用,
士林區福港街１９巷３號四樓,大漢君址,115/04/05,2618,65.39,40.04,59.50%,華廈(10層含以下有電梯),20,四層/八層,房地(土地+建物)+車位,土:1 建:1車:2,1房1廳1衛,,有,有,住家用,
士林區中社路二段９１巷２號二樓,,115/04/05,980,31.23,31.38,100.00%,公寓(5樓含以下無電梯),50,二層/四層,房地(土地+建物),土:1 建:1車:0,4房2廳2衛,,無,無,住家用,陽台外推;
士林區中山北路七段８１巷３８之７號,天母富邦777,115/04/04,15000,110.66,155.98,44.72%,華廈(10層含以下有電梯),18,一層/五層,房地(土地+建物)+車位,土:1 建:1車:2,2衛,700,有,有,住家用,壹樓空地增建、公設增建做空地面積使用扣除車位之房地價為14300萬：其中土地價為11440萬、建物價為2860萬。車位之房地價為700萬：其中土地價為560萬建物價為140萬。其他增建;毛胚屋;
士林區福港街１６０巷１８號三樓,首里華廈,115/04/04,3520,77.85,55.76,57.56%,華廈(10層含以下有電梯),12,三層/七層,房地(土地+建物)+車位,土:2 建:1車:1,3房2廳2衛,280,有,有,住家用,陽台外推;
士林區環河北路三段１１１號六樓之１,天星花園,115/04/03,1750,77.49,25.92,67.39%,住宅大樓(11層含以上有電梯),22,六層/十三層,房地(土地+建物)+車位,土:2 建:2車:1,2房1廳1衛,200,有,有,住家用,其他增建;
士林區中山北路七段１１４巷３６弄１２號三樓,太平洋晴園,115/04/03,2388,58.29,40.97,80.70%,華廈(10層含以下有電梯),44,三層/七層,房地(土地+建物),土:4 建:1車:0,3房2廳2衛,,有,有,住家用,其他增建;
士林區承德路四段９５號三樓,藏峰,115/04/03,6750,83.41,91.2,63.85%,住宅大樓(11層含以上有電梯),24,三層/十四層,房地(土地+建物)+車位,土:2 建:1車:1,5房2廳2衛,300,有,有,住家用,陽台外推;其他增建;
士林區葫蘆街３０巷１５號四樓,,115/04/02,1210,50.29,24.06,65.75%,公寓(5樓含以下無電梯),54,四層/四層,房地(土地+建物),土:1 建:1車:0,3房2廳2衛,,無,無,住家用,另有頂樓加蓋，格局2房1聽1衛頂樓加蓋;
士林區福國路６９號,,115/04/02,283.5,70.89,4,100.00%,公寓(5樓含以下無電梯),52,四層/四層,房地(土地+建物),土:2 建:1車:0,2房2廳2衛,,無,無,住家用,親友、員工、共有人或其他特殊關係間之交易;
士林區幸福街５巷３２號五樓之１,官邸築翫,115/04/02,1530,78.16,23.37,54.77%,華廈(10層含以下有電梯),15,五層/八層,房地(土地+建物)+車位,土:1 建:1車:1,1房1廳1衛,200,有,有,住家用,夾層;
士林區志成街３２號地下,,115/04/02,900,54.54,16.5,100.00%,公寓(5樓含以下無電梯),44,地下層/五層,房地(土地+建物),土:1 建:1車:0,1廳1衛,,無,無,其他,親友、員工、共有人或其他特殊關係間之交易;
士林區天母東路４３巷４弄１０之１號四樓,冠德天相,115/03/31,5288,75.85,69.72,46.41%,華廈(10層含以下有電梯),24,四層/七層,房地(土地+建物)+車位,土:1 建:1車:2,4房2廳2衛,450,有,有,住家用,其他增建;
士林區華齡街３５巷１６號二樓,,115/03/30,800,29.64,27,83.76%,公寓(5樓含以下無電梯),48,二層/四層,房地(土地+建物),土:1 建:1車:0,2房2廳1衛,,無,無,住家用,親友、員工、共有人或其他特殊關係間之交易;
士林區中山北路六段２７７巷１８弄１４號五樓,,115/03/30,2150,52.97,40.59,54.12%,公寓(5樓含以下無電梯),46,五層/五層,房地(土地+建物),土:1 建:1車:0,4房2廳2衛,,無,無,住家用,陽台外推;頂樓加蓋;
士林區德行東路３３１巷５０弄５號五樓,,115/03/30,1620,53.67,30.19,87.10%,公寓(5樓含以下無電梯),47,五層/五層,房地(土地+建物),土:3 建:1車:0,3房3廳2衛,,無,無,住家用,其他增建：鐵窗增建其他增建;
士林區承德路四段２７７巷３６號八樓,時尚春風,115/03/29,2490,79.71,31.24,51.27%,華廈(10層含以下有電梯),19,八層/八層,房地(土地+建物)+車位,土:1 建:2車:1,2房1廳1衛,180,有,有,住家用,
士林區延平北路六段１１６巷４９弄４號四樓,,115/03/29,1540,39.94,38.55,83.73%,公寓(5樓含以下無電梯),37,四層/五層,房地(土地+建物),土:1 建:1車:0,3房2廳2衛,,無,無,住家用,其他增建;
士林區文昌路１６９巷２８號三樓,,115/03/29,1450,64,22.66,100.00%,公寓(5樓含以下無電梯),51,三層/四層,房地(土地+建物),土:1 建:1車:0,3房2廳1衛,,無,無,住家用,陽台外推;
士林區士東路２巷１７號八樓,秋鴻大廈,115/03/29,4428,79.68,55.58,48.78%,華廈(10層含以下有電梯),22,八層/十層,房地(土地+建物)+車位,土:1 建:1車:1,3房2廳2衛,300,有,有,住家用,陽台加窗。陽台外推;其他增建;
士林區中山北路七段５１巷１３號六樓,,115/03/28,2888,76.99,37.51,67.91%,華廈(10層含以下有電梯),42,六層/七層,房地(土地+建物),土:1 建:1車:0,3房2廳2衛,,有,有,住家用,陽台外推;其他增建;
士林區天玉街１０４號六樓之２,天母羅丹,115/03/28,3090,71.96,42.94,46.55%,華廈(10層含以下有電梯),31,六層/八層,房地(土地+建物)+車位,土:1 建:3車:1,3房2廳2衛,,有,有,住家用,陽台外推;其他增建;
士林區社子街１４６巷７弄７號,,115/03/27,750,0,6,,透天厝,57,全/二層,房地(土地+建物),土:7 建:1車:0,2廳2衛,,無,無,住家用,
士林區忠誠路二段４０巷１４弄１１號五樓,,115/03/27,2350,69.07,34.03,85.06%,公寓(5樓含以下無電梯),47,五層/五層,房地(土地+建物),土:1 建:1車:0,3房2廳2衛,,無,無,住家用,親友、員工、共有人或其他特殊關係間之交易;
士林區中正路６８９號,忠誠,115/03/27,1938.9,48.24,40.2,72.22%,住宅大樓(11層含以上有電梯),42,一層/十二層,房地(土地+建物),土:1 建:1車:0,3房1廳2衛,,有,有,住家用,其他增建;
士林區前港街１０２號五樓,,115/03/26,1868,54.19,34.47,86.28%,公寓(5樓含以下無電梯),41,五層/五層,房地(土地+建物),土:1 建:1車:0,3房2廳2衛,,無,無,住家用,陽台外推;其他增建;
士林區華齡街１８５巷１號三樓,國家園首領袖區,115/03/25,3668,81.02,45.28,50.98%,住宅大樓(11層含以上有電梯),18,三層/十五層,房地(土地+建物)+車位,土:1 建:1車:1,3房2廳2衛,160,有,有,住家用,
士林區中山北路七段８１巷１１號十樓,天母星鑽,115/03/25,6980,67.97,119.38,70.98%,住宅大樓(11層含以上有電梯),33,"十層,十一層/十九層",房地(土地+建物)+車位,土:1 建:1車:2,6房3廳4衛,500,有,有,住家用,其他增建;
士林區福港街１１０巷１弄３號三樓,,115/03/25,240,35.93,6.68,78.13%,公寓(5樓含以下無電梯),48,三層/四層,房地(土地+建物),土:1 建:1車:0,3房1廳1衛,,無,無,商業用,親友、員工、共有人或其他特殊關係間之交易;
士林區中山北路六段４０５巷８８號十一樓之２,,115/03/25,7200,90.65,79.42,46.19%,住宅大樓(11層含以上有電梯),2,十一層/十四層,房地(土地+建物)+車位,土:1 建:1車:2,3房1廳2衛,,有,有,住家用,
士林區華齡街５３號,,115/03/24,2975,102.29,29.09,93.14%,公寓(5樓含以下無電梯),46,一層/五層,房地(土地+建物),土:2 建:1車:0,1廳2衛,,無,無,住商用,其他增建;
士林區福港街１７２號四樓,,115/03/24,1860,65.65,28.33,72.76%,華廈(10層含以下有電梯),45,四層/七層,房地(土地+建物),土:1 建:1車:0,2房2廳1衛,,無,有,住家用,陽台外推;
士林區天母北路５６號十八樓之１,聯上天母,115/03/23,3200,124.83,34.97,59.83%,住宅大樓(11層含以上有電梯),6,十八層/二十四層,房地(土地+建物)+車位,土:1 建:1車:1,1房1廳1衛,300,有,有,住家用,
士林區天玉街３８巷１２號三樓之１,天母蘭桂坊,115/03/23,998,95,10.51,39.30%,住宅大樓(11層含以上有電梯),29,三層/十一層,房地(土地+建物)+車位,土:1 建:1車:1,1房1廳1衛,,有,有,住家用,
士林區德行東路２３３號六樓之２,雨聲華廈,115/03/22,1425,78.58,18.13,83.69%,華廈(10層含以下有電梯),48,六層/七層,房地(土地+建物),土:1 建:1車:0,2房2廳1衛,,有,有,住家用,
士林區承德路四段２７７巷８７號,,115/03/22,1250,73.06,17.11,100.00%,公寓(5樓含以下無電梯),59,一層/二層,房地(土地+建物),土:1 建:1車:0,2房2廳1衛,,無,無,住家用,
士林區天母西路３８巷７號八樓,天母自在,115/03/21,5500,115.06,50.07,52.77%,住宅大樓(11層含以上有電梯),8,八層/十一層,房地(土地+建物)+車位,土:1 建:1車:1,3房2廳2衛,320,有,有,住家用,陽台外推;其他增建;
士林區和豐街４號四樓,,115/03/21,190,40.71,4.67,100.00%,公寓(5樓含以下無電梯),56,四層/四層,房地(土地+建物),土:1 建:1車:0,3房1廳1衛,,無,無,住家用,親友、員工、共有人或其他特殊關係間之交易;
士林區通河東街一段１７１號十樓之１,親水岸,115/03/21,2130,65.17,32.69,51.65%,住宅大樓(11層含以上有電梯),19,十層/十二層,房地(土地+建物)+車位,土:1 建:1車:1,2房2廳1衛,,有,有,商業用,
士林區承德路四段３巷２１號三樓,,115/03/21,1200,56.82,21.12,94.90%,公寓(5樓含以下無電梯),58,三層/三層,房地(土地+建物),土:1 建:1車:0,3房2廳1衛,,無,無,住家用,內梯增建陽台外推;頂樓加蓋;其他增建;
士林區福德路３１巷１１號二樓之１０,小貴馥,115/03/20,1150,111.35,10.33,49.79%,華廈(10層含以下有電梯),14,二層/八層,房地(土地+建物),土:1 建:1車:0,1房2廳1衛,,有,有,住家用,陽台外推;夾層;其他增建;
士林區承德路四段８５號七樓,藏峰,115/03/19,6600,86.8,84.58,62.66%,住宅大樓(11層含以上有電梯),24,七層/十四層,房地(土地+建物)+車位,土:2 建:1車:1,4房2廳2衛,280,有,有,住家用,陽台外推;其他增建;
士林區福志路１０６號四樓,,115/03/19,1950,63.13,30.89,93.03%,公寓(5樓含以下無電梯),45,四層/五層,房地(土地+建物),土:1 建:1車:0,3房2廳2衛,,無,無,住家用,其他增建;
士林區中山北路七段１４巷５弄５號五樓,天母開發,115/03/18,1200,24.94,48.11,78.34%,華廈(10層含以下有電梯),40,五層/七層,房地(土地+建物),土:1 建:1車:0,3房2廳2衛,,有,有,住家用,特殊交易:公司清算資產
士林區菁山路４９之２號二樓,陽明帝景,115/03/18,4900,67.05,98.89,63.49%,華廈(10層含以下有電梯),17,二層/五層,房地(土地+建物)+車位,土:1 建:1車:3,2房2廳2衛,750,有,有,住家用,交易總價包含下列非屬不動產價格之費用：裝潢費、傢俱設備等費用含裝潢費;含傢俱設備費;親友、員工、共有人或其他特殊關係間之交易;
士林區中山北路五段７５０號八樓之１,,115/03/18,5200,92.19,66.86,59.30%,住宅大樓(11層含以上有電梯),2,八層/十八層,房地(土地+建物)+車位,土:1 建:1車:1,4房2廳2衛,320,有,有,住家用,
士林區至善路二段１巷３５號,,115/03/18,9800,0,15.42,,透天厝,62,全/--,房地(土地+建物),土:2 建:1車:0,,,無,無,住家用,
士林區中山北路五段６１８號十樓之２,,115/03/18,3700,109.17,41.36,63.07%,住宅大樓(11層含以上有電梯),1,十層/十四層,房地(土地+建物)+車位,土:2 建:1車:1,2房2廳2衛,290,有,有,住家用,親友、員工、共有人或其他特殊關係間之交易;
士林區天母西路１５號,僑福園,115/03/17,2100,120.48,17.43,73.46%,華廈(10層含以下有電梯),41,一層/七層,房地(土地+建物),土:1 建:1車:0,1廳1衛,,有,有,商業用,後陽台外推
士林區雨聲街１５巷１２號四樓,,115/03/17,1840,50.03,36.77,80.77%,公寓(5樓含以下無電梯),44,四層/五層,房地(土地+建物),土:1 建:1車:0,3房1廳2衛,,無,無,住家用,陽台外推;其他增建;
士林區大南路４０３號三樓,,115/03/16,1680,57.82,29.06,91.98%,公寓(5樓含以下無電梯),47,三層/五層,房地(土地+建物),土:4 建:1車:0,2房2廳1衛,,無,無,住家用,其他增建;
士林區重慶北路四段１巷２７弄７號,,115/03/16,1260,69.26,18.19,100.00%,公寓(5樓含以下無電梯),59,一層/二層,房地(土地+建物),土:2 建:1車:0,2房2廳1衛,,無,無,住家用,其他增建;
士林區中社路一段１１巷７２號,,115/03/16,1020,49.01,20.81,100.00%,公寓(5樓含以下無電梯),51,一層/四層,房地(土地+建物),土:1 建:1車:0,3房2廳1衛,,無,無,住家用,
士林區中正路６０１號九樓之１０,台北市百齡,115/03/16,760,67.19,11.31,74.38%,住宅大樓(11層含以上有電梯),46,九層/十二層,房地(土地+建物),土:2 建:1車:0,1房1廳1衛,,有,有,商業用,陽台外推;
士林區雨聲街５８巷３號四樓,,115/03/15,1300,68.34,19.02,49.08%,公寓(5樓含以下無電梯),33,四層/五層,房地(土地+建物),土:1 建:1車:0,1房1廳1衛,,無,無,住家用,露台加蓋。陽台外推;其他增建;
士林區中山北路七段１９０巷３２之３號,,115/03/15,1910,63.98,29.85,100.00%,公寓(5樓含以下無電梯),53,一層/三層,房地(土地+建物),土:2 建:1車:0,3房2廳1衛,,無,無,住家用,其他增建;
士林區忠誠路一段４１號六樓,士林御花園,115/03/15,4380,78.64,55.7,78.86%,華廈(10層含以下有電梯),41,六層/七層,房地(土地+建物)+車位,土:1 建:1車:1,4房2廳2衛,300,有,有,住家用,陽台外推;
士林區忠誠路一段１１３號四樓,天母鉅星,115/03/15,3350,90.22,37.13,79.41%,住宅大樓(11層含以上有電梯),36,四層/十二層,房地(土地+建物),土:1 建:1車:0,3房2廳2衛,,有,有,住家用,
士林區文林路７６０號十三樓,天母景得,115/03/15,5180,76.27,67.91,54.03%,住宅大樓(11層含以上有電梯),22,十三層/十三層,房地(土地+建物)+車位,土:2 建:1車:2,4房2廳2衛,300,有,有,住家用,親友、員工、共有人或其他特殊關係間之交易;陽台外推;
士林區基河路２２４號二樓,公教大樓,115/03/14,3400,63.91,53.2,51.79%,住宅大樓(11層含以上有電梯),31,二層/十二層,房地(土地+建物)+車位,土:1 建:1車:1,3房2廳2衛,250,有,有,住家用,陽台加窗。陽台外推;其他增建;
士林區忠誠路二段３號十一樓,新光仰賢華廈,115/03/14,5480,89.85,71.77,72.36%,住宅大樓(11層含以上有電梯),39,十一層/十四層,房地(土地+建物)+車位,土:3 建:1車:1,3房2廳2衛,300,有,有,住家用,陽台外推;
士林區華光街４２號,,115/03/13,1659,66.22,25.05,100.00%,公寓(5樓含以下無電梯),62,一層/二層,房地(土地+建物),土:1 建:1車:0,3房1廳2衛,,無,無,住家用,親友、員工、共有人或其他特殊關係間之交易;
士林區前港街５８巷１弄１０號二樓,,115/03/13,1100,33.97,32.38,87.17%,公寓(5樓含以下無電梯),46,二層/五層,房地(土地+建物),土:2 建:1車:0,3房1廳2衛,,無,無,住家用,親友、員工、共有人或其他特殊關係間之交易;
士林區中山北路七段２２３之１號六樓,,115/03/13,3563.7,42.6,83.66,63.29%,華廈(10層含以下有電梯),43,六層/七層,房地(土地+建物)+車位,土:3 建:1車:1,4房2廳4衛,,有,有,住家用,親友、員工、共有人或其他特殊關係間之交易;
士林區天母東路８巷２３號二樓之５,華琪,115/03/12,860,71.49,12.03,100.00%,華廈(10層含以下有電梯),50,"二層,陽臺/七層",房地(土地+建物),土:2 建:1車:0,1房1廳1衛,,有,有,住家用,陽台外推;
士林區雨聲街１５巷１０號四樓,,115/03/12,1818,49.94,36.4,80.77%,公寓(5樓含以下無電梯),44,四層/五層,房地(土地+建物),土:1 建:1車:0,1房2廳1衛,,無,無,住家用,其他增建;
士林區忠誠路一段１８８之１號七樓,蘭雅新城,115/03/12,3466,89.14,38.88,86.30%,華廈(10層含以下有電梯),32,七層/十層,房地(土地+建物),土:1 建:1車:0,3房2廳2衛,,有,有,住家用,
士林區天玉街１２１號二樓,家居雲門,115/03/12,7250,79.78,90.87,45.78%,華廈(10層含以下有電梯),18,二層/五層,房地(土地+建物)+車位,土:1 建:1車:2,3房2廳3衛,,有,有,住家用,親友、員工、共有人或其他特殊關係間之交易;
士林區福壽街４３號六樓,築禾韻,115/03/11,1930,100.72,21.95,52.03%,華廈(10層含以下有電梯),10,六層/七層,房地(土地+建物)+車位,土:2 建:1車:1,1房2廳2衛,200,有,有,住家用,陽台外推;夾層;其他增建;
士林區文林路１０２號二樓之１１,士林銀座,115/03/11,1533,95.91,15.98,71.37%,華廈(10層含以下有電梯),31,"二層,通道/六層",房地(土地+建物),土:1 建:1車:0,,,有,有,商業用,
士林區通河街３２３巷７１之４號,劍潭國宅D區,115/03/11,450,50.46,8.92,89.15%,公寓(5樓含以下無電梯),55,四層/五層,房地(土地+建物),土:1 建:1車:0,1房1廳1衛,,無,無,住家用,廚房浴室外推其他增建;
士林區重慶北路四段７９號四樓之６,台北市大興,115/03/11,1950,76.87,25.37,77.81%,華廈(10層含以下有電梯),47,四層/七層,房地(土地+建物),土:1 建:1車:0,3房2廳1衛,,有,有,住家用,陽台外推;其他增建;
士林區通河西街二段１３７號三樓,,115/03/10,1470,44.91,32.73,90.16%,公寓(5樓含以下無電梯),49,三層/四層,房地(土地+建物),土:1 建:1車:0,3房2廳2衛,,無,無,住家用,
士林區中山北路七段２１９巷８號五樓之１８、五樓之１９,富春居,115/03/10,1858,62.64,29.66,55.90%,華廈(10層含以下有電梯),37,五層/七層,房地(土地+建物),土:1 建:1車:0,1房2廳2衛,,有,有,住家用,其他增建：雨遮陽台外推;其他增建;
士林區德行東路１８８號二樓,,115/03/10,1400,68.72,20.37,92.65%,公寓(5樓含以下無電梯),49,二層/四層,房地(土地+建物),土:1 建:1車:0,2房2廳1衛,,無,無,住家用,親友、員工、共有人或其他特殊關係間之交易;陽台外推;
士林區中山北路五段７５５號十一樓,,115/03/10,5960,79.94,74.56,54.61%,住宅大樓(11層含以上有電梯),2,十一層/十七層,房地(土地+建物)+車位,土:1 建:1車:1,3房2廳2衛,,有,有,住家用,
士林區中正路３０５巷１６號一樓,,115/03/09,3288,75.65,43.46,63.86%,公寓(5樓含以下無電梯),45,一層/五層,房地(土地+建物),土:2 建:1車:0,3房2廳2衛,,無,無,住家用,其他增建;
士林區士東路８９巷１３號二樓之１,綠光新第,115/03/09,840,85.71,9.8,67.87%,華廈(10層含以下有電梯),32,二層/六層,房地(土地+建物),土:1 建:1車:0,1房1廳1衛,,有,有,住家用,
士林區中山北路七段１１４巷１號四樓之１,,115/03/09,3058,108.41,35.63,58.24%,華廈(10層含以下有電梯),2,四層/九層,房地(土地+建物)+車位,土:1 建:1車:1,2房2廳1衛,200,有,有,住家用,其他增建;
士林區中山北路五段７４６號十六樓,,115/03/08,6700,109.17,72.59,60.75%,住宅大樓(11層含以上有電梯),2,十六層/十八層,房地(土地+建物)+車位,土:1 建:1車:1,3房2廳2衛,300,有,有,住家用,
士林區忠誠路二段７６巷９號五樓,,115/03/08,2240,65,34.46,89.44%,公寓(5樓含以下無電梯),48,五層/五層,房地(土地+建物),土:1 建:1車:0,3房2廳2衛,,無,無,住家用,頂樓加蓋;
士林區大北路４７號四樓,,115/03/08,950,49.91,19.03,100.00%,公寓(5樓含以下無電梯),50,"四層,陽臺/四層",房地(土地+建物),土:1 建:1車:0,4房4衛,,無,無,住家用,
士林區格致路２０巷２９號二樓之７,仰德大廈,115/03/08,1045,42.97,24.32,58.67%,華廈(10層含以下有電梯),29,二層/十層,房地(土地+建物),土:2 建:3車:0,1房1廳1衛,,有,有,住家用,華岡三小段168、208地號2樓之7(主建號:30415)土地持分各為:108/10000成交價614萬華岡三小段168、208地號2樓之6(主建號:30414)土地持分各為:74/10000成交價431萬此件為兩戶打通陽台外推;
士林區德行東路１００號二樓,,115/03/07,1750,69.34,25.24,95.55%,公寓(5樓含以下無電梯),52,二層/四層,房地(土地+建物),土:1 建:1車:0,3房2廳1衛,,無,無,住家用,
士林區通河街３２３巷１３之３號,劍潭國宅D區,115/03/07,610,68.4,8.92,89.15%,公寓(5樓含以下無電梯),55,三層/五層,房地(土地+建物),土:1 建:1車:0,2房1廳1衛,,無,無,住家用,陽台外推;其他增建;
士林區德行東路１００號三樓,,115/03/07,1650,65.38,25.24,95.55%,公寓(5樓含以下無電梯),52,三層/四層,房地(土地+建物),土:1 建:1車:0,3房2廳1衛,,無,無,住家用,
士林區大東路１５之３４號二樓,,115/03/06,1070,64.46,16.6,100.00%,公寓(5樓含以下無電梯),57,二層/三層,房地(土地+建物),土:1 建:1車:0,3房3衛,,無,無,住商用,其他增建;
士林區雨農路２巷１３號,,115/03/06,1200,31.62,37.95,69.64%,公寓(5樓含以下無電梯),46,一層/四層,房地(土地+建物),土:4 建:1車:0,3房2廳2衛,,無,無,住家用,親友、員工、共有人或其他特殊關係間之交易;
士林區中庸一路１１之４號十二樓,登峰造極,115/03/05,3500,41.31,84.72,71.70%,住宅大樓(11層含以上有電梯),31,十二層/十四層,房地(土地+建物)+車位,土:1 建:1車:2,3房2廳2衛,,有,有,住家用,
士林區中山北路五段６１８號十一樓之１,僑駿 ONARI,115/03/04,5600,98,72.75,60.17%,住宅大樓(11層含以上有電梯),1,十一層/十四層,房地(土地+建物)+車位,土:2 建:1車:2,3房2廳2衛,455,有,有,住家用,親友、員工、共有人或其他特殊關係間之交易;
士林區文林路７６３號五樓之１２,寶殿大廈,115/03/04,1730,70.38,24.58,75.24%,住宅大樓(11層含以上有電梯),45,五層/十一層,房地(土地+建物),土:3 建:1車:0,2房2廳2衛,,有,有,住家用,陽台外推;
士林區劍潭路１６號十一樓之６,圓山凡登,115/03/04,2270,71.27,31.85,35.20%,住宅大樓(11層含以上有電梯),17,十一層/十四層,房地(土地+建物)+車位,土:2 建:1車:1,1房2廳1衛,300,有,有,住家用,車位編號47號
士林區中山北路五段７５７號六樓,,115/03/03,5420,89.5,68.67,54.86%,住宅大樓(11層含以上有電梯),2,六層/十七層,房地(土地+建物)+車位,土:1 建:1車:1,3房2廳2衛,330,有,有,住家用,
士林區重慶北路四段１巷１５弄４號,,115/03/03,2000,0,25.16,,透天厝,59,全/二層,房地(土地+建物),土:1 建:1車:0,4房3廳2衛,,無,無,住家用,頂樓加蓋;其他增建;
士林區忠誠路二段１５４巷２３弄３號五樓,,115/03/03,1900,43.06,44.13,81.49%,公寓(5樓含以下無電梯),46,五層/五層,房地(土地+建物),土:1 建:1車:0,4房1廳2衛,,無,無,住家用,親友、員工、共有人或其他特殊關係間之交易;
士林區大北路３４號四樓之１,,115/03/03,400,31.74,12.6,100.00%,公寓(5樓含以下無電梯),54,四層/四層,房地(土地+建物),土:1 建:1車:0,2房1廳1衛,,無,無,住家用,親友、員工、共有人或其他特殊關係間之交易;
士林區士東路５４巷２號四樓,,115/03/02,2000,44.22,45.23,83.00%,公寓(5樓含以下無電梯),41,四層/五層,房地(土地+建物),土:1 建:1車:0,4房2廳2衛,,無,無,住家用,親友、員工、共有人或其他特殊關係間之交易;
士林區忠誠路二段４０巷１６號,,115/03/02,340,31.28,10.87,86.14%,華廈(10層含以下有電梯),39,一層/六層,房地(土地+建物),土:2 建:1車:0,3房2廳2衛,,有,有,住家用,親友、員工、共有人或其他特殊關係間之交易;
士林區忠誠路二段４０巷１６號,,115/03/02,340,31.28,10.87,86.14%,華廈(10層含以下有電梯),39,一層/六層,房地(土地+建物),土:2 建:1車:0,3房2廳2衛,,有,有,住家用,親友、員工、共有人或其他特殊關係間之交易;
士林區通河街３２３巷７之２號,劍潭國宅D區,115/03/02,520,58.31,8.92,89.15%,公寓(5樓含以下無電梯),55,二層/五層,房地(土地+建物),土:1 建:1車:0,1房1廳1衛,,有,無,住家用,
士林區福林路２５１巷１１號六樓,仁鄰,115/03/01,2215,69.54,31.85,67.30%,華廈(10層含以下有電梯),41,六層/七層,房地(土地+建物),土:1 建:1車:0,3房2廳2衛,,有,有,住家用,
士林區德行東路１９８號四樓,涵芳庭,115/03/01,1950,45.7,42.67,80.05%,公寓(5樓含以下無電梯),40,四層/五層,房地(土地+建物),土:1 建:1車:0,3房2廳3衛,,無,無,住家用,其他增建;
士林區中山北路七段８２巷１０弄２２號四樓,,115/03/01,1770,57.43,30.82,88.53%,公寓(5樓含以下無電梯),47,四層/四層,房地(土地+建物),土:1 建:1車:0,3房2廳2衛,,無,無,住家用,內梯增建陽台外推;頂樓加蓋;其他增建;
士林區天母西路７９號四樓,齊賢,115/02/28,2788,64.01,43.56,87.94%,華廈(10層含以下有電梯),48,四層/七層,房地(土地+建物),土:2 建:1車:0,4房2廳2衛,,有,有,住家用,其他增建;
士林區中山北路七段１４巷６５弄６號四樓,羅馬儷園,115/02/27,2150,55.49,38.74,81.68%,公寓(5樓含以下無電梯),41,四層/五層,房地(土地+建物),土:1 建:1車:0,3房2廳2衛,,有,無,住家用,陽台外推;其他增建;
士林區永平街９巷２號五樓,,115/02/27,1745,38.74,45.04,80.27%,公寓(5樓含以下無電梯),38,五層/五層,房地(土地+建物),土:1 建:1車:0,3房2廳2衛,,無,無,住家用,頂樓加蓋;其他增建;
士林區中山北路六段４０５巷６９號六樓之３,鼎真麗澤,115/02/27,5700,80.28,71,60.23%,華廈(10層含以下有電梯),17,六層/九層,房地(土地+建物)+車位,土:1 建:1車:2,3房2廳2衛,,有,有,住家用,
士林區文林路７６３號六樓之１２,寶殿大廈,115/02/26,1600,65.09,24.58,75.24%,住宅大樓(11層含以上有電梯),45,六層/十一層,房地(土地+建物),土:3 建:1車:0,2房1廳1衛,,有,有,住家用,
士林區福港街１７６號六樓,,115/02/26,2600,64.08,40.57,72.43%,華廈(10層含以下有電梯),45,六層/七層,房地(土地+建物),土:1 建:1車:0,3房2廳2衛,,無,有,住家用,
士林區福港街１５８之１號四樓,,115/02/26,2300,64.59,35.61,86.62%,公寓(5樓含以下無電梯),43,四層/五層,房地(土地+建物),土:2 建:1車:0,3房2廳1衛,,無,無,住家用,親友、員工、共有人或其他特殊關係間之交易;
士林區華齡街２２巷２號四樓,,115/02/25,1380,63.37,21.78,100.00%,公寓(5樓含以下無電梯),53,四層/四層,房地(土地+建物),土:3 建:1車:0,4房1廳2衛,,無,無,住家用,頂樓加蓋;其他增建;
士林區劍潭路１６號三樓之６,圓山凡登,115/02/25,4188,97.49,52.01,55.94%,住宅大樓(11層含以上有電梯),17,三層/十四層,房地(土地+建物)+車位,土:2 建:2車:1,2房2廳2衛,280,有,有,住家用,
士林區承德路四段９１號十一樓,藏峰,115/02/24,6028,86.82,79.85,61.60%,住宅大樓(11層含以上有電梯),24,十一層/十四層,房地(土地+建物)+車位,土:2 建:1車:1,4房2廳2衛,300,有,有,住家用,陽台外推;其他增建;
士林區承德路四段２６１號四樓,,115/02/24,2780,79.76,34.85,74.96%,華廈(10層含以下有電梯),37,四層/十層,房地(土地+建物),土:2 建:1車:0,3房2廳2衛,,有,有,住家用,陽台增建其他增建;
士林區忠誠路二段１０巷４５號七樓,天母凱悅,115/02/24,754,14.8,50.95,83.81%,華廈(10層含以下有電梯),34,七層/七層,房地(土地+建物)+車位,土:1 建:1車:1,2房2廳1衛,,有,有,住家用,親友、員工、共有人或其他特殊關係間之交易;
士林區天母北路８７巷２弄２５號二樓,,115/02/23,1680,51.31,32.74,100.00%,公寓(5樓含以下無電梯),51,"二層,陽臺/四層",房地(土地+建物),土:2 建:1車:0,3房2廳2衛,,無,無,住家用,
士林區承德路四段８０巷５５之１號五樓,,115/02/19,2300,64.99,35.39,80.50%,公寓(5樓含以下無電梯),41,五層/五層,房地(土地+建物),土:1 建:1車:0,3房1廳3衛,,無,無,住家用,親友、員工、共有人或其他特殊關係間之交易;頂樓加蓋;
士林區福港街２６２巷２４號四樓,,115/02/13,1810,53.52,33.82,89.99%,公寓(5樓含以下無電梯),45,四層/五層,房地(土地+建物),土:1 建:1車:0,4房2廳2衛,,無,無,住家用,陽台外推;
士林區福林路２５４巷２號八樓,福林雙囍,115/02/13,4100,75.01,60.14,67.36%,住宅大樓(11層含以上有電梯),20,八層/十三層,房地(土地+建物)+車位,土:2 建:1車:1,3房2廳2衛,270,有,有,商業用,
士林區社正路７９號二樓,,115/02/13,1050,28.31,37.1,100.00%,公寓(5樓含以下無電梯),54,二層/四層,房地(土地+建物),土:2 建:1車:0,3房2廳1衛,,無,無,住家用,親友、員工、共有人或其他特殊關係間之交易;
士林區社中街２８７之１號二樓,,115/02/12,1230,42.07,29.24,83.42%,公寓(5樓含以下無電梯),45,二層/五層,房地(土地+建物),土:1 建:1車:0,3房1廳1衛,,無,無,住家用,
士林區菁山路９６號四樓,陽明山泉,115/02/12,1600,41.78,38.78,68.76%,住宅大樓(11層含以上有電梯),26,"四層,五層/十一層",房地(土地+建物)+車位,土:1 建:1車:1,3房2廳2衛,240,有,有,住家用,其他增建;
士林區士商路１２號二樓之１,,115/02/11,2592,65.21,39.13,44.11%,華廈(10層含以下有電梯),18,二層/七層,房地(土地+建物)+車位,土:2 建:3車:1,3房1衛,200,無,有,住家用,其他增建;
士林區士商路１２號二樓,,115/02/11,1528,80.63,18.91,50.85%,華廈(10層含以下有電梯),18,二層/七層,房地(土地+建物)+車位,土:2 建:2車:1,1廳1衛,200,有,有,住家用,其他增建;
士林區中山北路五段７５０號十六樓,,115/02/11,6300,120.2,63.85,59.69%,住宅大樓(11層含以上有電梯),1,十六層/十八層,房地(土地+建物)+車位,土:1 建:1車:1,2廳2衛,300,有,有,住家用,
士林區承德路四段１１６號三樓之２,,115/02/11,1260,70.22,17.94,68.32%,華廈(10層含以下有電梯),48,三層/七層,房地(土地+建物),土:1 建:1車:0,1房1廳1衛,,有,有,住家用,
士林區雨聲街５７號三樓,,115/02/10,2950,68.86,42.84,80.31%,華廈(10層含以下有電梯),39,三層/七層,房地(土地+建物),土:1 建:1車:0,4房2廳2衛,,無,有,住家用,其他增建;
士林區天玉街５６巷２號二樓,天母國堡,115/02/10,250,57.96,4.31,100.00%,公寓(5樓含以下無電梯),51,"二層,陽台/四層",房地(土地+建物),土:3 建:1車:0,4房2廳2衛,,有,無,住家用,親友、員工、共有人或其他特殊關係間之交易;其他增建;
士林區德行西路９３巷６弄９號二樓,,115/02/10,2270,65.12,34.86,90.37%,公寓(5樓含以下無電梯),47,二層/五層,房地(土地+建物),土:1 建:1車:0,3房2廳2衛,,無,無,住家用,
士林區重慶北路四段１０８號十四樓之１,日健闊,115/02/10,5178,91.5,56.59,63.07%,住宅大樓(11層含以上有電梯),2,十四層/十六層,房地(土地+建物),土:1 建:1車:0,4房2廳2衛,,有,有,住家用,
士林區仰德大道三段５巷２３號,,115/02/09,19300,0,203.18,,透天厝,51,全/三層,房地(土地+建物),土:2 建:1車:0,10房2廳12衛,,有,有,住家用,親友、員工、共有人或其他特殊關係間之交易;
士林區天母東路６９巷１１之１號六樓,僑資華廈,115/02/09,3388,68.83,49.22,71.69%,華廈(10層含以下有電梯),48,六層/八層,房地(土地+建物),土:4 建:1車:0,3房2廳2衛,,有,有,住家用,陽台外推;其他增建;
士林區基河路４０號十二樓之１,北美館,115/02/09,2550,95.36,27.17,65.71%,住宅大樓(11層含以上有電梯),27,十二層/十三層,房地(土地+建物)+車位,土:2 建:1車:1,2房2廳1衛,230,有,有,住家用,其他增建;
士林區仰德大道三段１２５巷５弄１１之５號四樓,,115/02/09,1780,42.66,41.73,75.93%,公寓(5樓含以下無電梯),47,四層/四層,房地(土地+建物),土:1 建:1車:0,5房3廳3衛,,有,無,住家用,陽台外推;頂樓加蓋;其他增建;
士林區中正路４３５巷１５號四樓,,115/02/08,1380,64.31,21.46,95.60%,公寓(5樓含以下無電梯),48,四層/四層,房地(土地+建物),土:2 建:1車:0,2房2廳1衛,,無,無,住家用,
士林區天母北路５６號七樓,聯上天母,115/02/08,6888,90.06,86,53.28%,住宅大樓(11層含以上有電梯),6,七層/二十四層,房地(土地+建物)+車位,土:1 建:1車:1,4房2廳3衛,200,有,有,住家用,
士林區至誠路二段７６號十樓,雙溪麗園,115/02/07,3530,81.48,51.49,71.96%,住宅大樓(11層含以上有電梯),34,十層/十一層,房地(土地+建物)+車位,土:1 建:1車:1,3房2廳2衛,300,有,有,住家用,陽台外推;其他增建;
士林區美德街５３之１號二樓,,115/02/07,2200,79.37,27.72,100.00%,公寓(5樓含以下無電梯),49,"二層,陽台/四層",房地(土地+建物),土:1 建:1車:0,2房2廳1衛,,無,無,住家用,其他增建;
士林區中庸一路１１之３號十四樓,登峰造極,115/02/07,2868,32.78,87.48,55.33%,住宅大樓(11層含以上有電梯),31,十四層/十四層,房地(土地+建物)+車位,土:2 建:1車:2,1房2廳2衛,500,有,有,住家用,陽台外推;其他增建;
士林區天母東路８巷２７號六樓之６,天母華琪大廈忠孝座,115/02/07,2138,74.12,28.84,96.07%,華廈(10層含以下有電梯),49,六層/七層,房地(土地+建物),土:2 建:1車:0,2房2廳1衛,,無,有,住家用,
士林區雨農路７２號十一樓,雨農山莊,115/02/07,4050,61.77,65.57,52.72%,住宅大樓(11層含以上有電梯),21,十一層/十二層,房地(土地+建物)+車位,土:1 建:1車:1,4房2廳2衛,,有,有,住家用,社區抽籤車位
士東路２８０之１號,天母光點,115/02/06,868,59.31,14.63,34.28%,華廈(10層含以下有電梯),17,一層/七層,房地(土地+建物)+車位,土:1 建:3車:2,,,有,無,商業用,
士林區前街１１５巷１號二樓,,115/02/05,1125,67.08,16.77,100.00%,公寓(5樓含以下無電梯),57,二層/三層,房地(土地+建物),土:1 建:1車:0,1房2廳1衛,,無,無,住家用,其他增建：平台外推。其他增建;
士林區前街１１５巷３號二樓,,115/02/05,1125,67.08,16.77,100.00%,公寓(5樓含以下無電梯),57,二層/三層,房地(土地+建物),土:1 建:1車:0,3房1廳1衛,,無,無,住家用,其他增建：平台外推。其他增建;
士林區中山北路七段１１４巷３３弄２之２號五樓,,115/02/05,4000,59.56,67.16,80.87%,華廈(10層含以下有電梯),38,五層/六層,房地(土地+建物)+車位,土:3 建:1車:1,3房2廳2衛,250,有,有,住家用,
士林區文林路２６９號,,115/02/05,750,44.92,16.7,100.00%,公寓(5樓含以下無電梯),54,二層/三層,房地(土地+建物),土:1 建:1車:0,2房1廳1衛,,無,無,住家用,親友、員工、共有人或其他特殊關係間之交易;瑕疵物件;
士林區中山北路五段８２９巷４５號七樓,,115/02/04,9000,91.62,110.07,58.20%,住宅大樓(11層含以上有電梯),17,七層/十二層,房地(土地+建物)+車位,土:1 建:2車:4,4房2廳3衛,"1,000",有,有,住家用,其他增建;
士林區德行東路１０９巷１２３號,天母翡翠雙星,115/02/04,2300,64.39,35.72,72.39%,華廈(10層含以下有電梯),41,一層/七層,房地(土地+建物),土:1 建:1車:0,2房2廳2衛,,有,有,住家用,親友、員工、共有人或其他特殊關係間之交易;
士林區天玉街４０號七樓之１,天畝40,115/02/04,4258,93.18,55.51,68.73%,華廈(10層含以下有電梯),29,七層/九層,房地(土地+建物)+車位,土:1 建:1車:1,4房2廳2衛,250,有,有,住家用,陽台外推;
士林區中山北路五段６１８號十一樓,,115/02/04,5500,97.61,64.07,59.92%,住宅大樓(11層含以上有電梯),1,十一層/十四層,房地(土地+建物)+車位,土:2 建:1車:1,3房2廳2衛,234,有,有,住家用,親友、員工、共有人或其他特殊關係間之交易;
士林區葫蘆街３０巷３５弄１３號,,115/02/04,1286,0,14.82,,透天厝,57,全/一層,房地(土地+建物),土:1 建:1車:0,4房3廳3衛,,無,無,住家用,其他增建;
士林區劍潭路７８號二樓,,115/02/03,2050,64.32,31.87,100.00%,公寓(5樓含以下無電梯),55,二層/四層,房地(土地+建物),土:1 建:1車:0,5房2廳2衛,,無,無,住家用,其他增建;
士林區芝玉路一段１９７巷３號五樓,,115/02/03,2750,64.64,42.54,88.13%,公寓(5樓含以下無電梯),41,五層/五層,房地(土地+建物),土:1 建:1車:0,3房2廳1衛,,無,無,住家用,頂樓加蓋;
士林區德行東路３９號,,115/02/03,2890,105.65,27.36,81.96%,華廈(10層含以下有電梯),42,一層/七層,房地(土地+建物),土:1 建:1車:0,,,有,有,商業用,
士林區文林路４６６號,,115/02/03,21000,149.71,140.27,100.00%,公寓(5樓含以下無電梯),57,"一層,騎樓/三層",房地(土地+建物),土:1 建:3車:0,,,無,無,住商用,
士林區延平北路五段１８３巷８號三樓,,115/02/03,600,29.61,20.26,100.00%,公寓(5樓含以下無電梯),54,三層/三層,房地(土地+建物),土:1 建:1車:0,2房1廳1衛,,無,無,住家用,親友、員工、共有人或其他特殊關係間之交易;
士林區天玉街２７巷２３號二樓,,115/02/02,5435,108.35,60.66,63.22%,住宅大樓(11層含以上有電梯),1,二層/十四層,房地(土地+建物)+車位,土:1 建:1車:1,3房2廳2衛,300,有,有,住家用,
士林區中正路２１３巷７４號,,115/02/02,1500,0,27.59,,透天厝,65,全/二層,房地(土地+建物),土:2 建:1車:0,3房3廳3衛,,無,無,住家用,親友、員工、共有人或其他特殊關係間之交易;
士林區福德路６２巷１號,,115/02/01,3200,0,44.8,,透天厝,65,全/二層,房地(土地+建物),土:1 建:1車:0,3房3廳3衛,,無,無,住家用,
士林區通河東街一段１０８號四樓,,115/02/01,1688,51.64,32.69,78.25%,公寓(5樓含以下無電梯),42,四層/五層,房地(土地+建物),土:1 建:1車:0,4房2廳2衛,,無,無,住家用,陽台外推;其他增建;
士林區中山北路七段１１４巷４１弄１９號五樓之３,龍吟山莊,115/02/01,2560,44.06,58.1,92.33%,華廈(10層含以下有電梯),44,五層/七層,房地(土地+建物)+車位,土:3 建:1車:1,4房2廳2衛,,有,有,住家用,陽台外推;
士林區延平北路六段１７０號,,115/01/31,1980,89.81,22.05,100.00%,公寓(5樓含以下無電梯),54,"一層,騎樓/四層",房地(土地+建物),土:1 建:1車:0,1房2廳1衛,,無,無,住家用,其他增建;
士林區中山北路五段７５３號十二樓,,115/01/31,6300,89.04,78.62,55.81%,住宅大樓(11層含以上有電梯),2,十二層/十七層,房地(土地+建物)+車位,土:1 建:1車:1,3房2廳2衛,350,有,有,住家用,
士林區士東路９１巷４５號二樓,,115/01/31,2700,59.62,45.29,81.99%,公寓(5樓含以下無電梯),42,二層/五層,房地(土地+建物),土:2 建:1車:0,3房2廳2衛,,無,無,住家用,陽台外推;其他增建;
士林區前港街７４號五樓,,115/01/30,1400,40.71,34.39,87.14%,公寓(5樓含以下無電梯),45,五層/五層,房地(土地+建物),土:1 建:1車:0,3房1廳2衛,,無,無,住家用,親友、員工、共有人或其他特殊關係間之交易;頂樓加蓋;
士林區士東路２２６之１號,,115/01/30,2500,57.67,43.35,63.60%,華廈(10層含以下有電梯),35,一層/五層,房地(土地+建物)+車位,土:1 建:1車:1,2房2廳2衛,,無,有,住家用,平台外移、前庭空地增建、防火巷增建、前後院鐵鋁窗增建、鐵皮增建其他增建;
士林區福港街１０７巷５號三樓,,115/01/29,1830,59.31,30.86,100.00%,公寓(5樓含以下無電梯),50,"三層,陽台/四層",房地(土地+建物),土:1 建:1車:0,3房2廳1衛,,無,無,住家用,其他增建;
士林區中山北路六段７５４巷１２之１號四樓,,115/01/29,6350,86.26,82.5,68.04%,住宅大樓(11層含以上有電梯),25,"四層,五層/十二層",房地(土地+建物)+車位,土:1 建:1車:1,5房2廳2衛,300,有,有,住家用,其他增建;
士林區天母東路９１巷９號,天母融園一和,115/01/29,750,20.05,37.4,81.54%,公寓(5樓含以下無電梯),44,一層/五層,房地(土地+建物),土:1 建:1車:0,3房2廳2衛,,無,無,住家用,父子間交易親友、員工、共有人或其他特殊關係間之交易;
士林區大南路３２５號八樓之１４,新天地,115/01/29,2300,76.04,30.25,56.86%,住宅大樓(11層含以上有電梯),18,八層/十四層,房地(土地+建物),土:1 建:1車:0,2房1廳1衛,,有,有,商業用,
士林區中山北路七段１４１巷１７之２號七樓,,115/01/28,670,22.37,29.94,57.14%,華廈(10層含以下有電梯),45,七層/七層,房地(土地+建物),土:1 建:1車:0,2房2廳2衛,,有,有,住家用,親友、員工、共有人或其他特殊關係間之交易;未登記建物;
士林區中正路６２２號二樓,,115/01/28,1700,55.64,30.55,79.74%,公寓(5樓含以下無電梯),38,二層/五層,房地(土地+建物),土:1 建:1車:0,3房2廳2衛,,無,無,住家用,陽台外推;其他增建;
士林區天母東路１０５巷１９之２號四樓,,115/01/27,1700,46.1,36.88,81.36%,公寓(5樓含以下無電梯),40,四層/五層,房地(土地+建物),土:3 建:1車:0,3房2廳2衛,,無,無,住家用,其他增建;
士林區中山北路七段８１巷２３弄７號二樓之３,天母大廈,115/01/27,5538,66.53,83.24,82.14%,華廈(10層含以下有電梯),48,二層/七層,房地(土地+建物)+車位,土:1 建:1車:1,5房2廳3衛,350,有,有,住家用,陽台外推;
士林區大南路５４號,,115/01/27,4600,0,44.16,,透天厝,,全/二層,房地(土地+建物),土:1 建:1車:0,6房2廳3衛,,無,無,住家用,含增建或未登記建物。親友、員工或其他特殊關係間之交易。頂樓加蓋;
士林區通河東街一段２２號,,115/01/27,1399,53.7,26.05,92.13%,公寓(5樓含以下無電梯),43,一層/五層,房地(土地+建物),土:3 建:1車:0,3房1廳1衛,,無,無,住家用,
士林區延平北路五段１３６巷３３號三樓,,115/01/27,1235,54.19,22.79,100.00%,公寓(5樓含以下無電梯),53,三層/四層,房地(土地+建物),土:1 建:1車:0,1房2廳1衛,,無,無,住家用,鐵鋁窗增建、沿一樓空地增建做室內使用其他增建;
士林區天母東路７５號五樓,,115/01/26,4340,81.3,61.66,79.61%,華廈(10層含以下有電梯),41,五層/七層,房地(土地+建物)+車位,土:1 建:1車:1,4房2廳2衛,350,有,有,住家用,陽台加窗。其他增建;
士林區天母東路１０５巷９弄１０號六樓,天母桓琚,115/01/25,4250,93.7,47.19,58.35%,住宅大樓(11層含以上有電梯),2,六層/十二層,房地(土地+建物)+車位,土:1 建:1車:1,3房2廳2衛,200,有,有,住家用,
士林區士東路８９巷２２弄９號,,115/01/25,3100,103.21,30.04,84.27%,公寓(5樓含以下無電梯),47,一層/五層,房地(土地+建物),土:1 建:1車:0,3房2廳1衛,,無,無,住家用,其他增建;
士林區華齡街４２號三樓,,115/01/25,1690,56.87,29.72,95.07%,公寓(5樓含以下無電梯),52,三層/四層,房地(土地+建物),土:1 建:1車:0,3房2廳1衛,,無,無,住家用,陽台外推;其他增建;
士林區福華路１６４巷１２號四樓,,115/01/25,2260,78.17,28.91,100.00%,公寓(5樓含以下無電梯),52,四層/四層,房地(土地+建物),土:1 建:1車:0,5房5衛,,無,無,住家用,其他增建;
士林區中山北路七段１９０巷１２弄９號六樓,瑞盧,115/01/25,3580,52.66,67.98,75.81%,華廈(10層含以下有電梯),41,六層/八層,房地(土地+建物)+車位,土:1 建:1車:1,2房2廳1衛,,有,有,住家用,鐵鋁窗增建其他增建;
士林區德行西路３６號九樓之２,萬象之都,115/01/24,1443,117.12,12.32,52.52%,住宅大樓(11層含以上有電梯),18,九層/十三層,房地(土地+建物),土:3 建:1車:0,1廳1衛,,有,有,商業用,其他增建;
士林區德行西路１２５號五樓,,115/01/24,2400,70.66,33.96,92.96%,公寓(5樓含以下無電梯),47,五層/五層,房地(土地+建物),土:1 建:1車:0,6房6衛,,無,無,住家用,陽台外推;頂樓加蓋;
士林區重慶北路四段２２２號二樓之８,士科京璽,115/01/24,1830,75.15,24.35,56.21%,住宅大樓(11層含以上有電梯),9,二層/十四層,房地(土地+建物),土:2 建:1車:0,1房2廳1衛,,有,有,住家用,
士林區德行西路５０號九樓之１０,萬象之都,115/01/24,1535,110.6,13.88,52.92%,住宅大樓(11層含以上有電梯),18,九層/十三層,房地(土地+建物),土:3 建:1車:0,1房1廳1衛,,有,有,商業用,陽台外推;夾層;
士林區士東路８９巷１３號四樓,綠光新第,115/01/24,1200,56.92,21.08,31.38%,華廈(10層含以下有電梯),31,四層/六層,房地(土地+建物)+車位,土:1 建:1車:1,1房1廳1衛,,有,有,住家用,花台增建陽台外推;其他增建;
士林區天母東路８１巷３１號,,115/01/23,2220,57.12,38.87,61.19%,公寓(5樓含以下無電梯),42,一層/五層,房地(土地+建物),土:4 建:1車:0,3房2廳2衛,,無,無,其他,
士林區忠誠路二段４０巷１６號,,115/01/23,340,31.28,10.87,86.14%,華廈(10層含以下有電梯),39,一層/六層,房地(土地+建物),土:2 建:1車:0,3房2廳2衛,,有,有,住家用,親友、員工、共有人或其他特殊關係間之交易;
士林區中山北路五段６８５號六樓之１,永勝大樓,115/01/22,4480,64.81,69.13,62.72%,住宅大樓(11層含以上有電梯),40,六層/十二層,房地(土地+建物)+車位,土:3 建:1車:1,,300,有,有,商業用,建物格局：無隔間、2衛。陽台外推;含租約;
士林區中正路３９９巷１號,,115/01/22,6400,0,53.13,,透天厝,59,全/二層,房地(土地+建物),土:1 建:1車:0,4房3廳2衛,,無,無,住家用,頂樓加蓋;其他增建;
士林區至善路二段３３２巷６之１號,,115/01/22,563,0,16.52,,透天厝,55,全/二層,房地(土地+建物),土:2 建:1車:0,3房2廳1衛,,無,無,住家用,本建物為持分買賣親友、員工、共有人或其他特殊關係間之交易;頂樓加蓋;其他增建;未登記建物;
士林區忠義街３４號三樓,,115/01/21,2425,62.72,38.66,86.97%,公寓(5樓含以下無電梯),42,三層/五層,房地(土地+建物),土:1 建:1車:0,3房2廳2衛,,無,無,住家用,鐵窗增建其他增建;
士林區天母西路５０巷１３號八樓,溪雅圖,115/01/21,9000,111.97,102.83,64.92%,住宅大樓(11層含以上有電梯),18,八層/十三層,房地(土地+建物)+車位,土:1 建:1車:2,4房2廳2衛,700,有,有,住家用,
士林區社子街２２巷６５弄５號,,115/01/20,470,25.12,18.71,100.00%,公寓(5樓含以下無電梯),54,一層/三層,房地(土地+建物),土:1 建:1車:0,3房1廳1衛,,無,無,住家用,親友、員工、共有人或其他特殊關係間之交易;
士林區中社路一段６１巷２２號二樓,,115/01/20,1255,39.99,31.38,100.00%,公寓(5樓含以下無電梯),50,二層/四層,房地(土地+建物),土:1 建:1車:0,2房2廳2衛,,無,無,住家用,
士林區小北街９號五樓,,115/01/20,250,56.72,4.41,83.46%,公寓(5樓含以下無電梯),43,五層/五層,房地(土地+建物),土:1 建:1車:0,2房1廳1衛,,無,無,住家用,親友、員工、共有人或其他特殊關係間之交易;
士林區德行西路８１號二樓,,115/01/20,2240,69.94,32.03,93.48%,公寓(5樓含以下無電梯),47,二層/五層,房地(土地+建物),土:4 建:1車:0,3房1廳2衛,,無,無,住家用,親友、員工、共有人或其他特殊關係間之交易;
士林區延平北路八段９６巷２２號,,115/01/19,680,28.3,24.03,89.68%,公寓(5樓含以下無電梯),58,一層/四層,房地(土地+建物),土:1 建:1車:0,,,無,無,住家用,
士林區中山北路五段７４６號三樓之３,全陽豐會,115/01/19,4020,113.96,40.06,59.67%,住宅大樓(11層含以上有電梯),1,三層/十八層,房地(土地+建物)+車位,土:1 建:1車:1,3房2廳2衛,250,有,有,住家用,
士林區中山北路六段４２５號四樓,瑞都,115/01/19,2620,57.33,45.7,73.52%,華廈(10層含以下有電梯),45,四層/七層,房地(土地+建物),土:2 建:1車:0,3房2廳2衛,,有,有,住家用,陽台外推;
士林區延平北路六段１５０巷４號四樓,,115/01/19,1488,41.94,35.48,81.87%,公寓(5樓含以下無電梯),41,四層/五層,房地(土地+建物),土:1 建:1車:0,3房2廳2衛,,無,無,住家用,其他增建;
士林區天母北路５９號三樓,敦親園,115/01/18,2660,70.18,37.9,76.42%,華廈(10層含以下有電梯),39,三層/七層,房地(土地+建物),土:2 建:1車:0,3房2廳2衛,,有,有,住家用,
士林區重慶北路四段３９號四樓,,115/01/18,1188,59.9,19.83,100.00%,公寓(5樓含以下無電梯),52,四層/四層,房地(土地+建物),土:1 建:1車:0,1廳1衛,,無,無,住家用,其他增建;
士林區中山北路六段４１９巷１號六樓,,115/01/18,3258,90.54,35.98,82.91%,華廈(10層含以下有電梯),40,六層/七層,房地(土地+建物),土:1 建:1車:0,3房2廳2衛,,無,有,住家用,陽台外推;其他增建;
士林區中山北路五段８１１巷３１弄６號三樓,,115/01/18,2500,63.11,39.62,87.84%,公寓(5樓含以下無電梯),48,三層/四層,房地(土地+建物),土:1 建:1車:0,4房2廳2衛,,無,無,住家用,陽台外推;其他增建;
士林區幸福街５巷３２號七樓之１,官邸築翫,115/01/18,3500,84.55,45.38,53.75%,華廈(10層含以下有電梯),15,七層/八層,房地(土地+建物)+車位,土:1 建:1車:1,2房2廳2衛,200,有,有,住家用,陽台外推;夾層;
士林區大南路３２５號二樓,新天地,115/01/17,1022,68.94,14.83,58.50%,住宅大樓(11層含以上有電梯),18,二層/十四層,房地(土地+建物),土:1 建:1車:0,1房1廳1衛,,有,有,商業用,其他增建;
士林區承德路四段５７之１號十二樓,圓山金城,115/01/17,450,36.13,12.45,57.35%,住宅大樓(11層含以上有電梯),29,十二層/十六層,房地(土地+建物),土:1 建:1車:0,3房2廳2衛,,有,有,住家用,親友、員工、共有人或其他特殊關係間之交易;
士林區芝玉路一段４２號,,115/01/16,3300,0,30.67,,透天厝,59,全/二層,房地(土地+建物),土:2 建:1車:0,5房2廳3衛,,無,無,住家用,頂樓加蓋;其他增建;
士林區中正路２１２巷１弄１號二樓,,115/01/16,1042,64,16.28,82.59%,公寓(5樓含以下無電梯),46,二層/五層,房地(土地+建物),土:1 建:1車:0,3房2廳2衛,,無,無,住家用,親友、員工、共有人或其他特殊關係間之交易;
士林區延平北路五段２８５巷２９號,,115/01/15,572,40.34,14.18,100.00%,公寓(5樓含以下無電梯),61,"一層,騎樓/二層",房地(土地+建物),土:2 建:1車:0,2房1廳1衛,,無,無,住家用,親友、員工、共有人或其他特殊關係間之交易;
士林區中山北路六段４０５巷４５弄１０號,高蒂大廈,115/01/15,4070,122,40.82,64.27%,住宅大樓(11層含以上有電梯),1,一層/十四層,房地(土地+建物)+車位,土:1 建:1車:1,,305,有,有,住家用,含裝潢費;含傢俱設備費;
士林區德行西路１１１巷１５號四樓,,115/01/15,4500,89.98,50.01,50.15%,華廈(10層含以下有電梯),17,四層/七層,房地(土地+建物)+車位,土:1 建:1車:1,2房2廳2衛,,有,有,住家用,
士林區福港街２４４巷１８弄２號一樓,,115/01/15,900,35.52,25.34,83.20%,公寓(5樓含以下無電梯),47,一層/四層,房地(土地+建物),土:1 建:1車:0,3房1廳1衛,,無,無,住家用,親友、員工、共有人或其他特殊關係間之交易;
士林區士商路４０巷１０號,麒麟門,115/01/15,980.3,63.03,15.55,81.02%,公寓(5樓含以下無電梯),47,一層/四層,房地(土地+建物),土:2 建:1車:0,,,無,無,住家用,親友、員工、共有人或其他特殊關係間之交易;
士林區承德路四段１０巷１９號,,115/01/15,1300,0,29.95,,透天厝,,全/三層,房地(土地+建物),土:1 建:1車:0,3房2廳2衛,,無,無,,
士林區士東路２巷２３號三樓,秋鴻大廈,115/01/15,4300,78.57,54.73,46.68%,華廈(10層含以下有電梯),22,三層/十層,房地(土地+建物)+車位,土:1 建:1車:1,3房2廳2衛,,有,有,住家用,雨遮增建其他增建;
士林區士東路８９巷１６弄４號三樓,敦安,115/01/14,2118,72.5,29.21,89.91%,公寓(5樓含以下無電梯),41,三層/五層,房地(土地+建物),土:1 建:1車:0,3房2廳2衛,,無,無,住家用,其他增建;
士林區華齡街２０號四樓,,115/01/14,2020,69.2,29.19,100.00%,公寓(5樓含以下無電梯),53,四層/四層,房地(土地+建物),土:4 建:1車:0,3房2廳2衛,,無,無,住家用,陽台外推;頂樓加蓋;
士林區中山北路七段８２巷１０弄２０號四樓,,115/01/13,1750,59.21,29.55,91.88%,公寓(5樓含以下無電梯),47,四層/四層,房地(土地+建物),土:1 建:1車:0,3房1廳2衛,,無,無,住家用,
士林區劍潭路１６號十二樓之５,圓山凡登,115/01/13,2159,68.44,31.54,35.54%,住宅大樓(11層含以上有電梯),17,十二層/十四層,房地(土地+建物)+車位,土:2 建:1車:1,1房1廳1衛,300,有,有,住家用,
士林區忠義街１２９號二樓,,115/01/13,1000,49.27,20.29,96.69%,公寓(5樓含以下無電梯),49,二層/五層,房地(土地+建物),土:1 建:1車:0,3房2廳1衛,,無,無,住家用,陽台外推;
士林區德行東路１９０巷３１弄１７號五樓,天母揚名大樓,115/01/13,3238,76.27,42.46,43.18%,華廈(10層含以下有電梯),17,五層/七層,房地(土地+建物)+車位,土:1 建:1車:1,3房2廳1衛,,無,有,住家用,雨遮增建陽台外推;其他增建;
士林區中山北路六段４０５巷４０號三樓,,115/01/12,2100,70.47,29.8,90.12%,公寓(5樓含以下無電梯),47,三層/五層,房地(土地+建物),土:1 建:1車:0,3房2廳2衛,,無,無,住家用,陽台外推;其他增建;
士林區後港街１８號二樓,,115/01/11,1700,67.49,25.19,100.00%,公寓(5樓含以下無電梯),49,"二層,陽台/五層",房地(土地+建物),土:2 建:1車:0,2房1廳1衛,,無,無,住家用,其他增建;
士林區菁山路５５之２號四樓,陽明帝景,115/01/11,2920,46.36,77.94,62.59%,華廈(10層含以下有電梯),17,四層/五層,房地(土地+建物)+車位,土:1 建:1車:2,3房2廳2衛,450,有,有,住家用,
士林區德行東路３５８巷８弄１號,,115/01/11,3600,55.72,64.61,92.32%,公寓(5樓含以下無電梯),38,"一層,二層,三層/五層",房地(土地+建物),土:1 建:1車:0,6房3廳3衛,,有,無,住家用,陽台外推;其他增建;
士林區中山北路七段２２６之１號六樓,望族山莊,115/01/10,4760,69.97,68.03,78.87%,華廈(10層含以下有電梯),38,六層/七層,房地(土地+建物)+車位,土:1 建:1車:1,4房2廳2衛,300,有,有,住家用,陽台外推;其他增建;
士林區中山北路七段２１３之１號三樓,天母中銀山莊,115/01/10,2650,49.99,53.01,78.67%,華廈(10層含以下有電梯),41,三層/七層,房地(土地+建物)+車位,土:1 建:1車:1,3房2廳2衛,250,有,有,住家用,陽台外推;
士林區天母西路３８巷３號,天西華廈,115/01/10,4600,57.47,80.04,78.83%,華廈(10層含以下有電梯),44,一層/七層,房地(土地+建物),土:1 建:2車:0,,,無,有,商業用,其他增建;
士林區福港街２５９巷３弄１號,,115/01/10,1660,67.56,24.57,100.00%,公寓(5樓含以下無電梯),49,"一層,平台/四層",房地(土地+建物),土:1 建:1車:0,3房2廳1衛,,無,無,住家用,其他增建;
士林區天母東路６９巷１１之５號七樓,僑資華廈,115/01/10,3750,72.73,51.56,78.82%,華廈(10層含以下有電梯),48,七層/八層,房地(土地+建物),土:4 建:1車:0,4房2廳2衛,,有,有,住家用,陽台外推;
士林區福林路２５５巷１６號,,115/01/10,3700,0,38.16,,透天厝,54,全/二層,房地(土地+建物),土:1 建:1車:0,5房2廳3衛,,無,無,住家用,
士林區德行西路５０號十一樓之１１,萬象之都,115/01/10,1660,110.84,14.98,53.73%,住宅大樓(11層含以上有電梯),18,十一層/十三層,房地(土地+建物),土:3 建:1車:0,1房1衛,,有,有,商業用,陽台外推;
士林區忠誠路二段２１巷４５弄６號,,115/01/10,3860,44.98,85.82,46.53%,公寓(5樓含以下無電梯),42,一層/五層,房地(土地+建物),土:1 建:1車:0,7房5廳2衛,,無,無,住家用,平台外移、空地加蓋、平台加蓋其他增建;
士林區德行東路２１９巷１６號四樓,,115/01/10,1950,61.26,31.83,88.27%,公寓(5樓含以下無電梯),46,四層/五層,房地(土地+建物),土:2 建:1車:0,3房2廳2衛,,無,無,住家用,陽台外推;
士林區社中街２８７號二樓,,115/01/09,575,21.05,27.31,80.99%,公寓(5樓含以下無電梯),45,二層/五層,房地(土地+建物),土:1 建:1車:0,2房1廳1衛,,無,無,住家用,親友、員工、共有人或其他特殊關係間之交易;
士林區後港街３１號,圓山諾貝爾,115/01/09,1690,108.78,15.54,81.56%,住宅大樓(11層含以上有電梯),41,一層/十二層,房地(土地+建物),土:1 建:1車:0,1衛,,有,有,商業用,
士林區通河東街一段２３號,,115/01/08,1670,64.05,26.07,92.25%,公寓(5樓含以下無電梯),43,一層/五層,房地(土地+建物),土:3 建:1車:0,4房2廳1衛,,無,無,住家用,其他增建;
士林區至誠路二段６０巷１５號,,115/01/08,750,44.26,16.95,89.16%,公寓(5樓含以下無電梯),47,一層/四層,房地(土地+建物),土:1 建:1車:0,3房2廳2衛,,無,無,住家用,防火巷親友、員工、共有人或其他特殊關係間之交易;其他增建;
士林區美崙街６２巷２號五樓,,115/01/08,1583.8,36.07,43.9,86.63%,公寓(5樓含以下無電梯),46,五層/五層,房地(土地+建物),土:6 建:1車:0,3房2廳2衛,,無,無,住家用,親友、員工、共有人或其他特殊關係間之交易;
士林區文林路１０２號二樓之１０,士林銀座,115/01/07,548,86.18,6.36,66.75%,華廈(10層含以下有電梯),31,"二層,通道/六層",房地(土地+建物),土:1 建:1車:0,,,有,有,商業用,含租約;
士林區大南路３３９號,士林新天地,115/01/06,3880,72.5,58.04,64.48%,住宅大樓(11層含以上有電梯),18,一層/十五層,房地(土地+建物)+車位,土:1 建:1車:1,4房2廳3衛,280,有,有,商業用,夾層;其他增建;
士林區承德路四段２７７巷５８號二樓,,115/01/05,2350,74.88,31.38,86.41%,公寓(5樓含以下無電梯),45,二層/五層,房地(土地+建物),土:2 建:1車:0,3房2廳2衛,,無,無,住家用,其他增建;
士林區葫蘆街５２號地下一層,,115/01/05,550,18.9,29.09,100.00%,公寓(5樓含以下無電梯),45,地下層/五層,房地(土地+建物),土:1 建:1車:0,,,無,無,辦公用,
士林區天玉街３６之１號,,115/01/05,4150,118.03,35.16,72.99%,華廈(10層含以下有電梯),43,一層/七層,房地(土地+建物),土:1 建:1車:0,1房1廳1衛,,有,有,住商用,
士林區芝玉路一段２２２號十三樓之２,遠雄天母,115/01/05,1400,23.37,59.92,56.67%,住宅大樓(11層含以上有電梯),17,十三層/十八層,房地(土地+建物)+車位,土:1 建:1車:2,3房2廳2衛,,有,有,住家用,親友、員工、共有人或其他特殊關係間之交易;
士林區雨農路９０號十一樓,雨農山莊,115/01/02,556,32.39,17.17,52.00%,住宅大樓(11層含以上有電梯),21,十一層/十二層,房地(土地+建物)+車位,土:1 建:1車:1,3房2廳2衛,,有,有,住家用,親友、員工、共有人或其他特殊關係間之交易;
士林區重慶北路四段２６８號,,115/01/02,2430,84.61,28.72,100.00%,公寓(5樓含以下無電梯),52,"一層,騎樓/四層",房地(土地+建物),土:1 建:1車:0,1房2廳1衛,,無,無,住家用,其他增建;
士林區後港街１８９號五樓,典藏大樓,115/01/02,4388,43.67,100.48,47.48%,華廈(10層含以下有電梯),11,五層/七層,房地(土地+建物)+車位,土:1 建:1車:2,7房7衛,,有,有,商業用,其他增建;
士林區中山北路六段４２７巷６弄１２號五樓,,115/01/01,2400,59.64,40.24,88.90%,公寓(5樓含以下無電梯),49,五層/五層,房地(土地+建物),土:1 建:1車:0,3房2廳2衛,,無,無,住家用,陽台外推;頂樓加蓋;
士林區劍潭路２３號,,115/01/01,976,21.33,45.76,79.94%,公寓(5樓含以下無電梯),42,一層/五層,房地(土地+建物),土:2 建:1車:0,4房2廳2衛,,無,無,商業用,親友、員工、共有人或其他特殊關係間之交易;其他增建;
士林區克強路１５巷９之１號三樓,,114/12/31,2800,55.4,50.54,83.81%,公寓(5樓含以下無電梯),46,三層/五層,房地(土地+建物),土:2 建:1車:0,5房2廳2衛,,無,無,住家用,陽台外推;
士林區社正路１７巷２號二樓之１,幸福一町目,114/12/31,1400,48.09,29.11,34.15%,華廈(10層含以下有電梯),10,二層/九層,房地(土地+建物)+車位,土:1 建:1車:1,1房1廳1衛,250,有,有,住家用,
士林區文昌路８９號等,,114/12/31,405000,67.8,5973.43,55.15%,華廈(10層含以下有電梯),1,二層/九層,房地(土地+建物)+車位,土:1 建:15車:93,,,有,有,商業用,親友、員工、共有人或其他特殊關係間之交易;
士林區小北街９號五樓,,114/12/31,250,56.72,4.41,83.46%,公寓(5樓含以下無電梯),43,五層/五層,房地(土地+建物),土:1 建:1車:0,2房1廳1衛,,無,無,住家用,親友、員工、共有人或其他特殊關係間之交易;
士林區通河東街一段１１２號二樓,,114/12/31,976,37.37,26.12,88.42%,公寓(5樓含以下無電梯),48,二層/四層,房地(土地+建物),土:1 建:1車:0,3房2廳1衛,,無,無,住家用,親友、員工、共有人或其他特殊關係間之交易;
士林區德行東路４６巷８弄１２號五樓,,114/12/31,1850,45.77,40.42,76.83%,公寓(5樓含以下無電梯),45,五層/五層,房地(土地+建物),土:9 建:1車:0,3房1廳2衛,,無,無,住家用,親友、員工、共有人或其他特殊關係間之交易;(包含)公共設施保留地(用地);
士林區菁山路４９之３號二樓,陽明帝景,114/12/30,3300,50.09,74.22,63.49%,華廈(10層含以下有電梯),17,二層/五層,房地(土地+建物)+車位,土:1 建:1車:1,,200,有,有,住家用,
士林區中正路４９７號九樓,霞關,114/12/30,3120,72.14,43.25,73.65%,住宅大樓(11層含以上有電梯),39,九層/十六層,房地(土地+建物),土:1 建:1車:0,3房2廳2衛,,有,有,住家用,其他增建;
士林區忠誠路一段５２號六樓,天母后冠,114/12/30,6088,82.49,73.81,64.89%,住宅大樓(11層含以上有電梯),26,六層/十四層,房地(土地+建物)+車位,土:1 建:1車:1,3房2廳2衛,,有,有,住家用,
士林區福港街３７巷７號三樓,,114/12/30,812,49.09,16.54,100.00%,公寓(5樓含以下無電梯),54,三層/四層,房地(土地+建物),土:1 建:1車:0,3房2廳2衛,,無,無,住家用,親友、員工、共有人或其他特殊關係間之交易;
士林區福港街２８６號三樓,,114/12/30,770,25.58,30.1,85.52%,公寓(5樓含以下無電梯),40,三層/五層,房地(土地+建物),土:1 建:1車:0,3房2廳2衛,,無,無,住家用,親友、員工、共有人或其他特殊關係間之交易;
士林區承德路四段３００號九樓,圓山福第,114/12/30,2520,62.17,40.53,75.19%,住宅大樓(11層含以上有電梯),37,九層/十二層,房地(土地+建物),土:1 建:1車:0,3房2廳2衛,,有,有,住家用,其他增建:鐵鋁窗其他增建;
士林區士東路２００巷３１弄２號二樓,,114/12/29,5120,62.8,81.52,50.92%,華廈(10層含以下有電梯),17,二層/五層,房地(土地+建物)+車位,土:1 建:1車:1,,,無,有,住家用,陽台外推;其他增建;
士林區中山北路七段８１巷１６弄１６號四樓,天母上苑,114/12/29,4948,94.84,60.75,60.67%,住宅大樓(11層含以上有電梯),1,四層/十二層,房地(土地+建物)+車位,土:1 建:1車:1,3房2廳2衛,300,有,有,住家用,
士林區中山北路六段４１９巷１８號三樓,,114/12/29,5680,75.82,78.11,61.53%,華廈(10層含以下有電梯),24,三層/七層,房地(土地+建物)+車位,土:1 建:1車:1,4房2廳2衛,400,無,有,住家用,陽台外推;其他增建;
士林區延平北路六段２２８號,豐澤,114/12/28,1428,75.93,18.81,15.26%,華廈(10層含以下有電梯),4,一層/七層,房地(土地+建物)+車位,土:1 建:2車:1,,,有,有,商業用,
士林區後港街２８巷８號五樓,,114/12/28,2500,68.96,36.25,64.34%,華廈(10層含以下有電梯),42,五層/七層,房地(土地+建物),土:1 建:1車:0,3房2廳2衛,,有,有,住家用,陽台外推;其他增建;
士林區承德路四段２７７巷７４號,,114/12/27,1000,58.51,17.09,81.82%,公寓(5樓含以下無電梯),42,一層/五層,房地(土地+建物),土:1 建:1車:0,3房2廳1衛,,無,無,住家用,親友、員工、共有人或其他特殊關係間之交易;
士林區中山北路六段２７７巷１０號四樓,,114/12/27,1655,71.75,23.07,86.89%,公寓(5樓含以下無電梯),46,四層/五層,房地(土地+建物),土:1 建:1車:0,3房2廳1衛,,無,無,住家用,
士林區天母西路４１巷４號三樓,,114/12/27,2600,58.91,44.13,86.09%,公寓(5樓含以下無電梯),45,三層/五層,房地(土地+建物),土:1 建:1車:0,4房2廳2衛,,無,無,住家用,陽台外推;
士林區劍潭路５５巷１０號七樓,,114/12/27,2750,70.72,38.88,74.61%,華廈(10層含以下有電梯),40,七層/七層,房地(土地+建物),土:1 建:1車:0,4房3廳3衛,,有,有,住家用,其他增建;
士林區文林路７６５號八樓之１０,寶殿大廈,114/12/26,2630,68,38.68,73.41%,住宅大樓(11層含以上有電梯),45,八層/十一層,房地(土地+建物),土:3 建:1車:0,3房2廳2衛,,有,有,住家用,陽台外推;
士林區天玉街２７巷２５號七樓,璞園天玉,114/12/26,4718,106.87,54.6,63.39%,住宅大樓(11層含以上有電梯),1,七層/十四層,房地(土地+建物)+車位,土:1 建:1車:1,3房2廳2衛,300,有,有,住家用,
士林區中山北路七段１１４巷６１弄１號六樓,,114/12/26,2565,58.16,44.1,65.27%,華廈(10層含以下有電梯),45,六層/七層,房地(土地+建物),土:1 建:1車:0,4房2廳2衛,,有,有,住家用,親友、員工、共有人或其他特殊關係間之交易;陽台外推;
士林區中山北路六段４５０巷１２號三樓之１,,114/12/26,1030,76.48,13.47,65.05%,華廈(10層含以下有電梯),33,三層/五層,房地(土地+建物),土:1 建:1車:0,1房1廳1衛,,有,有,住家用,
士林區幸福街５巷１４號,,114/12/26,4200,0,25.13,,透天厝,61,全/二層,房地(土地+建物),土:3 建:1車:0,4廳2衛,,無,無,住家用,壹樓空地增建、三樓增建三樓增建格局：0房1廳1衛其他增建;
士林區延平北路五段１６３巷３３號,,114/12/26,700,55.8,12.54,100.00%,公寓(5樓含以下無電梯),57,一層/三層,房地(土地+建物),土:2 建:1車:0,2房2廳1衛,,無,無,住家用,親友、員工、共有人或其他特殊關係間之交易;
士林區福港街２５９巷１號,,114/12/24,1650,94.99,17.37,100.00%,公寓(5樓含以下無電梯),52,一層/四層,房地(土地+建物),土:2 建:1車:0,4房1廳1衛,,無,無,住家用,夾層;其他增建;
士林區德行東路１０９巷９２號五樓,,114/12/24,1650,27.57,59.84,82.80%,華廈(10層含以下有電梯),42,五層/七層,房地(土地+建物),土:1 建:1車:0,4房2廳2衛,,有,有,住家用,親友、員工、共有人或其他特殊關係間之交易;
士林區福壽街５６號二樓,日日居,114/12/24,1930,78.62,24.55,52.48%,華廈(10層含以下有電梯),11,二層/七層,房地(土地+建物),土:1 建:1車:0,2房1廳1衛,,有,有,住家用,夾層;
士林區承德路四段４０巷２號三樓之１０,劍潭整宅B區,114/12/24,500,45.95,10.88,91.10%,公寓(5樓含以下無電梯),55,二層/五層,房地(土地+建物),土:1 建:1車:0,1房1廳1衛,,無,無,住家用,親友、員工、共有人或其他特殊關係間之交易;
士林區中正路３４９巷４號三樓,,114/12/23,2410,79.58,30.28,85.58%,公寓(5樓含以下無電梯),45,三層/五層,房地(土地+建物),土:1 建:1車:0,3房2廳2衛,,無,無,住家用,陽台加窗。其他增建;
士林區德行東路３５８巷１４弄１０號四樓,,114/12/23,125,40.47,3.09,80.41%,公寓(5樓含以下無電梯),38,"四層,五層,夾層/五層",房地(土地+建物)+車位,土:1 建:1車:1,3房2廳3衛,,有,無,住家用,親友、員工、共有人或其他特殊關係間之交易;陽台外推;
士林區倫等街３６巷８號二樓,,114/12/23,458,43.57,10.51,100.00%,公寓(5樓含以下無電梯),52,二層/三層,房地(土地+建物),土:1 建:1車:0,3房2廳1衛,,無,無,住家用,親友、員工、共有人或其他特殊關係間之交易;
士林區中山北路六段２７０號四樓之２,,114/12/23,1868,61.75,30.25,100.00%,公寓(5樓含以下無電梯),54,四層/四層,房地(土地+建物),土:1 建:1車:0,3房2廳1衛,,無,無,住家用,
士林區中山北路七段６３巷９號二樓,天母國堡,114/12/23,6350,101.82,73.23,66.48%,住宅大樓(11層含以上有電梯),19,二層/十二層,房地(土地+建物)+車位,土:1 建:1車:3,4房2廳2衛,750,有,有,住家用,陽台外推;其他增建;
士林區至善路二段９０號三樓之５,川普至善Villa,114/12/23,1300,49.58,26.22,56.49%,華廈(10層含以下有電梯),10,三層/五層,房地(土地+建物)+車位,土:1 建:1車:1,2房2廳1衛,,有,有,住家用,產權一半出售親友、員工、共有人或其他特殊關係間之交易;
士林區雙溪街１０４號八樓之１,天母雅宴,114/12/22,1688,96.68,17.46,69.53%,華廈(10層含以下有電梯),34,八層/九層,房地(土地+建物),土:1 建:1車:0,2房1廳1衛,,有,有,住家用,陽台外推;
士林區中山北路七段２１９巷８號七樓之１６、８號七樓之１７,富春居,114/12/22,2258,68.39,33.01,65.00%,華廈(10層含以下有電梯),36,七層/七層,房地(土地+建物),土:1 建:1車:0,2房2廳1衛,,有,有,住家用,
士林區天母東路６９巷２９號五樓,陽明曼陀林,114/12/22,4150,75.4,55.04,87.04%,華廈(10層含以下有電梯),39,五層/七層,房地(土地+建物)+車位,土:1 建:1車:1,3房2廳2衛,,有,有,住家用,其他增建;
士林區小西街５８之１號四樓,,114/12/22,730,32.99,22.13,100.00%,公寓(5樓含以下無電梯),53,四層/四層,房地(土地+建物),土:1 建:1車:0,4房3衛,,無,無,住家用,親友、員工、共有人或其他特殊關係間之交易;含租約;
士林區中山北路七段１４巷２９之６號四樓,幸福華廈,114/12/21,2130,66.13,32.21,70.15%,華廈(10層含以下有電梯),47,四層/七層,房地(土地+建物),土:1 建:1車:0,3房2廳2衛,,有,有,住家用,含其他增建:陽台加窗陽台外推;其他增建;
士林區忠誠路二段１８號十一樓,仰德華廈,114/12/21,3777,90.16,41.89,76.17%,住宅大樓(11層含以上有電梯),43,十一層/十四層,房地(土地+建物),土:1 建:1車:0,3房2廳2衛,,有,有,住家用,陽台外推;
士林區格致路２０巷２９號七樓之３,仰德大廈,114/12/20,528,44.07,11.98,53.95%,華廈(10層含以下有電梯),29,七層/十層,房地(土地+建物),土:2 建:1車:0,1房1廳1衛,,有,有,住家用,
士林區通河街１３９號五樓之２,光智華廈,114/12/20,1528,76.66,19.93,67.73%,華廈(10層含以下有電梯),43,五層/七層,房地(土地+建物),土:1 建:2車:0,1廳1衛,,有,有,住家用,陽台外推;其他增建;
士林區德行東路１９４號三樓,涵芳庭,114/12/20,2600,64.14,40.54,81.76%,公寓(5樓含以下無電梯),40,三層/五層,房地(土地+建物),土:1 建:1車:0,4房2廳2衛,,有,無,住家用,其他增建;
士林區美崙街８６巷２號五樓,,114/12/20,3050,64.6,47.22,75.55%,華廈(10層含以下有電梯),41,五層/七層,房地(土地+建物),土:1 建:1車:0,4房2廳2衛,,無,有,住家用,陽台外推;其他增建;
士林區中山北路五段７５３號三樓,天母仰格,114/12/20,5600,71.16,78.69,55.86%,住宅大樓(11層含以上有電梯),2,三層/十七層,房地(土地+建物)+車位,土:1 建:1車:1,3房2廳2衛,,有,有,住家用,親友、員工、共有人或其他特殊關係間之交易;
士林區通河東街二段２４之１號四樓,,114/12/20,1828,50.88,35.93,91.92%,公寓(5樓含以下無電梯),48,四層/四層,房地(土地+建物),土:1 建:1車:0,3房2廳2衛,,有,無,住家用,陽台外推;頂樓加蓋;其他增建;
士林區延平北路五段２３１巷２３號三樓,,114/12/20,1330,59.97,22.18,100.00%,公寓(5樓含以下無電梯),54,三層/四層,房地(土地+建物),土:1 建:1車:0,3房2廳2衛,,無,無,住家用,其他增建;
士林區至誠路二段３９號二樓,,114/12/20,2500,65.19,41.35,86.21%,公寓(5樓含以下無電梯),43,二層/五層,房地(土地+建物)+車位,土:1 建:1車:1,3房2廳2衛,300,無,無,住家用,其他增建;
士林區忠誠路一段１７１巷１２弄１２號十樓,,114/12/20,4900,93.97,52.14,53.29%,住宅大樓(11層含以上有電梯),16,十層/十二層,房地(土地+建物)+車位,土:1 建:2車:1,3房2廳2衛,,有,有,住家用,
士林區幸福街１８巷８號,,114/12/19,2936,0,21.01,,透天厝,61,全/二層,房地(土地+建物),土:1 建:1車:0,2房2廳2衛,,無,無,住家用,頂樓加蓋;其他增建;
士林區天母北路５６號六樓之３,聯上天母,114/12/19,1200,71.36,16.82,44.81%,住宅大樓(11層含以上有電梯),5,六層/二十四層,房地(土地+建物)+車位,土:1 建:1車:1,4房2廳2衛,,有,有,住家用,親友、員工、共有人或其他特殊關係間之交易;
士林區延平北路五段１３６巷３５號三樓,,114/12/19,1050,49.94,21.02,100.00%,公寓(5樓含以下無電梯),53,三層/四層,房地(土地+建物),土:1 建:1車:0,2房1廳1衛,,無,無,住家用,
士林區福華路１５７巷７號三樓,,114/12/18,1706,85.61,19.93,100.00%,公寓(5樓含以下無電梯),53,三層/四層,房地(土地+建物),土:1 建:1車:0,2房2廳1衛,,無,無,住家用,其他增建;
士林區通河東街一段１３０巷１６號一樓,,114/12/18,2680,79.56,33.69,82.33%,公寓(5樓含以下無電梯),46,一層/五層,房地(土地+建物),土:1 建:1車:0,4房2廳1衛,,無,無,住商用,其他增建;
士林區福國路１００號十四樓之７,雙子星,114/12/18,250,56.96,4.39,80.29%,住宅大樓(11層含以上有電梯),47,十四層/十四層,房地(土地+建物),土:1 建:1車:0,3房2廳2衛,,無,有,住家用,親友、員工、共有人或其他特殊關係間之交易;
士林區中山北路七段８１巷１６弄１１之３號五樓,,114/12/18,1700,73.2,23.22,79.21%,公寓(5樓含以下無電梯),46,五層/五層,房地(土地+建物),土:1 建:1車:0,1房1廳1衛,,有,無,住家用,陽台外推;頂樓加蓋;
士林區天母北路２８巷３９號六樓之５,天母小西華,114/12/17,1370,80.56,17.01,51.45%,華廈(10層含以下有電梯),18,六層/九層,房地(土地+建物)+車位,土:1 建:1車:1,1房1廳1衛,,有,有,住家用,陽台外推;夾層;
士林區中山北路六段４４１巷３０號十五樓之３,御上天母,114/12/17,6688,139.74,64.09,56.74%,住宅大樓(11層含以上有電梯),2,十五層/十七層,房地(土地+建物)+車位,土:1 建:1車:2,,700,有,有,住家用,毛胚屋;
士林區中山北路七段８１巷１６弄１１號五樓,,114/12/17,960,40.84,23.51,80.11%,華廈(10層含以下有電梯),46,五層/五層,房地(土地+建物),土:1 建:1車:0,2房1廳1衛,,無,有,住家用,親友、員工、共有人或其他特殊關係間之交易;陽台外推;頂樓加蓋;
士林區承德路四段４０巷７２號,劍潭整宅B區,114/12/17,500,48.44,10.32,96.04%,公寓(5樓含以下無電梯),55,地下層/五層,房地(土地+建物),土:1 建:1車:0,3房1廳1衛,,無,無,住家用,
士林區承德路四段２巷１７號十樓,,114/12/16,4200,103.39,49.98,60.27%,華廈(10層含以下有電梯),1,十層/十層,房地(土地+建物)+車位,土:1 建:1車:1,,310,有,有,住家用,
士林區承德路四段２巷１７號六樓,,114/12/16,4000,97.94,49.98,60.27%,華廈(10層含以下有電梯),1,六層/十層,房地(土地+建物)+車位,土:1 建:1車:1,3房2廳2衛,315,有,有,住家用,
士林區忠義街９９號二樓,,114/12/16,2008,66.42,30.23,89.38%,公寓(5樓含以下無電梯),40,二層/五層,房地(土地+建物),土:1 建:1車:0,3房2廳2衛,,無,無,住家用,
士林區通河東街一段１２４巷２４號四樓,,114/12/15,680,23.46,28.99,82.01%,公寓(5樓含以下無電梯),45,四層/五層,房地(土地+建物),土:1 建:1車:0,3房2廳1衛,,無,無,住家用,親友、員工、共有人或其他特殊關係間之交易;
士林區延平北路六段１３１號,,114/12/14,1950,123.04,15.85,78.70%,公寓(5樓含以下無電梯),42,一層/五層,房地(土地+建物),土:1 建:1車:0,1廳1衛,,無,無,商業用,其他增建;
士林區天母東路７７之６號六樓,,114/12/14,2750,79.99,34.38,74.11%,華廈(10層含以下有電梯),41,六層/七層,房地(土地+建物),土:1 建:1車:0,3房2廳2衛,,有,有,住家用,
士林區中正路５８６巷１６號,,114/12/14,1350,62.47,21.61,100.00%,公寓(5樓含以下無電梯),58,"一層,騎樓/二層",房地(土地+建物),土:1 建:1車:0,2房2廳1衛,,無,無,住家用,
士林區光華路２６巷７號六樓之１,豪宮大廈,114/12/13,420,41.51,10.12,81.61%,華廈(10層含以下有電梯),47,六層/七層,房地(土地+建物),土:2 建:1車:0,3房3衛,,有,有,住家用,其他增建;
士林區承德路四段８０巷１８號,,114/12/12,2450,73,33.56,77.58%,公寓(5樓含以下無電梯),47,一層/五層,房地(土地+建物),土:2 建:1車:0,3房2廳2衛,,無,無,其他,其他增建：壹樓空地增建、平台外移。其他增建;
士林區忠誠路一段１６巷２２弄１２號七樓之１,,114/12/12,6388,95.3,67.03,54.18%,華廈(10層含以下有電梯),17,七層/七層,房地(土地+建物)+車位,土:1 建:1車:1,3房2廳2衛,,有,有,住家用,
士林區重慶北路四段２０６號十三樓,吉美悅河,114/12/12,5400,66.26,94.98,57.01%,住宅大樓(11層含以上有電梯),12,十三層/十五層,房地(土地+建物)+車位,土:1 建:1車:2,4房2廳3衛,500,有,有,住家用,
士林區中山北路六段４３號四樓,國揚天母,114/12/12,7800,105.88,95.71,55.74%,住宅大樓(11層含以上有電梯),14,四層/十三層,房地(土地+建物)+車位,土:1 建:1車:3,3房2廳2衛,900,有,有,住家用,機電房變室內空間約一坪左右其他增建;
士林區福華路２之１號七樓,隨河,114/12/11,3520,94.88,45.9,58.61%,華廈(10層含以下有電梯),7,七層/九層,房地(土地+建物)+車位,土:1 建:1車:1,3房2廳2衛,250,有,有,住家用,
士林區華齡街１７巷８號,,114/12/11,1750,60.64,28.86,100.00%,公寓(5樓含以下無電梯),55,一層/四層,房地(土地+建物),土:1 建:1車:0,3房2廳2衛,,無,無,住家用,
士林區文林路３４５號,,114/12/10,1700,0,9.46,,透天厝,78,全/一層,房地(土地+建物),土:4 建:1車:0,,,無,無,住工用,
士林區中山北路六段４４１巷３０號五樓之１,御上天母,114/12/10,9575,117.64,104.33,54.92%,住宅大樓(11層含以上有電梯),2,五層/十七層,房地(土地+建物)+車位,土:1 建:1車:3,,"1,050",有,有,住家用,毛胚屋;
士林區中山北路六段４４１巷３０號五樓之２,御上天母,114/12/10,9225,117.62,93.72,54.88%,住宅大樓(11層含以上有電梯),2,五層/十七層,房地(土地+建物)+車位,土:1 建:1車:2,,700,有,有,住家用,毛胚屋;
士林區天母東路８巷７９號三樓,,114/12/10,1750,68.75,25.46,82.94%,公寓(5樓含以下無電梯),48,三層/五層,房地(土地+建物),土:1 建:1車:0,3房2廳1衛,,無,無,住家用,
士林區後港街１６０號,圓山巴黎,114/12/10,1788,55.31,32.33,70.03%,住宅大樓(11層含以上有電梯),28,一層/十二層,房地(土地+建物),土:1 建:1車:0,3房2廳2衛,,有,有,住家用,親友、員工、共有人或其他特殊關係間之交易;
士林區福國路１９之２號五樓,紫金,114/12/10,600,28.08,21.37,82.56%,住宅大樓(11層含以上有電梯),47,五層/十一層,房地(土地+建物),土:1 建:1車:0,2房1廳1衛,,有,有,住家用,親友、員工、共有人或其他特殊關係間之交易;
士林區士東路８９巷１３號五樓之２,綠光新第,114/12/10,981,84.7,11.58,64.72%,華廈(10層含以下有電梯),31,五層/六層,房地(土地+建物),土:1 建:1車:0,1房1廳1衛,,無,有,住家用,其他增建;
士林區延平北路八段１８７巷３弄６號,,114/12/09,886,41.42,21.39,86.76%,公寓(5樓含以下無電梯),56,一層/三層,房地(土地+建物),土:1 建:1車:0,,,無,無,住家用,(包含)公共設施保留地(用地);
士林區天母東路２２巷２１號二樓之７,天母華琪大廈仁座,114/12/09,1636,67.69,24.17,75.84%,華廈(10層含以下有電梯),48,二層/十層,房地(土地+建物),土:1 建:1車:0,2房1廳1衛,,有,有,住家用,陽台外推;其他增建;
士林區大南路３１０號二樓,,114/12/09,1880,61.76,30.44,95.33%,公寓(5樓含以下無電梯),55,二層/三層,房地(土地+建物),土:1 建:1車:0,3房2廳2衛,,無,無,住家用,其他增建;
士林區天母西路８９號七樓,聯上聽瀑,114/12/08,8568,72.61,118,37.93%,華廈(10層含以下有電梯),13,七層/十層,房地(土地+建物)+車位,土:3 建:1車:3,3房2廳2衛,,有,有,住家用,
士林區天母北路６０號二樓,,114/12/08,1500,32.3,46.44,73.45%,華廈(10層含以下有電梯),44,二層/七層,房地(土地+建物),土:1 建:1車:0,4房2廳2衛,,無,有,住家用,親友、員工、共有人或其他特殊關係間之交易;
士林區中山北路七段１１４巷７２弄３之３號,,114/12/08,4000,0,32.28,,透天厝,26,全/二層,房地(土地+建物),土:2 建:1車:0,7房4廳8衛,,無,有,住家用,親友、員工、共有人或其他特殊關係間之交易;
士林區至善路二段２６６巷５號,,114/12/07,8000,0,157.68,,透天厝,29,全/四層,房地(土地+建物)+車位,土:2 建:2車:1,7房5廳4衛,,無,無,住家用,陽台外推;其他增建;
士林區承德路四段１２０號五樓,圓山諾貝爾,114/12/07,3280,77.34,42.41,76.03%,住宅大樓(11層含以上有電梯),41,五層/十二層,房地(土地+建物),土:1 建:1車:0,4房2廳2衛,,有,有,住家用,其他增建;
士林區中正路６７５號八樓,忠誠,114/12/07,1700,49.71,34.2,69.51%,住宅大樓(11層含以上有電梯),42,八層/十二層,房地(土地+建物),土:1 建:1車:0,3房2廳2衛,,有,有,住家用,鐵鋁窗增建陽台外推;其他增建;
士林區基河路１６號七樓之３,圓山窗外,114/12/06,2525,155.27,16.26,55.73%,住宅大樓(11層含以上有電梯),21,七層/十一層,房地(土地+建物),土:1 建:1車:0,2房2廳1衛,,有,有,辦公用,夾層;其他增建;
士林區社中街２６４巷１弄５號五樓,,114/12/06,1050,40.63,25.84,85.61%,公寓(5樓含以下無電梯),43,五層/五層,房地(土地+建物),土:1 建:1車:0,3房2廳1衛,,無,無,住家用,陽台外推;頂樓加蓋;
士林區中正路７１５號三樓,天星花園,114/12/06,1888,61.97,37.45,54.28%,住宅大樓(11層含以上有電梯),22,三層/十三層,房地(土地+建物)+車位,土:2 建:1車:2,2房2廳1衛,300,有,有,住家用,陽台外推;其他增建;
士林區天玉街２７巷２７號十樓,璞園天玉,114/12/06,5780,106.54,75.15,60.26%,住宅大樓(11層含以上有電梯),1,十層/十四層,房地(土地+建物)+車位,土:1 建:1車:2,,600,有,有,住家用,
士林區承德路四段４０巷７３號三樓之１３,劍潭整宅B區,114/12/06,615,57.11,10.77,91.01%,公寓(5樓含以下無電梯),55,二層/五層,房地(土地+建物),土:1 建:1車:0,2房1廳1衛,,無,無,住家用,陽台外推;其他增建;
士林區建業路３６巷２７號,,114/12/06,1830,0,43.1,,透天厝,54,全/二層,房地(土地+建物),土:1 建:1車:0,8房4衛,,無,無,住家用,頂樓加蓋;其他增建;
士林區基河路２２號九樓之１,鄉林層峰,114/12/06,2720,101.33,32.55,57.16%,住宅大樓(11層含以上有電梯),17,九層/十八層,房地(土地+建物)+車位,土:1 建:1車:1,1房1廳1衛,200,有,有,住家用,
士林區天玉街７９號四樓,,114/12/06,2568,72.98,35.19,89.31%,公寓(5樓含以下無電梯),47,四層/五層,房地(土地+建物),土:1 建:1車:0,3房2廳2衛,,無,無,住家用,親友、員工、共有人或其他特殊關係間之交易;
士林區德行西路８８號八樓之１,,114/12/05,2500,130.31,23.55,54.50%,華廈(10層含以下有電梯),6,八層/八層,房地(土地+建物)+車位,土:1 建:1車:1,2房1廳1衛,200,有,有,住家用,夾層;其他增建;
士林區通河東街一段４０號一樓,,114/12/05,2010,93.81,21.43,88.79%,公寓(5樓含以下無電梯),49,一層/四層,房地(土地+建物),土:1 建:1車:0,1房2廳1衛,,無,無,住家用,其他增建;
士林區後港街１３５號七樓,圓山森鄰,114/12/05,650,12.89,45.41,76.39%,住宅大樓(11層含以上有電梯),16,七層/十四層,房地(土地+建物)+車位,土:1 建:1車:2,4房2廳3衛,250,有,有,商業用,車位持分皆為1/2親友、員工、共有人或其他特殊關係間之交易;
士林區中山北路七段１８１巷２２弄７號,,114/12/04,4200,71.61,58.65,100.00%,公寓(5樓含以下無電梯),49,"一層,平台/四層",房地(土地+建物),土:1 建:1車:0,4房2廳3衛,,無,無,住家用,平台外推.地下室
士林區德行東路２１９巷１７號四樓,,114/12/04,638,31.35,20.35,89.83%,公寓(5樓含以下無電梯),41,四層/五層,房地(土地+建物),土:1 建:1車:0,4房2廳2衛,,無,無,住家用,親友、員工、共有人或其他特殊關係間之交易;陽台外推;
士林區雨聲街９１號二樓,,114/12/03,1600,45.64,35.05,71.48%,華廈(10層含以下有電梯),36,二層/十層,房地(土地+建物),土:2 建:1車:0,3房2廳2衛,,有,有,住家用,親友、員工、共有人或其他特殊關係間之交易;
士林區華齡街７３號三樓,,114/12/02,3450,68.25,50.55,72.13%,華廈(10層含以下有電梯),42,三層/七層,房地(土地+建物),土:1 建:1車:0,4房2廳2衛,,無,有,住家用,陽台外推;其他增建;
士林區天母東路８１巷２０弄１１號二樓,滿園春,114/12/01,1880,61.42,30.61,83.11%,公寓(5樓含以下無電梯),41,二層/五層,房地(土地+建物),土:3 建:1車:0,2房2廳2衛,,有,無,住家用,陽台加窗。陽台外推;其他增建;
士林區士東路２００巷５８弄１５號三樓,滿庭芳,114/12/01,3062,75,40.83,75.75%,華廈(10層含以下有電梯),42,三層/七層,房地(土地+建物),土:1 建:1車:0,3房2廳2衛,,有,有,住家用,其他增建;
士林區士東路９１巷２６弄６號五樓之２,天母A+,114/12/01,1198,104.3,11.49,48.83%,華廈(10層含以下有電梯),17,五層/七層,房地(土地+建物),土:1 建:1車:0,1房1廳1衛,,有,有,住家用,夾層;其他增建;
士林區德行東路２０６之１號四樓,,114/12/01,1880,62.16,30.25,80.38%,公寓(5樓含以下無電梯),45,四層/五層,房地(土地+建物),土:1 建:1車:0,5房5衛,,無,無,住家用,鐵鋁窗增建其他增建;
士林區至誠路一段２８號五樓,,114/12/01,1500,36.62,40.96,86.63%,公寓(5樓含以下無電梯),46,五層/五層,房地(土地+建物),土:3 建:1車:0,3房2廳2衛,,無,無,住家用,親友、員工、共有人或其他特殊關係間之交易;頂樓加蓋;
士林區中正路６８８號五樓之２,永新,114/11/30,1300,62.45,20.82,72.48%,華廈(10層含以下有電梯),27,五層/九層,房地(土地+建物),土:3 建:1車:0,2房1廳1衛,,有,有,住家用,陽台外推;
士林區雨聲街４１號二樓,,114/11/30,1000,34.64,28.87,90.74%,公寓(5樓含以下無電梯),48,二層/四層,房地(土地+建物),土:1 建:1車:0,3房2廳2衛,,無,無,住家用,親友、員工、共有人或其他特殊關係間之交易;
士林區天母西路１２之４號,綠園華廈,114/11/30,3946,67.49,58.47,97.97%,華廈(10層含以下有電梯),46,一層/七層,房地(土地+建物)+車位,土:1 建:1車:1,4房2廳2衛,,有,有,住家用,其他增建;
士林區芝玉路二段２０巷６號四樓,,114/11/30,1656,69.88,23.7,81.59%,公寓(5樓含以下無電梯),42,四層/五層,房地(土地+建物),土:2 建:1車:0,3房2廳1衛,,無,無,住家用,陽台外推;
士林區中山北路六段２３６巷７號十四樓之１,,114/11/29,6700,108.53,70.84,55.66%,住宅大樓(11層含以上有電梯),4,十四層/十四層,房地(土地+建物)+車位,土:1 建:1車:1,2房2廳2衛,350,有,有,住家用,
士林區延平北路八段１４８號,,114/11/28,460,0,6.87,,透天厝,62,全/一層,房地(土地+建物),土:1 建:1車:0,3房3廳3衛,,無,無,住家用,親友、員工、共有人或其他特殊關係間之交易;其他增建;
士林區承德路四段２９２巷１１弄３號二樓,,114/11/28,800,23.18,34.51,78.60%,公寓(5樓含以下無電梯),42,二層/五層,房地(土地+建物),土:2 建:1車:0,3房2廳2衛,,無,無,住家用,親友、員工、共有人或其他特殊關係間之交易;
士林區通河東街一段３９號二樓,,114/11/28,1688,46.22,36.52,81.26%,公寓(5樓含以下無電梯),47,二層/五層,房地(土地+建物),土:1 建:1車:0,3房2廳2衛,,無,無,住家用,
士林區延平北路六段２２８號四樓,豐澤,114/11/28,3208,66.28,48.4,42.47%,華廈(10層含以下有電梯),4,四層/七層,房地(土地+建物)+車位,土:1 建:1車:1,2房2廳2衛,,有,有,住家用,
士林區中山北路六段４４１巷３０號十一樓之２,御上天母,114/11/28,10210,131.21,93.72,54.88%,住宅大樓(11層含以上有電梯),2,十一層/十七層,房地(土地+建物)+車位,土:1 建:1車:2,,700,有,有,住家用,毛胚屋;
士林區中山北路六段４４１巷３０號十一樓之３,御上天母,114/11/28,5958,130.91,53.46,56.69%,住宅大樓(11層含以上有電梯),2,十一層/十七層,房地(土地+建物)+車位,土:1 建:1車:1,,350,有,有,住家用,毛胚屋;
士林區中山北路五段６８５號八樓之２,永勝大樓,114/11/28,2850,73.99,38.52,74.50%,住宅大樓(11層含以上有電梯),39,八層/十二層,房地(土地+建物),土:3 建:1車:0,3房2廳2衛,,有,有,住家用,
士林區德行東路２００號八樓,,114/11/27,5988.8,93.85,63.81,60.09%,住宅大樓(11層含以上有電梯),3,八層/十四層,房地(土地+建物)+車位,土:1 建:1車:1,3房2廳2衛,,有,有,住家用,政府機關標讓售;
士林區文林路１０２之９號,士林銀座,114/11/27,443,141.08,3.14,54.14%,華廈(10層含以下有電梯),31,"一層,通道/六層",房地(土地+建物),土:1 建:1車:0,,,有,有,商業用,含租約;
士林區文林路１０２之１６號,士林銀座,114/11/27,2150,164.87,13.04,63.12%,華廈(10層含以下有電梯),31,"一層,通道/六層",房地(土地+建物),土:1 建:2車:0,,,有,有,商業用,含租約;
士林區天母東路１０５巷５６號二樓,,114/11/27,1520,38.98,38.99,91.57%,公寓(5樓含以下無電梯),47,二層/五層,房地(土地+建物),土:2 建:1車:0,4房2廳2衛,,無,無,住家用,陽台外推;其他增建;
士林區德行西路９３巷６弄４號五樓,,114/11/25,2030,67.57,30.04,85.56%,公寓(5樓含以下無電梯),47,五層/五層,房地(土地+建物),土:1 建:1車:0,3房2廳2衛,,無,無,住家用,陽台外推;其他增建;
士林區延平北路九段２４３巷８號,,114/11/25,1100,0,25.32,,透天厝,57,全/二層,房地(土地+建物),土:1 建:1車:0,4房2廳3衛,,無,無,住家用,
士林區天母北路５６號十六樓之１,聯上天母,114/11/25,3080,107.87,37.18,54.62%,住宅大樓(11層含以上有電梯),5,十六層/二十四層,房地(土地+建物)+車位,土:1 建:1車:1,1房1廳1衛,335,有,有,住家用,
士林區福港街２５９巷３０號三樓,,114/11/25,1350,44.16,30.57,85.03%,公寓(5樓含以下無電梯),43,三層/五層,房地(土地+建物),土:1 建:1車:0,3房2廳2衛,,無,無,住家用,親友、員工、共有人或其他特殊關係間之交易;
士林區基河路１３０號十二樓之１１,基河馨園,114/11/25,3500,58.49,59.84,48.73%,住宅大樓(11層含以上有電梯),24,十二層/十六層,房地(土地+建物)+車位,土:1 建:1車:1,3房2廳2衛,,有,有,住家用,親友、員工、共有人或其他特殊關係間之交易;
士林區中山北路七段１４１巷１５之２號五樓,,114/11/24,2300,69.86,32.92,89.59%,公寓(5樓含以下無電梯),46,五層/五層,房地(土地+建物),土:1 建:1車:0,3房2廳2衛,,無,無,住家用,陽台外推;頂樓加蓋;其他增建;
士林區忠誠路二段９８巷７弄６號七樓,靜安樹語,114/11/24,9636,138.02,75.89,58.29%,住宅大樓(11層含以上有電梯),2,七層/十四層,房地(土地+建物)+車位,土:1 建:1車:1,3房2廳2衛,380,有,有,住家用,
士林區天母東路３６、３８號房屋地下二層,,114/11/24,310,26.92,11.52,100.00%,住宅大樓(11層含以上有電梯),39,地下二層/十二層,房地(土地+建物),土:1 建:1車:0,,,有,有,其他,
士林區重慶北路四段２３６號四樓,,114/11/24,900,44.69,20.14,77.75%,住宅大樓(11層含以上有電梯),41,四層/十二層,房地(土地+建物),土:2 建:1車:0,2房1廳1衛,,有,有,住家用,親友、員工、共有人或其他特殊關係間之交易;
士林區中山北路六段４０５巷８７號二樓,谷畫青,114/11/24,6880,102.83,82.23,52.08%,華廈(10層含以下有電梯),9,二層/八層,房地(土地+建物)+車位,土:1 建:2車:2,3房2廳2衛,550,有,有,住家用,陽台增建、雨遮增建、鐵鋁窗增建、公設增建、室內面積部分變更作陽台使用。兩車位價格共550萬，不拆分單一車位價格。陽台外推;其他增建;
士林區雨農路６８號二樓,雨農山莊,114/11/23,3934,60,65.57,52.72%,住宅大樓(11層含以上有電梯),21,二層/十二層,房地(土地+建物),土:1 建:1車:0,4房2廳2衛,,有,有,住家用,車位使用權，兩年輪抽其他增建;
士林區天母西路３８巷３號二樓,天西華廈,114/11/23,2550,57.51,44.34,73.85%,華廈(10層含以下有電梯),44,二層/七層,房地(土地+建物),土:1 建:1車:0,3房2廳2衛,,無,有,住家用,其他增建;
士林區中山北路七段１４巷２９之６號,幸福華廈,114/11/23,2750,85.38,32.21,70.15%,華廈(10層含以下有電梯),47,一層/七層,房地(土地+建物),土:1 建:1車:0,3房2廳2衛,,無,有,住家用,
士林區天母東路５０巷２０號七樓之５,華琪,114/11/23,2350,68.88,34.12,83.65%,華廈(10層含以下有電梯),48,七層/八層,房地(土地+建物),土:1 建:1車:0,3房2廳2衛,,有,有,住家用,陽台外推;
士林區社中街２６６號四樓,,114/11/22,1618,39.17,41.3,85.85%,公寓(5樓含以下無電梯),43,四層/五層,房地(土地+建物),土:1 建:1車:0,5房2廳2衛,,無,無,住家用,陽台向外加鐵窗。陽台外推;其他增建;
士林區至誠路二段９２巷１６號四樓,,114/11/22,2340,63.3,36.97,97.05%,公寓(5樓含以下無電梯),48,四層/四層,房地(土地+建物),土:1 建:1車:0,6房4廳3衛,,無,無,住家用,陽台外推;頂樓加蓋;其他增建;
士林區通河東街一段２２號二樓,,114/11/22,1308,50.21,26.05,92.13%,公寓(5樓含以下無電梯),42,二層/五層,房地(土地+建物),土:3 建:1車:0,3房2廳1衛,,無,無,住家用,其他增建;
士林區士商路１６７號九樓,,114/11/22,4900,98.06,57.17,69.25%,住宅大樓(11層含以上有電梯),25,九層/十二層,房地(土地+建物)+車位,土:1 建:1車:1,3房2廳2衛,300,有,有,住家用,其他增建;
士林區大南路３２９號三樓,新天地,114/11/22,2920,68.77,46.94,64.35%,住宅大樓(11層含以上有電梯),18,三層/十四層,房地(土地+建物)+車位,土:1 建:1車:1,3房2廳2衛,250,有,有,商業用,
士林區天母北路５６號十一樓之２,聯上天母,114/11/20,5000,102.48,57.35,55.03%,住宅大樓(11層含以上有電梯),5,十一層/二十四層,房地(土地+建物)+車位,土:1 建:1車:1,3房2廳2衛,325,有,有,住家用,
士林區中正路２４７巷３６號八樓之１,,114/11/20,5130,127.14,43.15,58.14%,住宅大樓(11層含以上有電梯),,八層/十一層,房地(土地+建物)+車位,土:1 建:1車:1,3房2廳2衛,230,有,有,住家用,親友、員工、共有人或其他特殊關係間之交易;
士林區華聲街４６號二樓,,114/11/19,1180,67.3,17.53,100.00%,公寓(5樓含以下無電梯),56,二層/四層,房地(土地+建物),土:2 建:1車:0,3房1廳1衛,,無,無,住家用,
士林區承德路四段５８巷４９號三樓,,114/11/19,1900,55.58,34.18,94.30%,公寓(5樓含以下無電梯),55,三層/四層,房地(土地+建物),土:2 建:1車:0,4房2廳2衛,,無,無,住家用,陽台外推;其他增建;
士林區芝玉路一段１９７巷３２號五樓,,114/11/18,2480,48.74,50.88,84.87%,公寓(5樓含以下無電梯),40,五層/五層,房地(土地+建物),土:1 建:1車:0,5房3廳3衛,,無,無,住家用,頂樓加蓋;其他增建;
士林區前港街５８巷１弄１號,,114/11/18,1720,60.78,28.3,85.28%,公寓(5樓含以下無電梯),45,一層/五層,房地(土地+建物),土:2 建:1車:0,3房2廳1衛,,無,無,其他,
士林區至善路二段１５８號九樓,至善天下,114/11/18,4220,57.21,73.76,50.68%,住宅大樓(11層含以上有電梯),29,九層/十六層,房地(土地+建物)+車位,土:3 建:1車:1,3房2廳2衛,280,有,有,商業用,陽台外推;其他增建;
士林區延平北路六段１５５巷１８號二樓,,114/11/18,1250,59.53,21,100.00%,公寓(5樓含以下無電梯),59,二層/二層,房地(土地+建物),土:1 建:1車:0,2房1廳1衛,,無,無,住家用,
士林區忠誠路二段４２之１號十二樓,,114/11/18,5980,92.58,64.59,70.81%,住宅大樓(11層含以上有電梯),38,十二層/十七層,房地(土地+建物)+車位,土:1 建:1車:1,4房2廳3衛,,有,有,住家用,
士林區忠誠路二段７６巷１２號二樓,,114/11/17,2145,67.98,31.55,89.04%,公寓(5樓含以下無電梯),47,二層/五層,房地(土地+建物),土:2 建:1車:0,3房2廳2衛,,無,無,住家用,
士林區福林路２４１巷４號,仁鄰,114/11/17,746.2,23.42,31.86,66.27%,華廈(10層含以下有電梯),40,一層/七層,房地(土地+建物),土:1 建:1車:0,3房2廳2衛,,有,有,住家用,親友、員工、共有人或其他特殊關係間之交易;
士林區士東路３２號,時代大廈,114/11/17,4250,70.89,59.96,35.15%,華廈(10層含以下有電梯),43,一層/七層,房地(土地+建物),土:1 建:1車:0,1房2衛,,有,有,商業用,
士林區中山北路七段１４巷５弄１０號,,114/11/16,3580,73.99,48.39,87.43%,公寓(5樓含以下無電梯),48,一層/五層,房地(土地+建物),土:1 建:1車:0,3房2廳2衛,,無,無,住家用,空地增建、平台外推其他增建;
士林區忠義街７１巷２５號,,114/11/16,3228,56.97,56.66,48.27%,公寓(5樓含以下無電梯),41,一層/五層,房地(土地+建物),土:1 建:1車:0,6房3廳3衛,,無,無,住家用,其他增建;
士林區重慶北路四段１９０巷５弄１６號三樓,,114/11/15,400,25.51,15.68,100.00%,公寓(5樓含以下無電梯),55,三層/四層,房地(土地+建物),土:1 建:1車:0,3房1廳2衛,,無,無,住家用,"含土地增值稅或其他稅費92,326元;親友、員工、共有人或其他特殊關係間之交易;"
士林區中正路２１２巷４弄５號,,114/11/14,3850,104.54,36.83,100.00%,公寓(5樓含以下無電梯),54,一層/三層,房地(土地+建物),土:1 建:1車:0,3廳2衛,,有,無,住家用,其他增建;
士林區德行東路１９０巷１弄６號五樓,涵芳庭,114/11/14,1730,52.39,33.02,80.95%,公寓(5樓含以下無電梯),40,五層/五層,房地(土地+建物),土:1 建:1車:0,3房2廳1衛,,有,無,住家用,親友、員工、共有人或其他特殊關係間之交易;未登記建物;
士林區福國路９８號十樓之２,雙子星,114/11/13,2600,70.35,36.96,80.81%,住宅大樓(11層含以上有電梯),47,十層/十四層,房地(土地+建物),土:1 建:1車:0,3房2廳2衛,,有,有,住家用,親友、員工、共有人或其他特殊關係間之交易;
士林區環河北路三段２０７號九樓,金河富居,114/11/12,3300,54.23,60.86,54.50%,住宅大樓(11層含以上有電梯),8,九層/十三層,房地(土地+建物),土:2 建:1車:0,4房2廳2衛,,有,有,住家用,其他增建;
士林區中山北路六段２７７巷１８弄２７號,,114/11/12,249.4,0,3.05,,透天厝,54,全/二層,房地(土地+建物),土:1 建:1車:0,4房3廳2衛,,無,無,住家用,親友、員工、共有人或其他特殊關係間之交易;
士林區中山北路六段２７７巷１８弄２７號,,114/11/12,249.4,0,3.05,,透天厝,54,全/二層,房地(土地+建物),土:1 建:1車:0,4房3廳2衛,,無,無,住家用,親友、員工、共有人或其他特殊關係間之交易;
士林區承德路四段７５之２號二樓,富麗圓山,114/11/11,3500,71.97,48.63,73.48%,住宅大樓(11層含以上有電梯),25,二層/十一層,房地(土地+建物)+車位,土:2 建:1車:1,,,有,有,辦公用,其他增建;
士林區延平北路八段２巷６３弄２０號,,114/11/11,525.4,22.08,23.79,100.00%,公寓(5樓含以下無電梯),55,一層/三層,房地(土地+建物),土:1 建:1車:0,1房1廳1衛,,無,無,住家用,建物交易價格250萬土地交易價格275.35萬
士林區重慶北路四段１０８號十樓之３,日健闊,114/11/10,4250,75.99,55.93,61.33%,住宅大樓(11層含以上有電梯),2,十層/十六層,房地(土地+建物)+車位,土:1 建:1車:1,3房2廳2衛,,有,有,住家用,
士林區中正路２２３巷６０號二樓,,114/11/10,1320,114.71,11.51,100.00%,公寓(5樓含以下無電梯),62,二層/二層,房地(土地+建物),土:1 建:1車:0,1房2廳1衛,,無,無,住家用,頂樓加蓋;
士林區中山北路六段４４１巷３０號六樓之１,御上天母,114/11/10,8550,117.31,80.61,56.79%,住宅大樓(11層含以上有電梯),2,六層/十七層,房地(土地+建物)+車位,土:1 建:1車:1,,340,有,有,住家用,毛胚屋;
士林區承德路四段２７７巷６號四樓,,114/11/10,2080,48.4,42.98,54.15%,公寓(5樓含以下無電梯),37,四層/五層,房地(土地+建物),土:8 建:1車:0,4房2廳2衛,,無,無,住家用,陽台外推;其他增建;
士林區後港街１３４巷２號十五樓,川騰仰士林,114/11/09,6666,116.38,65.74,54.38%,住宅大樓(11層含以上有電梯),1,十五層/二十二層,房地(土地+建物)+車位,土:1 建:1車:1,2房2廳2衛,350,有,有,住家用,
士林區中山北路七段１４巷５弄１３號十樓,天母吉園,114/11/09,6928,120.66,66.36,61.67%,住宅大樓(11層含以上有電梯),17,十層/十三層,房地(土地+建物)+車位,土:2 建:1車:1,3房2廳2衛,350,有,有,住家用,陽台外推;其他增建;
士林區中山北路六段２巷１９號,最天母,114/11/09,6880,0,95.61,,透天厝,27,全/八層,房地(土地+建物)+車位,土:1 建:1車:2,4房3廳4衛,,有,無,住家用,陽台外推;頂樓加蓋;夾層;其他增建;
士林區通河街１１號二樓之１,,114/11/08,600,31.74,18.91,84.53%,公寓(5樓含以下無電梯),42,二層/五層,房地(土地+建物),土:1 建:1車:0,2房1廳1衛,,無,無,辦公用,親友、員工、共有人或其他特殊關係間之交易;
士林區延平北路六段２５８巷７８號二樓,,114/11/08,1680,57.3,29.32,92.89%,公寓(5樓含以下無電梯),48,二層/四層,房地(土地+建物),土:1 建:1車:0,3房2廳2衛,,無,無,住家用,陽台外推;
士林區天母東路２２巷２１號二樓之１,天母華琪大廈仁座,114/11/08,2500,61.94,40.36,86.34%,華廈(10層含以下有電梯),48,二層/十層,房地(土地+建物)+車位,土:1 建:1車:1,3房2廳2衛,,有,有,住家用,陽台外推;
士林區士商路４０巷１０號,麒麟門,114/11/08,326.8,63.02,5.18,80.98%,公寓(5樓含以下無電梯),46,一層/四層,房地(土地+建物),土:2 建:1車:0,,,無,無,住家用,親友、員工、共有人或其他特殊關係間之交易;
士林區後街２１巷１９號三樓,IF HOUSE,114/11/07,1780,82.34,21.62,55.39%,華廈(10層含以下有電梯),11,三層/七層,房地(土地+建物)+車位,土:1 建:1車:1,1房1廳1衛,,有,有,住家用,
士林區福志路２７號二樓,,114/11/07,6966,122.74,63.75,56.42%,住宅大樓(11層含以上有電梯),,二層/十四層,房地(土地+建物)+車位,土:1 建:1車:1,3房2廳2衛,430,有,有,住家用,
士林區忠義街１１５之１號二樓,桃花源,114/11/07,2780,75.78,45.27,83.20%,華廈(10層含以下有電梯),41,二層/七層,房地(土地+建物)+車位,土:1 建:1車:1,3房2廳2衛,300,有,有,住家用,陽台外推;其他增建;
士林區承德路四段８０巷６７號三樓,,114/11/07,845,27.04,31.25,87.11%,公寓(5樓含以下無電梯),47,三層/五層,房地(土地+建物),土:2 建:1車:0,3房2廳2衛,,無,無,住家用,親友、員工、共有人或其他特殊關係間之交易;
士林區延平北路六段１４６號五樓,,114/11/07,1330,60.01,22.16,69.29%,公寓(5樓含以下無電梯),40,五層/五層,房地(土地+建物),土:2 建:1車:0,6房6衛,,無,無,住家用,外梯增建，鐵鋁窗增建、雨遮增建陽台外推;頂樓加蓋;其他增建;
士林區中山北路六段２５２巷２號七樓,,114/11/06,3280,74.96,43.76,48.06%,華廈(10層含以下有電梯),32,七層/八層,房地(土地+建物)+車位,土:1 建:1車:1,2房2廳1衛,300,有,有,住家用,陽台外推;其他增建;
士林區文昌路１６９巷１０號二樓,,114/11/05,500,51.49,9.71,100.00%,公寓(5樓含以下無電梯),52,二層/四層,房地(土地+建物),土:1 建:1車:0,3房1廳1衛,,無,無,住家用,親友、員工、共有人或其他特殊關係間之交易;
士林區中山北路七段８１巷１６弄１８號四樓,天母上苑,114/11/05,4910,93.75,60.92,60.51%,住宅大樓(11層含以上有電梯),1,四層/十二層,房地(土地+建物)+車位,土:1 建:1車:1,3房2廳2衛,300,有,有,住家用,
士林區中山北路七段１９０巷１２弄９號四樓,瑞盧,114/11/05,3663.9,58.36,67.98,75.81%,華廈(10層含以下有電梯),41,四層/八層,房地(土地+建物)+車位,土:1 建:1車:1,1房2廳1衛,200,有,有,住家用,
士林區中山北路七段１９０巷１２弄９之１號四樓,瑞盧,114/11/05,3036.1,58.36,52.02,72.96%,華廈(10層含以下有電梯),41,四層/八層,房地(土地+建物),土:1 建:1車:0,4房3衛,,有,有,住家用,
士林區中山北路七段１２４巷６號五樓,,114/11/05,2180,46.99,46.39,72.17%,公寓(5樓含以下無電梯),46,五層/五層,房地(土地+建物),土:1 建:1車:0,3房3廳3衛,,無,無,住家用,內梯增建陽台外推;頂樓加蓋;其他增建;
士林區中山北路六段４０５巷６８號五樓,,114/11/04,3038,74.62,40.71,81.09%,華廈(10層含以下有電梯),41,五層/七層,房地(土地+建物),土:1 建:1車:0,3房2廳2衛,,有,有,住家用,陽台外推;其他增建;
士林區承德路四段５８巷６５弄１０號,,114/11/04,1070,41.77,25.62,86.20%,公寓(5樓含以下無電梯),50,一層/四層,房地(土地+建物),土:1 建:1車:0,3房2廳1衛,,無,無,住家用,親友、員工、共有人或其他特殊關係間之交易;其他增建;
士林區大南路３２４號三樓,,114/11/03,1590,71.42,22.26,98.04%,公寓(5樓含以下無電梯),53,三層/三層,房地(土地+建物),土:1 建:1車:0,3房1廳1衛,,無,無,住家用,頂樓加蓋;
士林區中山北路七段１９０巷１８弄９號三樓,,114/11/03,1250,50.86,24.58,87.14%,公寓(5樓含以下無電梯),43,三層/五層,房地(土地+建物),土:1 建:1車:0,2房2廳2衛,,無,無,住家用,
士林區中山北路七段２１９巷６號七樓,快樂山莊,114/11/03,4000,45.28,88.34,72.32%,華廈(10層含以下有電梯),40,七層/七層,房地(土地+建物)+車位,土:1 建:1車:1,4房2廳3衛,,無,有,住家用,其他增建：雨遮鐵鋁窗增建。陽台外推;其他增建;
士林區福華路１２８巷１弄２３號二樓,,114/11/03,1500,69.68,21.53,100.00%,公寓(5樓含以下無電梯),54,二層/四層,房地(土地+建物),土:1 建:1車:0,3房1廳1衛,,無,無,住家用,
士林區承德路四段８０巷５０號三樓,,114/11/02,2550,59.38,42.94,82.85%,公寓(5樓含以下無電梯),40,三層/五層,房地(土地+建物),土:2 建:1車:0,3房2廳2衛,,無,無,住家用,其他增建;
士林區中正路６５５巷６號九樓之２,渼士林,114/11/02,2985,73.44,46.48,59.39%,住宅大樓(11層含以上有電梯),11,九層/十五層,房地(土地+建物)+車位,土:1 建:1車:1,3房2廳2衛,250,有,有,住家用,
士林區磺溪街２７號四樓,,114/11/02,4200,73.21,57.37,84.86%,華廈(10層含以下有電梯),35,四層/六層,房地(土地+建物)+車位,土:1 建:1車:1,4房2廳2衛,300,有,有,住家用,
士林區德行東路１０４巷５弄１２號四樓,忠義新村,114/11/01,1400,56.06,24.97,91.59%,公寓(5樓含以下無電梯),44,四層/五層,房地(土地+建物),土:6 建:1車:0,3房2廳2衛,,無,無,住家用,陽台外推;
士林區通河西街二段１２８號十四樓,杜拜,114/11/01,3880,67.14,64.88,57.17%,住宅大樓(11層含以上有電梯),14,"十四層,夾層/十四層",房地(土地+建物)+車位,土:1 建:1車:1,3房2廳2衛,260,有,有,住家用,夾層;其他增建;
士林區士東路３０４號六樓,環秀山莊,114/11/01,4580,67.19,68.17,63.06%,住宅大樓(11層含以上有電梯),35,六層/十一層,房地(土地+建物)+車位,土:1 建:1車:1,4房2廳2衛,400,有,有,住家用,陽台外推;
士林區承德路四段２巷１７號六樓,,114/10/31,4010,80.24,49.98,45.37%,華廈(10層含以下有電梯),1,六層/十層,房地(土地+建物)+車位,土:1 建:1車:1,3房2廳2衛,,有,有,住家用,親友、員工、共有人或其他特殊關係間之交易;受債權債務關係影響或債務抵償;
士林區菁山路９４號五樓,陽明山泉,114/10/31,640,42.32,15.12,64.69%,住宅大樓(11層含以上有電梯),26,五層/十一層,房地(土地+建物),土:1 建:1車:0,1房1廳1衛,,有,有,住家用,陽台外推;
士林區前港街７６號,,114/10/31,1200,53.64,22.37,66.98%,公寓(5樓含以下無電梯),44,一層/五層,房地(土地+建物),土:1 建:1車:0,3房2廳1衛,,無,無,其他,親友、員工、共有人或其他特殊關係間之交易;
士林區德行東路９０巷２７弄９號四樓,,114/10/31,2139,63.47,33.7,76.47%,公寓(5樓含以下無電梯),45,四層/五層,房地(土地+建物),土:1 建:1車:0,3房2廳2衛,,無,無,住家用,陽台外推;其他增建;
士林區天母北路８７巷２弄１２號二樓,,114/10/31,333,55.04,6.05,94.32%,華廈(10層含以下有電梯),41,二層/七層,房地(土地+建物)+車位,土:1 建:1車:1,4房2廳2衛,,有,有,住家用,陽台加窗親友、員工、共有人或其他特殊關係間之交易;陽台外推;其他增建;
士林區華齡街３３號四樓,,114/10/31,500,43.1,11.6,92.70%,公寓(5樓含以下無電梯),52,四層/四層,房地(土地+建物),土:1 建:1車:0,2房2廳1衛,,無,無,住家用,親友、員工、共有人或其他特殊關係間之交易;頂樓加蓋;未登記建物;
士林區中正路３６６號,,114/10/30,2233,0,31.09,,透天厝,58,全/三層,房地(土地+建物),土:1 建:1車:0,,,無,無,住家用,地清或未辦繼承標售;
士林區光華路２６巷１之１號二樓,,114/10/30,1400,32.35,43.28,91.91%,公寓(5樓含以下無電梯),48,二層/四層,房地(土地+建物),土:2 建:1車:0,7房7衛,,無,無,住家用,
士林區天母東路１０５巷６１號,天和山城,114/10/30,2128,75.66,28.13,92.55%,公寓(5樓含以下無電梯),47,一層/四層,房地(土地+建物),土:1 建:1車:0,4房2廳2衛,,無,無,住家用,其他增建;
士林區德行西路３６號十三樓之８,萬象之都,114/10/30,1840,116.41,15.81,55.37%,住宅大樓(11層含以上有電梯),17,十三層/十三層,房地(土地+建物),土:3 建:1車:0,,,有,有,商業用,夾層;
士林區士東路４６巷１９號四樓,天母御賞,114/10/30,5400,80.15,83.72,56.06%,華廈(10層含以下有電梯),21,四層/九層,房地(土地+建物)+車位,土:1 建:1車:2,3房2廳2衛,550,有,有,住家用,陽台外推;其他增建;
士林區社中街４５８巷１３號,,114/10/30,1700,0,21.78,,透天厝,60,全/二層,房地(土地+建物),土:1 建:1車:0,1房2廳2衛,,無,無,住家用,
士林區中正路６０１號五樓之１０,台北市百齡,114/10/30,750,66.31,11.31,74.38%,住宅大樓(11層含以上有電梯),46,五層/十二層,房地(土地+建物),土:2 建:1車:0,1房1廳1衛,,有,有,商業用,
士林區延平北路五段２２４巷３２號,,114/10/30,600,37.18,16.14,88.40%,公寓(5樓含以下無電梯),43,一層/五層,房地(土地+建物),土:1 建:1車:0,4房2廳2衛,,無,無,住家用,親友、員工、共有人或其他特殊關係間之交易;
士林區芝玉路二段２０巷１６號地下,,114/10/29,858,26.15,32.81,99.75%,公寓(5樓含以下無電梯),42,地下層/五層,房地(土地+建物),土:2 建:1車:0,4房2廳1衛,,無,無,商業用,其他增建;
士林區延平北路五段５０號十樓,,114/10/29,2820,64.98,43.4,59.42%,住宅大樓(11層含以上有電梯),13,十層/十三層,房地(土地+建物),土:2 建:1車:0,3房2廳2衛,,有,有,住家用,其他增建:機房其他增建;
士林區中正路６０１號十一樓之１、之２,台北市百齡,114/10/29,2550,66.03,38.62,73.52%,住宅大樓(11層含以上有電梯),46,十一層/十二層,房地(土地+建物),土:2 建:1車:0,3房2廳2衛,,有,有,住家用,陽台外推;
士林區中山北路七段１９５號五樓,中國商銀,114/10/28,2436,54.26,44.89,70.80%,華廈(10層含以下有電梯),40,五層/七層,房地(土地+建物),土:1 建:1車:0,3房2廳2衛,,有,有,住家用,其他增建;
士林區延平北路六段４７７號十四樓,亞太企業中心,114/10/28,16640,54.28,343.8,56.42%,住宅大樓(11層含以上有電梯),11,十四層/十四層,房地(土地+建物)+車位,土:1 建:2車:6,,"1,240",有,有,商業用,
士林區天母北路３７號四樓,,114/10/28,518,40.73,12.72,100.00%,公寓(5樓含以下無電梯),49,"四層,陽臺/四層",房地(土地+建物),土:1 建:1車:0,4房2廳2衛,,無,無,住家用,親友、員工、共有人或其他特殊關係間之交易;
士林區重慶北路四段４９巷９號,,114/10/28,2200,74.91,29.37,86.47%,公寓(5樓含以下無電梯),49,一層/四層,房地(土地+建物),土:1 建:1車:0,3房2廳1衛,,無,無,其他,
士林區社中街４５８巷６８號,,114/10/26,1470,70.32,20.91,100.00%,公寓(5樓含以下無電梯),52,"一層,騎樓/三層",房地(土地+建物),土:1 建:1車:0,3房2廳1衛,,無,無,住家用,其他增建;
士林區中山北路六段４０５巷６９號三樓之１,鼎真麗澤,114/10/26,6982,73.44,95.07,63.90%,華廈(10層含以下有電梯),17,三層/九層,房地(土地+建物)+車位,土:1 建:1車:2,4房2廳2衛,,有,有,住家用,
士林區中山北路六段４０５巷８８號五樓之５,,114/10/24,3200,135.48,30.35,61.53%,住宅大樓(11層含以上有電梯),2,五層/十四層,房地(土地+建物)+車位,土:1 建:1車:1,1房1廳1衛,300,有,有,住家用,
士林區至誠路一段１３６巷１５號八樓,太子華威,114/10/24,8998,76.84,117.1,55.33%,住宅大樓(11層含以上有電梯),7,八層/十四層,房地(土地+建物)+車位,土:2 建:1車:2,4房2廳3衛,,有,有,住家用,
士林區延平北路六段２１３號三樓之２,鄉林左岸,114/10/24,3608,72.01,58.38,57.88%,住宅大樓(11層含以上有電梯),9,三層/十一層,房地(土地+建物)+車位,土:4 建:1車:1,3房2廳2衛,300,有,有,住家用,
士林區天母北路５６號二十四樓,聯上天母,114/10/24,6300,103.59,77.33,53.37%,住宅大樓(11層含以上有電梯),5,二十四層/二十四層,房地(土地+建物)+車位,土:1 建:1車:2,,720,有,有,住家用,本案為毛胚屋
士林區延平北路六段２１１號七樓之２,鄉林左岸,114/10/23,4100,74.83,63.63,60.30%,住宅大樓(11層含以上有電梯),9,七層/十一層,房地(土地+建物)+車位,土:4 建:1車:1,4房2廳2衛,270,有,有,住家用,其他增建;
士林區福華路１４７巷３１號二樓,,114/10/23,1935,74.85,25.85,95.09%,公寓(5樓含以下無電梯),53,二層/四層,房地(土地+建物),土:1 建:1車:0,3房2廳1衛,,無,無,住家用,其他增建;
士林區中山北路七段２１３之９號,天母中銀山莊,114/10/23,2500,64.53,38.74,73.62%,華廈(10層含以下有電梯),41,一層/十層,房地(土地+建物),土:1 建:1車:0,3房2廳2衛,,有,有,住家用,其他增建:天井、廚房左側陽台外推;其他增建;
士林區福德路３１巷１１號五樓之７,小貴馥,114/10/23,1175,111.43,10.55,49.97%,華廈(10層含以下有電梯),14,五層/八層,房地(土地+建物),土:1 建:1車:0,1房1廳1衛,,有,有,住家用,夾層;
士林區中山北路六段２巷２３弄５號三樓,芝山名園,114/10/23,2360,63.82,36.98,87.35%,公寓(5樓含以下無電梯),41,三層/五層,房地(土地+建物),土:1 建:1車:0,3房2廳2衛,,無,無,住家用,親友、員工、共有人或其他特殊關係間之交易;
士林區天母東路５０巷２０號二樓之５,華琪,114/10/22,2388,59.64,40.04,85.06%,華廈(10層含以下有電梯),48,二層/八層,房地(土地+建物),土:1 建:1車:0,3房2廳2衛,,有,有,其他,其他增建;
士林區中山北路六段４３１之１號五樓,富貴園,114/10/21,2960,68.17,43.42,76.15%,華廈(10層含以下有電梯),42,五層/七層,房地(土地+建物),土:1 建:1車:0,3房2廳2衛,,無,有,住家用,陽台外推;
士林區大亨路１０號,,114/10/21,8000,0,53.51,,透天厝,59,全/二層,房地(土地+建物)+車位,土:2 建:1車:1,3房2廳3衛,,有,無,住家用,親友、員工、共有人或其他特殊關係間之交易;
士林區仰德大道三段２６號,,114/10/21,5572,0,87.88,,透天厝,45,全/二層,房地(土地+建物),土:1 建:1車:0,,,無,無,住家用,地清或未辦繼承標售;
士林區美德街１０號,士林竣,114/10/20,3470,180.62,22.55,75.03%,住宅大樓(11層含以上有電梯),,一層/十一層,房地(土地+建物)+車位,土:1 建:1車:1,,230,有,有,商業用,
士林區雨農路７４號八樓,雨農山莊,114/10/19,4450,67.62,65.81,52.71%,住宅大樓(11層含以上有電梯),20,八層/十二層,房地(土地+建物)+車位,土:1 建:1車:1,4房2廳2衛,,有,有,住家用,其他增建;
士林區承德路四段２９２巷１１弄６號五樓,,114/10/19,1997,50.01,39.93,82.40%,公寓(5樓含以下無電梯),41,五層/五層,房地(土地+建物),土:2 建:1車:0,9房2廳3衛,,無,無,住家用,頂樓加蓋;其他增建;
士林區德行西路３６號六樓之７,萬象之都,114/10/19,1438,117.84,12.2,51.56%,住宅大樓(11層含以上有電梯),17,六層/十三層,房地(土地+建物),土:3 建:1車:0,1房2廳1衛,,有,有,商業用,陽台外推;夾層;其他增建;
士林區華齡街３５巷１１號,,114/10/18,2500,59.03,42.35,100.00%,公寓(5樓含以下無電梯),49,"一層,平台/四層",房地(土地+建物),土:1 建:1車:0,4房2廳1衛,,無,無,住商用,其他增建;
士林區中山北路七段２１３之９號九樓,天母中銀山莊,114/10/18,2398,61.9,38.74,73.62%,華廈(10層含以下有電梯),41,九層/十層,房地(土地+建物),土:1 建:1車:0,3房2廳2衛,,有,有,住家用,其他增建;
士林區福華路１４１巷１８號三樓,,114/10/18,1500,83.97,17.86,100.00%,公寓(5樓含以下無電梯),53,三層/四層,房地(土地+建物),土:1 建:1車:0,2房2廳1衛,,無,無,住家用,其他增建;
士林區中山北路五段５１６號六樓,欣翰士林官邸,114/10/17,15700,101.43,179.32,49.76%,住宅大樓(11層含以上有電梯),10,六層/十二層,房地(土地+建物)+車位,土:1 建:1車:4,3房1廳1衛,"1,200",有,有,辦公用,
士林區後街２１巷３４號二樓,,114/10/17,1600,43.2,37.04,91.31%,公寓(5樓含以下無電梯),46,二層/四層,房地(土地+建物),土:1 建:1車:0,5房2廳2衛,,無,無,住家用,其他增建;
士林區忠義街１１５號三樓,桃花源,114/10/17,2400,73.31,32.74,77.37%,華廈(10層含以下有電梯),41,三層/七層,房地(土地+建物),土:1 建:1車:0,3房2廳1衛,,有,有,住家用,陽台外推;
士林區承德路四段２９２巷１１弄８號五樓,,114/10/17,1700,47.06,36.12,79.90%,公寓(5樓含以下無電梯),41,五層/五層,房地(土地+建物),土:2 建:1車:0,3房2廳1衛,,無,無,住家用,頂樓加蓋;其他增建;
士林區社子街８６號四樓之１,麗池凡登,114/10/17,1600,53,30.19,55.28%,華廈(10層含以下有電梯),17,四層/十層,房地(土地+建物)+車位,土:2 建:1車:1,2房1廳1衛,,有,有,住家用,
士林區忠誠路一段１７３巷２８弄８號二樓,,114/10/16,1910,65.2,29.29,93.42%,公寓(5樓含以下無電梯),46,二層/五層,房地(土地+建物),土:5 建:1車:0,3房2廳2衛,,無,無,住家用,陽台外推;
士林區福德路５７巷３９號,,114/10/16,10,0,0.37,,透天厝,66,全/二層,房地(土地+建物),土:1 建:1車:0,3房2廳1衛,,無,無,住家用,親友、員工、共有人或其他特殊關係間之交易;
士林區凱旋路３５號,,114/10/16,4480,0,52.05,,透天厝,62,全/二層,房地(土地+建物),土:2 建:1車:0,4房2廳2衛,,無,無,住家用,其他增建;
士林區通河東街一段３２號,,114/10/15,1410,65.15,21.64,100.00%,公寓(5樓含以下無電梯),48,四層/四層,房地(土地+建物),土:1 建:1車:0,2房1廳1衛,,無,無,住家用,其他增建;
士林區中山北路六段４０５巷５３號四樓,,114/10/15,2200,76.74,28.67,85.00%,華廈(10層含以下有電梯),41,四層/七層,房地(土地+建物),土:2 建:1車:0,3房2廳2衛,,有,有,住家用,親友、員工、共有人或其他特殊關係間之交易;陽台外推;
士林區中正路３６５巷１９號,,114/10/15,680,0,13.91,,透天厝,60,全/二層,房地(土地+建物),土:2 建:1車:0,2房3廳2衛,,無,無,住家用,親友、員工、共有人或其他特殊關係間之交易;
士林區中山北路七段１１４巷４１弄１７之２號四樓,,114/10/15,2650,53.34,49.68,52.90%,華廈(10層含以下有電梯),30,四層/六層,房地(土地+建物)+車位,土:1 建:1車:1,3房2廳2衛,,有,有,住家用,後陽台加窗增建陽台外推;其他增建;
士林區永平街７５巷２５之１號四樓,,114/10/14,1400,43.59,32.12,85.66%,公寓(5樓含以下無電梯),45,四層/五層,房地(土地+建物),土:7 建:1車:0,3房2廳1衛,,無,無,住家用,
士林區承德路四段８８號十三樓之５,圓山ART,114/10/14,3800,94.11,52.63,60.24%,住宅大樓(11層含以上有電梯),3,十三層/十五層,房地(土地+建物)+車位,土:1 建:1車:1,3房2廳2衛,350,有,有,住家用,
士林區基河路３０號十樓之７,北美館,114/10/14,1720,110.43,15.58,66.85%,住宅大樓(11層含以上有電梯),27,十層/十三層,房地(土地+建物),土:2 建:1車:0,2廳1衛,,有,有,住家用,其他增建;
士林區文林路５８７巷１５弄３號二樓,,114/10/13,1600,55.75,28.7,100.00%,公寓(5樓含以下無電梯),55,二層/四層,房地(土地+建物),土:1 建:1車:0,3房2廳1衛,,無,無,住家用,陽台外推;
士林區華齡街６８號,,114/10/13,910,28.58,31.84,85.78%,公寓(5樓含以下無電梯),46,一層/五層,房地(土地+建物),土:1 建:1車:0,3房2廳1衛,,無,無,住家用,親友、員工、共有人或其他特殊關係間之交易;
士林區中山北路五段７５７號五樓,天母仰格,114/10/13,5288,87,68.79,54.88%,住宅大樓(11層含以上有電梯),1,五層/十七層,房地(土地+建物)+車位,土:1 建:1車:1,3房2廳2衛,330,有,有,住家用,
士林區忠誠路一段１７１巷１２弄１６號六樓,,114/10/13,4850,93.02,52.14,53.29%,住宅大樓(11層含以上有電梯),16,六層/十二層,房地(土地+建物)+車位,土:1 建:2車:1,3房2廳2衛,,有,有,住家用,
士林區文林路７６５號九樓之９,寶殿大廈,114/10/13,2868,67.49,42.5,70.33%,住宅大樓(11層含以上有電梯),45,九層/十一層,房地(土地+建物),土:3 建:1車:0,3房2廳2衛,,有,有,住家用,瑕疵物件;具重建或重劃、都更等效益;(包含)公共設施保留地(用地);
士林區通河東街一段１０５巷１弄９號二樓,,114/10/12,1582,50.69,31.21,83.21%,公寓(5樓含以下無電梯),48,二層/四層,房地(土地+建物),土:2 建:1車:0,3房2廳2衛,,無,無,住家用,陽台外推;其他增建;
士林區天母西路３８巷９號六樓,天母自在,114/10/12,5286,111.7,47.48,51.48%,住宅大樓(11層含以上有電梯),8,六層/十一層,房地(土地+建物)+車位,土:1 建:1車:1,3房2廳2衛,250,有,有,住家用,陽台外推;其他增建;
士林區永平街１９號二樓,,114/10/11,1050,48.57,21.62,100.00%,公寓(5樓含以下無電梯),52,二層/四層,房地(土地+建物),土:1 建:1車:0,2廳1衛,,無,無,住家用,其他增建;
士林區福德路３１巷１１號三樓之１１,小貴馥,114/10/11,1188,92.19,12.89,49.39%,華廈(10層含以下有電梯),14,三層/八層,房地(土地+建物),土:1 建:1車:0,1房1廳1衛,,有,有,住家用,親友、員工、共有人或其他特殊關係間之交易;夾層;
士林區中山北路七段１１４巷６０弄７號,,114/10/10,192,0,1.32,,透天厝,68,全/一層,房地(土地+建物),土:2 建:1車:0,4房2廳2衛,,無,無,住家用,親友、員工、共有人或其他特殊關係間之交易;
士林區中山北路七段１１４巷６０弄１１號,,114/10/10,267,0,1.41,,透天厝,68,全/一層,房地(土地+建物),土:1 建:1車:0,4房2廳2衛,,無,無,住家用,親友、員工、共有人或其他特殊關係間之交易;
士林區社子街１１５巷９號三樓,,114/10/10,900,52.66,17.09,100.00%,公寓(5樓含以下無電梯),54,三層/三層,房地(土地+建物),土:1 建:1車:0,2房2廳1衛,,無,無,住家用,陽台外推;頂樓加蓋;其他增建;
士林區中正路３９９巷１弄２１號三樓,,114/10/10,1718,67.27,25.54,97.63%,公寓(5樓含以下無電梯),53,三層/四層,房地(土地+建物),土:1 建:1車:0,2房2廳2衛,,無,無,住家用,陽台外推;其他增建;
士林區延平北路八段２巷５７弄３號三樓,,114/10/09,800,44.61,17.93,94.99%,公寓(5樓含以下無電梯),57,三層/四層,房地(土地+建物),土:1 建:1車:0,1房2廳1衛,,無,無,住家用,
士林區承德路四段１０巷５６號,,114/10/09,2608,84.84,30.74,100.00%,公寓(5樓含以下無電梯),53,一層/四層,房地(土地+建物),土:1 建:1車:0,3房2廳1衛,,無,無,住家用,其他增建;
士林區芝玉路一段１９７巷２５弄１０號二樓,,114/10/09,1510,73.24,20.62,75.41%,公寓(5樓含以下無電梯),41,二層/五層,房地(土地+建物),土:1 建:1車:0,2房2廳2衛,,無,無,住家用,陽台外推;其他增建;
士林區承德路四段９５號十四樓,藏峰,114/10/08,6700,89.31,96.05,71.01%,住宅大樓(11層含以上有電梯),23,"十四層,夾層/十四層",房地(土地+建物)+車位,土:2 建:1車:2,3房2廳5衛,600,有,有,住家用,親友、員工、共有人或其他特殊關係間之交易;
士林區後港街１３５號五樓之１,圓山森鄰,114/10/08,2888,63.59,45.41,52.18%,住宅大樓(11層含以上有電梯),16,五層/十四層,房地(土地+建物)+車位,土:1 建:1車:2,5房2廳2衛,,有,有,商業用,親友、員工、共有人或其他特殊關係間之交易;
士林區華齡街７５號七樓,,114/10/08,36,20.48,1.76,69.19%,華廈(10層含以下有電梯),42,七層/七層,房地(土地+建物),土:1 建:1車:0,2房1廳1衛,,無,有,住家用,親友、員工、共有人或其他特殊關係間之交易;
士林區天母東路６９巷１１之６號四樓,僑資華廈,114/10/08,3450,66.91,51.56,78.82%,華廈(10層含以下有電梯),48,四層/八層,房地(土地+建物),土:4 建:1車:0,4房1廳2衛,,有,有,住家用,
士林區中山北路五段７２７之１號六樓,,114/10/08,3788,79.48,56.2,79.23%,住宅大樓(11層含以上有電梯),32,六層/十三層,房地(土地+建物)+車位,土:1 建:1車:1,4房2廳2衛,300,有,有,住家用,陽台加窗、主建物內含樓電梯間陽台外推;其他增建;
士林區美崙街１００號,文昌社區,114/10/08,3788,56.42,67.13,80.43%,華廈(10層含以下有電梯),45,一層/七層,房地(土地+建物),土:1 建:1車:0,,,無,有,住商用,其他增建;
士林區通河西街二段２０９號四樓,,114/10/07,1388,47.43,29.27,100.00%,公寓(5樓含以下無電梯),51,"四層,陽臺/四層",房地(土地+建物),土:1 建:1車:0,2廳1衛,,無,無,住家用,陽台外推;頂樓加蓋;其他增建;
士林區中山北路六段４４１巷３０號十二樓之１,御上天母,114/10/06,10488,134.43,101.85,56.87%,住宅大樓(11層含以上有電梯),2,十二層/十七層,房地(土地+建物)+車位,土:1 建:1車:3,,"1,080",有,有,住家用,毛胚屋;
士林區中山北路六段４４１巷３０號十二樓,御上天母,114/10/06,6480,134.42,64.09,56.74%,住宅大樓(11層含以上有電梯),2,十二層/十七層,房地(土地+建物)+車位,土:1 建:1車:2,,720,有,有,住家用,毛胚屋;
士林區文林路４７０號十樓,永泉,114/10/05,1100,64.54,17.04,40.70%,住宅大樓(11層含以上有電梯),1,十層/十三層,房地(土地+建物)+車位,土:1 建:1車:1,2房2廳1衛,,有,有,住家用,持分買賣親友、員工、共有人或其他特殊關係間之交易;
士林區忠誠路二段２１巷４６號五樓,,114/10/05,1800,71.98,25.01,82.33%,公寓(5樓含以下無電梯),46,五層/五層,房地(土地+建物),土:1 建:1車:0,3房2廳1衛,,無,無,住家用,陽台外推;頂樓加蓋;其他增建;
士林區文林路７５８號四樓,天母景得,114/10/04,2200,74.25,29.63,54.60%,住宅大樓(11層含以上有電梯),21,四層/十三層,房地(土地+建物)+車位,土:2 建:1車:2,4房2廳2衛,400,有,有,住家用,親友、員工、共有人或其他特殊關係間之交易;
士林區中山北路六段４４１巷３０號四樓之２,御上天母,114/10/04,9160,119.05,92.3,55.91%,住宅大樓(11層含以上有電梯),2,四層/十七層,房地(土地+建物)+車位,土:1 建:1車:2,,700,有,有,住家用,毛胚屋;
士林區中山北路六段１９５巷１２號四樓,,114/10/03,3300,61.18,53.94,89.00%,公寓(5樓含以下無電梯),46,四層/五層,房地(土地+建物),土:2 建:1車:0,4房2廳2衛,,無,無,住家用,其他增建為鐵窗陽台外推;其他增建;
士林區德行東路１９０巷６弄３號,,114/10/03,2720,86.13,31.58,87.64%,公寓(5樓含以下無電梯),47,一層/四層,房地(土地+建物),土:1 建:1車:0,3房2廳2衛,,無,無,住家用,其他增建;
士林區延平北路八段９６巷４３號四樓,,114/10/02,950,42.93,22.13,100.00%,公寓(5樓含以下無電梯),56,"四層,陽臺/四層",房地(土地+建物),土:1 建:1車:0,3房2廳1衛,,無,無,住家用,
士林區德行東路３３１巷１８號八樓,皇鼎麗園,114/10/02,7250,68.43,121.6,59.30%,住宅大樓(11層含以上有電梯),20,八層/十二層,房地(土地+建物)+車位,土:1 建:1車:3,2房2廳2衛,"1,050",有,有,住家用,陽台外推;其他增建;
士林區中山北路七段８１巷２８弄８號十六樓,天母紘琚,114/10/02,19200,114.99,226.79,55.88%,住宅大樓(11層含以上有電梯),14,十六層/二十二層,房地(土地+建物)+車位,土:1 建:1車:6,4房2廳4衛,"1,880",有,有,住家用,
士林區中山北路七段２３２巷１７號二樓,天母鐉,114/10/02,6286,84.79,78.94,54.79%,華廈(10層含以下有電梯),12,二層/五層,房地(土地+建物)+車位,土:1 建:1車:1,3房2廳2衛,350,有,有,住家用,
士林區華岡路４７巷１之３號二樓,,114/10/02,1042,25.84,40.33,100.00%,公寓(5樓含以下無電梯),50,"二層,陽臺/四層",房地(土地+建物),土:1 建:1車:0,11房2衛,,無,無,住家用,陽台外推;
士林區福港街２２４巷１０號五樓,,114/10/01,1250,56.31,22.2,82.55%,公寓(5樓含以下無電梯),48,五層/五層,房地(土地+建物),土:1 建:1車:0,3房2廳1衛,,無,無,住家用,頂樓加蓋;
士林區中正路６８０巷１弄１號二樓,,114/10/01,1040,55.78,18.65,100.00%,公寓(5樓含以下無電梯),52,二層/四層,房地(土地+建物),土:1 建:1車:0,1房2廳1衛,,無,無,住家用,其他增建;
士林區延平北路五段２１３巷３３號四樓,葫蘆公寓,114/10/01,1500,58.95,25.45,99.24%,公寓(5樓含以下無電梯),53,四層/四層,房地(土地+建物),土:1 建:1車:0,2房2廳1衛,,有,無,住家用,親友、員工、共有人或其他特殊關係間之交易;
士林區中正路２４７巷３６號五樓,士林竣,114/10/01,4300,91.76,46.86,56.99%,住宅大樓(11層含以上有電梯),,五層/十一層,房地(土地+建物)+車位,土:1 建:1車:1,3房2廳2衛,,有,有,住家用,
士林區天母北路５６號二十樓,聯上天母,114/10/01,6950,115.66,77.33,53.37%,住宅大樓(11層含以上有電梯),5,二十層/二十四層,房地(土地+建物)+車位,土:1 建:1車:2,2房2廳2衛,720,有,有,住家用,
士林區環河北路三段１０７號,天星花園,114/09/30,880,72.56,15.29,47.81%,住宅大樓(11層含以上有電梯),21,一層/十三層,房地(土地+建物)+車位,土:2 建:1車:1,1廳1衛,200,有,有,商業用,陽台外推;夾層;
士林區文林路７６３號五樓之１０,寶殿大廈,114/09/30,2400,62.05,38.68,73.41%,住宅大樓(11層含以上有電梯),45,五層/十一層,房地(土地+建物),土:3 建:1車:0,4房2廳2衛,,有,有,住家用,
士林區德行東路３３１巷５２弄６號,,114/09/30,2458,81.43,30.19,87.10%,公寓(5樓含以下無電梯),46,一層/五層,房地(土地+建物),土:3 建:1車:0,3房2廳2衛,,無,無,住家用,其他增建;
士林區社中街３８４巷２弄１３號三樓,,114/09/30,1150,45.5,25.28,100.00%,公寓(5樓含以下無電梯),50,"三層,陽台/四層",房地(土地+建物),土:1 建:1車:0,1房2廳1衛,,無,無,住家用,
士林區文林路４７２號十一樓,永泉,114/09/29,2668,108.21,33.9,59.23%,住宅大樓(11層含以上有電梯),1,十一層/十三層,房地(土地+建物)+車位,土:1 建:1車:1,,160,有,有,住家用,
士林區承德路四段１０巷６０號四樓,,114/09/29,1630,64.55,25.25,100.00%,公寓(5樓含以下無電梯),56,四層/四層,房地(土地+建物),土:1 建:1車:0,2房2廳1衛,,無,無,住家用,頂樓加蓋;
士林區倫等街５４巷４３號三樓,,114/09/29,1428,52.6,27.15,90.15%,公寓(5樓含以下無電梯),50,三層/三層,房地(土地+建物),土:1 建:1車:0,3房2廳1衛,,無,無,住家用,其他增建;
士林區中山北路七段１１４巷４１弄１９號四樓之４,龍吟山莊,114/09/29,2225,41.59,53.5,95.33%,華廈(10層含以下有電梯),44,四層/七層,房地(土地+建物)+車位,土:3 建:1車:1,3房2廳2衛,,有,有,住家用,陽台外推;其他增建;
士林區忠誠路二段７６巷１５號二樓,,114/09/29,1960,70.83,27.67,90.29%,公寓(5樓含以下無電梯),47,二層/五層,房地(土地+建物),土:1 建:1車:0,3房1廳2衛,,無,無,住家用,陽台加窗。其他增建;
士林區天母東路１０５巷６２號四樓,,114/09/28,1775,52.81,33.61,93.18%,公寓(5樓含以下無電梯),46,四層/五層,房地(土地+建物),土:2 建:1車:0,2房2廳2衛,,無,無,住家用,其他增建;
士林區中山北路五段６２６號二樓,宏道台商,114/09/28,4128,74.41,55.48,85.11%,華廈(10層含以下有電梯),39,二層/七層,房地(土地+建物),土:1 建:1車:0,,,有,有,住家用,
士林區中山北路七段１４０巷１號五樓,嘉新天母華廈Ａ棟,114/09/27,2880,82.58,34.88,87.43%,華廈(10層含以下有電梯),41,五層/七層,房地(土地+建物),土:1 建:1車:0,3房2廳2衛,,有,有,住家用,陽台外推;其他增建;
士林區忠誠路二段１７８巷１３號六樓之１,天母蘭亭,114/09/27,4675,98.97,52.28,66.92%,華廈(10層含以下有電梯),32,六層/九層,房地(土地+建物)+車位,土:1 建:1車:1,3房2廳2衛,200,有,有,住家用,
士林區中山北路七段１１４巷７２弄１０號,,114/09/27,4688,0,72.67,,透天厝,56,全/二層,房地(土地+建物),土:3 建:1車:0,5房2廳4衛,,無,無,住家用,"一樓,二樓增建其他增建;"
士林區中山北路六段１５７巷１１號四樓之６,天母樂活,114/09/26,3900,77.3,50.45,52.99%,住宅大樓(11層含以上有電梯),17,四層/十五層,房地(土地+建物)+車位,土:1 建:1車:1,2房2廳2衛,,有,有,商業用,陽台外推;
士林區承德路四段２巷３號五樓,,114/09/25,1360.8,59.99,22.68,92.77%,公寓(5樓含以下無電梯),46,五層/五層,房地(土地+建物),土:4 建:1車:0,2房2廳1衛,,無,無,住家用,親友、員工、共有人或其他特殊關係間之交易;陽台外推;其他增建;
士林區延平北路六段２４７號二樓,,114/09/25,500,40.98,12.2,100.00%,公寓(5樓含以下無電梯),56,二層/三層,房地(土地+建物),土:1 建:1車:0,2房1廳1衛,,無,無,住家用,共有持分買賣親友、員工、共有人或其他特殊關係間之交易;
士林區福志路１４巷７弄２７號三樓,新興,114/09/25,500,31.3,15.97,82.35%,公寓(5樓含以下無電梯),41,三層/五層,房地(土地+建物),土:1 建:1車:0,3房2廳1衛,,有,無,住家用,親友、員工、共有人或其他特殊關係間之交易;
士林區福國路６９號,,114/09/24,1890,70.87,26.67,100.00%,公寓(5樓含以下無電梯),52,四層/四層,房地(土地+建物),土:2 建:1車:0,2房2廳2衛,,無,無,住家用,
士林區德行東路２３３號三樓之３,雨聲華廈,114/09/24,3000,63.2,47.47,85.83%,華廈(10層含以下有電梯),47,三層/七層,房地(土地+建物),土:1 建:1車:0,4房2廳2衛,,有,有,住家用,
士林區天母東路４３巷４弄６號四樓,,114/09/24,3387,76.76,44.12,75.47%,華廈(10層含以下有電梯),44,四層/七層,房地(土地+建物),土:1 建:1車:0,3房2廳2衛,,有,有,住家用,陽台外推;
士林區文林路７６５號三樓之８,寶殿大廈,114/09/23,2716,63.91,42.5,70.33%,住宅大樓(11層含以上有電梯),45,三層/十一層,房地(土地+建物),土:3 建:1車:0,3房2廳2衛,,有,有,住家用,
士林區德行東路２４９號,天母極品,114/09/23,806.5,79.4,10.16,94.19%,公寓(5樓含以下無電梯),48,"一層,騎樓/五層",房地(土地+建物),土:1 建:1車:0,2房1廳1衛,,無,無,商業用,親友、員工、共有人或其他特殊關係間之交易;其他增建;
士林區雨農路９４號五樓,,114/09/23,80,45.99,1.74,92.00%,公寓(5樓含以下無電梯),45,五層/五層,房地(土地+建物),土:1 建:1車:0,,,無,無,住家用,親友、員工、共有人或其他特殊關係間之交易;
士林區華齡街１８５巷１號十五樓之１,國家園首領袖區,114/09/23,4078,75.41,62.91,60.87%,住宅大樓(11層含以上有電梯),17,十五層/十五層,房地(土地+建物)+車位,土:1 建:1車:1,3房2衛,300,有,有,住家用,陽台外推;
士林區華齡街１８５巷１號十五樓之２,國家園首領袖區,114/09/23,2950,92.33,41.51,58.40%,住宅大樓(11層含以上有電梯),17,十五層/十五層,房地(土地+建物)+車位,土:1 建:1車:1,1房2廳,300,有,有,住家用,陽台外推;
士林區福德路５７巷２５弄１５號,,114/09/23,650,0,7.05,,透天厝,58,全/二層,房地(土地+建物),土:1 建:1車:0,2房1廳2衛,,無,無,住家用,為兄弟間3分之1產權買賣/1樓為1廳1衛，2F為2房1衛親友、員工、共有人或其他特殊關係間之交易;
士林區大西路８６號一樓,,114/09/22,1250,103.69,12.05,100.00%,公寓(5樓含以下無電梯),50,"一層,平台/四層",房地(土地+建物),土:1 建:1車:0,1衛,,無,無,住家用,親友、員工、共有人或其他特殊關係間之交易;
士林區格致路２０巷１號六樓之１,華崗,114/09/22,408,56.04,7.28,57.62%,華廈(10層含以下有電梯),24,六層/九層,房地(土地+建物),土:1 建:1車:0,,,有,有,商業用,
士林區華齡街１８５巷６號八樓,國家園首元首特區,114/09/21,4850,95.56,60.76,59.72%,住宅大樓(11層含以上有電梯),17,八層/十五層,房地(土地+建物)+車位,土:1 建:1車:1,4房2廳2衛,280,有,有,住家用,陽台外推;
士林區通河街１４５號,千維,114/09/21,4220,131.17,32.17,69.65%,華廈(10層含以下有電梯),39,一層/七層,房地(土地+建物),土:1 建:1車:0,,,有,有,商業用,其他增建;
士林區福德路３１巷１１號四樓之１１,小貴馥,114/09/21,1337,103.75,12.89,49.39%,華廈(10層含以下有電梯),14,四層/八層,房地(土地+建物),土:1 建:1車:0,1房1廳1衛,,有,有,住家用,陽台外推;夾層;其他增建;
士林區雨聲街４巷１１號四樓,,114/09/21,1960,65.47,29.94,85.61%,公寓(5樓含以下無電梯),48,四層/四層,房地(土地+建物),土:1 建:1車:0,3房2廳1衛,,無,無,住家用,頂樓加蓋;其他增建;
士林區承德路四段７９號十樓之１,圓山首席,114/09/21,6308,94.14,67,58.43%,住宅大樓(11層含以上有電梯),18,十層/十四層,房地(土地+建物)+車位,土:2 建:1車:1,5房2廳2衛,,有,有,住家用,其他增建;
士林區文林路７１４巷９號四樓,,114/09/20,1650,77.7,21.24,100.00%,公寓(5樓含以下無電梯),53,四層/四層,房地(土地+建物),土:1 建:1車:0,2房2廳1衛,,無,無,住家用,頂樓加蓋;其他增建;
士林區天玉街３８巷２０號六樓,,114/09/20,3065,66.76,45.91,78.61%,華廈(10層含以下有電梯),44,六層/七層,房地(土地+建物),土:1 建:1車:0,2房2廳2衛,,無,有,住家用,陽台外推;
士林區天母東路８巷７９號三樓,,114/09/19,1500,58.93,25.46,82.94%,公寓(5樓含以下無電梯),47,三層/五層,房地(土地+建物),土:1 建:1車:0,2房2廳1衛,,無,無,住家用,
士林區華齡街４０巷１弄１號,,114/09/18,1250,41.53,30.1,100.00%,公寓(5樓含以下無電梯),54,三層/四層,房地(土地+建物),土:1 建:1車:0,4房2廳2衛,,無,無,住家用,親友、員工、共有人或其他特殊關係間之交易;
士林區中山北路七段８１巷３７號三樓之１,,114/09/18,411,61.12,6.72,61.45%,華廈(10層含以下有電梯),30,"三層,電梯樓梯間/六層",房地(土地+建物)+車位,土:1 建:1車:1,3房2廳2衛,,無,有,住家用,1/8的產權親友、員工、共有人或其他特殊關係間之交易;
士林區德行西路４５之１號三樓之１,僑馥經貿,114/09/18,3762,59.72,63,77.17%,華廈(10層含以下有電梯),32,三層/九層,房地(土地+建物)+車位,土:3 建:1車:1,,,有,有,工業用,
士林區社子街４６號一樓,,114/09/17,244,41.62,5.86,100.00%,公寓(5樓含以下無電梯),55,"一層,騎樓/三層",房地(土地+建物),土:1 建:1車:0,1房1廳1衛,,無,無,住家用,親友、員工、共有人或其他特殊關係間之交易;
士林區磺溪街２１巷２０號三樓,磺溪逸庭,114/09/17,2725,71.8,37.95,81.19%,公寓(5樓含以下無電梯),37,三層/五層,房地(土地+建物),土:1 建:1車:0,3房2廳2衛,,無,無,住家用,鐵鋁窗增建其他增建;
士林區天母西路１３巷９之１號六樓,松園富堡,114/09/17,3228,83.21,38.79,72.97%,華廈(10層含以下有電梯),41,六層/七層,房地(土地+建物),土:1 建:1車:0,2房2廳2衛,,有,有,住家用,陽台外推;其他增建;
士林區福德路５７巷３９號,,114/09/17,15,0,0.56,,透天厝,65,全/二層,房地(土地+建物),土:1 建:1車:0,3房2廳1衛,,無,無,住家用,親友、員工、共有人或其他特殊關係間之交易;
士林區中山北路六段４５０巷１之１號二樓,,114/09/16,1753,57.62,30.42,82.70%,公寓(5樓含以下無電梯),39,二層/五層,房地(土地+建物),土:1 建:1車:0,3房2廳2衛,,無,無,住家用,
士林區中山北路六段４５０巷１之１號,,114/09/16,2865,94.17,30.42,82.70%,公寓(5樓含以下無電梯),39,一層/五層,房地(土地+建物),土:1 建:1車:0,3房2廳2衛,,無,無,商業用,
士林區磺溪街２１巷３２號,磺溪逸庭,114/09/16,3920,63.9,61.35,50.13%,公寓(5樓含以下無電梯),37,一層/五層,房地(土地+建物),土:1 建:1車:0,1房3廳1衛,,無,無,住家用,其他增建;
士林區華齡街１７巷２８弄７號四樓,,114/09/16,1500,67.32,22.28,90.06%,公寓(5樓含以下無電梯),55,四層/四層,房地(土地+建物),土:2 建:1車:0,3房2廳1衛,,無,無,住家用,陽台外推;頂樓加蓋;
士林區社子街８４巷３號一樓,,114/09/15,800,36.25,22.07,86.84%,公寓(5樓含以下無電梯),49,一層/四層,房地(土地+建物),土:1 建:1車:0,2房2廳1衛,,無,無,住家用,親友、員工、共有人或其他特殊關係間之交易;
士林區延平北路九段２３３號,,114/09/15,800,0,46.05,,透天厝,57,全/二層,房地(土地+建物),土:1 建:1車:0,3房2廳2衛,,無,無,住家用,
士林區中正路３３７號七樓,威震市林,114/09/15,5999,80.04,74.95,54.66%,住宅大樓(11層含以上有電梯),8,七層/十三層,房地(土地+建物)+車位,土:1 建:1車:1,3房2廳2衛,,有,有,住家用,"土地價款:49,386,760元；建物價款:10,603,240元依土地法第34條之1規定處分"
士林區忠誠路一段１７１巷１０弄２號三樓,蘭雅新城,114/09/14,3678,83.66,43.97,87.73%,華廈(10層含以下有電梯),33,三層/十層,房地(土地+建物),土:1 建:1車:0,3房2廳2衛,,有,有,住家用,其他增建;
士林區天母西路２２巷１９號,,114/09/14,3000,78.88,38.03,87.77%,公寓(5樓含以下無電梯),42,一層/五層,房地(土地+建物),土:2 建:1車:0,3房2廳2衛,,無,無,住家用,其他增建;
士林區天母東路８巷３０弄１４號三樓,,114/09/13,2100,69.17,30.36,86.78%,公寓(5樓含以下無電梯),42,三層/五層,房地(土地+建物),土:1 建:1車:0,3房2廳2衛,,無,無,住家用,
士林區通河東街一段１２４巷３號二樓,,114/09/13,1250,50.7,24.66,85.52%,公寓(5樓含以下無電梯),46,二層/四層,房地(土地+建物),土:1 建:1車:0,3房2廳1衛,,無,無,住家用,鐵鋁窗加蓋陽台外推;其他增建;
士林區德行東路９０巷１號四樓,,114/09/12,1866,57.37,32.52,100.00%,公寓(5樓含以下無電梯),51,四層/四層,房地(土地+建物),土:1 建:1車:0,2衛,,無,無,住家用,頂樓加蓋;其他增建;
士林區基河路３９６巷２號四樓,圓山帝標,114/09/12,6500,95.17,85.46,55.97%,住宅大樓(11層含以上有電梯),13,四層/十二層,房地(土地+建物)+車位,土:2 建:1車:2,4房2廳2衛,600,有,有,住家用,陽台外推;
士林區士東路２２６號,,114/09/12,2800,86.26,32.46,90.22%,公寓(5樓含以下無電梯),41,一層/五層,房地(土地+建物),土:1 建:1車:0,2房2廳2衛,,無,無,住家用,其他增建;
士林區承德路五段１２號三樓,長堤,114/09/12,2300,42.73,59.41,81.01%,華廈(10層含以下有電梯),46,三層/七層,房地(土地+建物)+車位,土:4 建:1車:1,3房2廳2衛,300,有,有,住家用,陽台外推;
士林區忠誠路二段１３０巷７號四樓,,114/09/12,2120,68.34,31.02,85.99%,公寓(5樓含以下無電梯),45,四層/五層,房地(土地+建物),土:3 建:1車:0,3房2廳2衛,,無,無,住家用,鐵鋁窗增建陽台外推;其他增建;
士林區承德路四段４０巷８２號三樓,,114/09/11,1700,67.44,25.21,91.14%,公寓(5樓含以下無電梯),50,三層/五層,房地(土地+建物),土:1 建:1車:0,3房2廳1衛,,無,無,住家用,其他增建;
士林區大北路７５號,,114/09/10,3288,55.8,58.92,45.93%,公寓(5樓含以下無電梯),39,"一層,騎樓/五層",房地(土地+建物),土:1 建:1車:0,3房3廳2衛,,無,無,商業用,其他增建;
士林區中社路一段１１巷７６號二樓,,114/09/10,1050,50.45,20.81,100.00%,公寓(5樓含以下無電梯),50,二層/四層,房地(土地+建物),土:1 建:1車:0,2房2廳1衛,,無,無,住家用,陽台外推;
士林區中山北路六段４５０巷３弄８號三樓,,114/09/09,1750,56.05,31.22,82.36%,公寓(5樓含以下無電梯),40,三層/五層,房地(土地+建物),土:1 建:1車:0,3房1廳1衛,,無,無,住家用,陽台外推;
士林區福德路５７巷３９號,,114/09/09,15,0,0.56,,透天厝,65,全/二層,房地(土地+建物),土:1 建:1車:0,3房2廳1衛,,無,無,住家用,親友、員工、共有人或其他特殊關係間之交易;
士林區福德路５７巷３９號,,114/09/09,15,0,0.56,,透天厝,65,全/二層,房地(土地+建物),土:1 建:1車:0,3房2廳1衛,,無,無,住家用,親友、員工、共有人或其他特殊關係間之交易;
士林區福德路５７巷３９號,,114/09/09,15,0,0.56,,透天厝,65,全/二層,房地(土地+建物),土:1 建:1車:0,3房2廳1衛,,無,無,住家用,親友、員工、共有人或其他特殊關係間之交易;
士林區中山北路七段８１巷１６弄２０號十二樓,天母上苑,114/09/08,2258,105.11,30.37,62.78%,住宅大樓(11層含以上有電梯),1,十二層/十二層,房地(土地+建物)+車位,土:1 建:1車:1,2房2廳1衛,300,有,有,住家用,
士林區承德路四段１９２號二樓,圓山名宮,114/09/08,2890,56,51.61,74.73%,住宅大樓(11層含以上有電梯),40,二層/十一層,房地(土地+建物),土:1 建:1車:0,1房1廳1衛,,有,有,工業用,其他增建;
士林區文林路７６５號三樓之７,寶殿大廈,114/09/08,641,14.91,43,73.46%,住宅大樓(11層含以上有電梯),45,三層/十一層,房地(土地+建物),土:3 建:1車:0,3房2廳2衛,,有,有,住家用,親友、員工、共有人或其他特殊關係間之交易;
士林區社正路１７巷２號二樓之２,幸福一町目,114/09/07,1292,64.46,20.04,49.59%,華廈(10層含以下有電梯),10,二層/九層,房地(土地+建物),土:1 建:1車:0,1房1廳1衛,,有,有,住家用,
士林區中山北路七段８１巷１６弄１８號十二樓,天母上苑,114/09/06,2788,103.38,35.81,62.31%,住宅大樓(11層含以上有電梯),1,十二層/十二層,房地(土地+建物)+車位,土:1 建:1車:1,2房2廳2衛,300,有,有,住家用,
士林區中社路二段３５巷１號四樓,,114/09/06,1300,41.42,31.38,100.00%,公寓(5樓含以下無電梯),49,四層/四層,房地(土地+建物),土:1 建:1車:0,3房2廳2衛,,無,無,住家用,親友、員工、共有人或其他特殊關係間之交易;
士林區菁山路７２巷１６號三樓之５,菩方田,114/09/05,2292,72.65,41.48,53.49%,華廈(10層含以下有電梯),15,三層/五層,房地(土地+建物)+車位,土:4 建:1車:1,1房2廳1衛,250,有,有,住家用,其他增建;
士林區中社路一段１１巷６０號,,114/09/05,1500,0,31.38,,透天厝,50,全/一層,房地(土地+建物),土:1 建:1車:0,3房2廳2衛,,無,無,住家用,二親等間親屬買賣親友、員工、共有人或其他特殊關係間之交易;
士林區福榮街６１號五樓之１,福臨新願大樓,114/09/04,270,69.84,3.87,69.41%,華廈(10層含以下有電梯),27,五層/九層,房地(土地+建物),土:1 建:1車:0,2房1廳1衛,,有,有,商業用,親友、員工、共有人或其他特殊關係間之交易;
士林區中山北路七段１４巷３１弄１０號五樓,,114/09/03,2300,71.99,31.95,77.76%,華廈(10層含以下有電梯),39,五層/六層,房地(土地+建物),土:1 建:1車:0,3房2廳2衛,,有,有,住家用,陽台加窗。陽台外推;其他增建;
士林區基河路１６之２號六樓之８,圓山窗外,114/09/02,3078,105.06,29.3,60.06%,住宅大樓(11層含以上有電梯),21,六層/十一層,房地(土地+建物)+車位,土:1 建:1車:1,2房2廳2衛,,有,有,辦公用,夾層;其他增建;
士林區雙溪街１０６號三樓,天母雅宴,114/09/01,1688,92.56,18.24,69.61%,華廈(10層含以下有電梯),34,三層/九層,房地(土地+建物),土:1 建:1車:0,2房1廳1衛,,有,有,住家用,陽台外推;其他增建;
士林區福志路１１８號三樓,官峰大樓,114/09/01,5800,92.15,70.3,55.60%,住宅大樓(11層含以上有電梯),12,三層/十二層,房地(土地+建物)+車位,土:2 建:1車:1,3房2廳3衛,350,有,有,住家用,
士林區基河路２２號二樓之２,鄉林層峰,114/09/01,5070,84.85,69.9,59.50%,住宅大樓(11層含以上有電梯),17,二層/十八層,房地(土地+建物)+車位,土:1 建:1車:1,3房2廳2衛,300,有,有,住家用,
士林區基河路２２號十七樓之１,鄉林層峰,114/09/01,8980,95.46,115.16,62.94%,住宅大樓(11層含以上有電梯),17,"十七層,十八層/十八層",房地(土地+建物)+車位,土:1 建:1車:2,4房2廳2衛,600,有,有,住家用,
士林區德行東路７６號二樓,,114/08/31,2600,71.74,36.24,94.42%,公寓(5樓含以下無電梯),53,二層/三層,房地(土地+建物),土:2 建:1車:0,4房2廳2衛,,無,無,住家用,陽台外推;其他增建;
士林區格致路２０巷３１號七樓之３,仰德大廈,114/08/31,600,50.05,11.99,53.92%,華廈(10層含以下有電梯),29,七層/十層,房地(土地+建物),土:2 建:1車:0,1房1廳1衛,,有,有,住家用,
士林區福華路１２７號二樓,,114/08/30,2178,83.44,26.1,85.41%,公寓(5樓含以下無電梯),46,二層/五層,房地(土地+建物),土:1 建:1車:0,3房2廳1衛,,無,無,住家用,陽台外推;其他增建;
士林區承德路四段１１０號二樓之１,圓山大廈B棟自治,114/08/30,1640,74.88,21.9,77.91%,華廈(10層含以下有電梯),48,二層/七層,房地(土地+建物),土:1 建:1車:0,2房2廳1衛,,無,有,住家用,其他增建;
士林區延平北路五段１６３巷４３號五樓,,114/08/29,660,18.19,36.28,90.50%,公寓(5樓含以下無電梯),43,五層/五層,房地(土地+建物),土:1 建:1車:0,4房2廳2衛,,無,無,住家用,親友、員工、共有人或其他特殊關係間之交易;
士林區天玉街１６巷１號六樓,JADE玉,114/08/28,4400,64.83,67.87,46.74%,華廈(10層含以下有電梯),19,六層/九層,房地(土地+建物)+車位,土:1 建:1車:2,4房2廳3衛,200,有,有,住家用,持分買賣。親友、員工、共有人或其他特殊關係間之交易;
士林區通河街１４５號四樓之２,千維,114/08/28,2370,55.47,42.73,76.49%,華廈(10層含以下有電梯),39,四層/七層,房地(土地+建物),土:1 建:1車:0,3房2廳2衛,,無,有,住家用,陽台外推;其他增建;
士林區承德路四段８８號十一樓之７,圓山ART,114/08/28,1000,40.49,24.7,58.26%,住宅大樓(11層含以上有電梯),3,十一層/十五層,房地(土地+建物)+車位,土:1 建:1車:1,,,有,有,住家用,親友、員工、共有人或其他特殊關係間之交易;
士林區和豐街３９巷５號四樓,,114/08/28,750,32.14,23.34,100.00%,公寓(5樓含以下無電梯),54,四層/四層,房地(土地+建物),土:5 建:1車:0,3房2廳1衛,,無,無,住家用,親友、員工、共有人或其他特殊關係間之交易;頂樓加蓋;
士林區承德路四段２７７巷６０號五樓,,114/08/27,1300,45.45,28.6,84.40%,公寓(5樓含以下無電梯),45,五層/五層,房地(土地+建物),土:2 建:1車:0,3房1廳1衛,,無,無,住家用,頂樓加蓋;(包含)公共設施保留地(用地);
士林區士東路２８６巷１之５號四樓,天母綠庭,114/08/27,2850,59.04,48.27,85.61%,公寓(5樓含以下無電梯),37,"四層,五層/五層",房地(土地+建物),土:1 建:1車:0,5房3廳3衛,,有,無,住家用,陽台外推;頂樓加蓋;其他增建;
士林區中山北路六段４０５巷４５弄８號十三樓,高蒂大廈,114/08/27,7970,119.77,66.54,60.76%,住宅大樓(11層含以上有電梯),,十三層/十四層,房地(土地+建物),土:1 建:1車:0,,,有,有,住家用,
士林區社中街１５６巷１０弄８號五樓,,114/08/27,1244,45.78,27.17,82.10%,公寓(5樓含以下無電梯),45,五層/五層,房地(土地+建物),土:1 建:1車:0,3房2廳2衛,,無,無,住家用,親友、員工、共有人或其他特殊關係間之交易;陽台外推;
士林區承德路四段２９７巷３９號三樓,,114/08/27,1041,57.29,18.17,100.00%,公寓(5樓含以下無電梯),56,三層/三層,房地(土地+建物),土:1 建:1車:0,3房2廳2衛,,無,無,住家用,親友、員工、共有人或其他特殊關係間之交易;陽台外推;頂樓加蓋;
士林區中山北路六段１９５巷２１號四樓,,114/08/26,2600,69.14,37.6,83.29%,公寓(5樓含以下無電梯),44,四層/五層,房地(土地+建物),土:1 建:1車:0,3房2廳2衛,,無,無,住家用,其他增建;
士林區福林路２５１巷８號四樓之３,官隱,114/08/26,3300,89.43,46.56,56.55%,華廈(10層含以下有電梯),10,四層/八層,房地(土地+建物)+車位,土:2 建:1車:1,2房2廳2衛,260,有,有,住家用,其他增建;
士林區德行東路２５５號四樓,,114/08/26,1900,62.35,30.47,94.19%,公寓(5樓含以下無電梯),48,四層/五層,房地(土地+建物),土:1 建:1車:0,3房2廳1衛,,無,無,住家用,
士林區通河街３２３巷４５之３號,劍潭國宅D區,114/08/25,450,50.46,8.92,89.15%,公寓(5樓含以下無電梯),55,三層/五層,房地(土地+建物),土:1 建:1車:0,1房1衛,,無,無,住家用,其他增建;
士林區永平街２９號二樓之１,,114/08/24,1083,48.73,22.22,92.16%,公寓(5樓含以下無電梯),53,二層/四層,房地(土地+建物),土:1 建:1車:0,3房2廳1衛,,無,無,住家用,陽台外推;其他增建;
士林區中山北路七段４３巷７號四樓,,114/08/24,2400,64.38,39.04,88.41%,公寓(5樓含以下無電梯),47,四層/五層,房地(土地+建物)+車位,土:2 建:1車:1,3房2廳2衛,250,無,無,住家用,陽台外推;其他增建;
士林區重慶北路四段４９巷４號四樓,,114/08/24,1330,58.56,22.71,100.00%,公寓(5樓含以下無電梯),53,四層/四層,房地(土地+建物),土:2 建:1車:0,3房1廳1衛,,無,無,住家用,頂樓鐵皮增建、鐵鋁窗增建其他增建;
士林區芝玉路二段２０巷９３號三樓之１,,114/08/24,2070,65.95,31.39,80.04%,公寓(5樓含以下無電梯),46,三層/五層,房地(土地+建物),土:2 建:2車:0,3房2廳2衛,,無,無,住家用,陽台外推;
士林區格致路２０巷１號七樓之６,華崗,114/08/23,538,53.38,12.17,58.01%,華廈(10層含以下有電梯),24,七層/九層,房地(土地+建物)+車位,土:1 建:1車:1,1廳1衛,150,有,有,商業用,陽台外推;夾層;
士林區承德路四段２３３號九樓,創築,114/08/20,1980,75.98,28.9,44.09%,住宅大樓(11層含以上有電梯),16,九層/十一層,房地(土地+建物)+車位,土:1 建:1車:1,1房2廳1衛,180,有,有,辦公用,
士林區文林路７６３號十樓之１,寶殿大廈,114/08/20,450,72.57,6.2,83.27%,住宅大樓(11層含以上有電梯),45,十層/十一層,房地(土地+建物),土:3 建:1車:0,1房1廳1衛,,有,有,住家用,
士林區菁山路４９之２號,陽明帝景,114/08/18,1500,28.56,52.53,63.82%,華廈(10層含以下有電梯),16,一層/五層,房地(土地+建物)+車位,土:1 建:1車:3,2房2廳2衛,,有,有,住家用,此次交易持分為1/2 (買賣雙方原持有各1/2)親友、員工、共有人或其他特殊關係間之交易;
士林區忠誠路二段３０號,仰德華廈,114/08/18,5370,87.26,61.54,70.86%,住宅大樓(11層含以上有電梯),43,一層/十四層,房地(土地+建物),土:1 建:1車:0,,,有,有,住家用,親友、員工、共有人或其他特殊關係間之交易;
士林區大南路３３５號七樓之１,士林新天地,114/08/18,2900,68.52,48.3,62.83%,住宅大樓(11層含以上有電梯),18,七層/十五層,房地(土地+建物)+車位,土:1 建:1車:1,3房2廳2衛,250,有,有,商業用,其他增建;
士林區德行東路１０９巷５３號二樓,,114/08/18,1850,49.08,46.32,91.39%,公寓(5樓含以下無電梯),47,二層/四層,房地(土地+建物)+車位,土:2 建:1車:1,3房2廳2衛,220,無,無,住家用,房子跟車位所有權人為不同人，一起出售給同一買方；房子無管理組織、無電梯，車位有管理組織、有電梯。親友、員工、共有人或其他特殊關係間之交易;其他增建;
士林區重慶北路四段２２０巷１４號二樓,,114/08/18,968,49.68,19.48,100.00%,公寓(5樓含以下無電梯),56,二層/四層,房地(土地+建物),土:2 建:1車:0,3房1廳1衛,,無,無,住家用,陽台外推;
士林區天母西路３８巷９號八樓,天母自在,114/08/17,5668,117.96,50.13,51.49%,住宅大樓(11層含以上有電梯),8,八層/十一層,房地(土地+建物)+車位,土:1 建:1車:1,2房2廳2衛,350,有,有,住家用,陽台外推;其他增建;
士林區中山北路七段１８６號二樓,,114/08/17,2050,50.82,40.34,82.61%,華廈(10層含以下有電梯),39,二層/七層,房地(土地+建物),土:1 建:1車:0,3房2廳2衛,,無,有,住家用,陽台外推;其他增建;
士林區天母西路３號三樓之８,天母國際,114/08/17,1470,59.57,24.68,75.61%,住宅大樓(11層含以上有電梯),48,三層/十一層,房地(土地+建物),土:2 建:1車:0,,,有,有,辦公用,陽台外推;
士林區基河路１３０號十樓之８,基河馨園,114/08/17,3060,63.05,48.53,48.14%,住宅大樓(11層含以上有電梯),24,十層/十六層,房地(土地+建物)+車位,土:1 建:1車:1,3房2廳1衛,,有,有,住家用,鐵鋁窗增建
士林區格致路２０巷１號七樓之１１,華崗,114/08/17,415,55.7,7.45,58.02%,華廈(10層含以下有電梯),24,七層/九層,房地(土地+建物),土:1 建:1車:0,1廳1衛,,有,有,商業用,陽台外推;夾層;
士林區福港街１９巷５號四樓,大漢君址,114/08/16,3800,69.11,54.99,59.46%,華廈(10層含以下有電梯),20,四層/八層,房地(土地+建物)+車位,土:1 建:2車:1,4房2廳2衛,,有,有,住家用,其他增建;
士林區中社路一段６１巷１２號二樓,,114/08/16,1200,38.24,31.38,100.00%,公寓(5樓含以下無電梯),50,二層/四層,房地(土地+建物),土:1 建:1車:0,4房2廳2衛,,無,無,住家用,親友、員工、共有人或其他特殊關係間之交易;
士林區承德路四段８０巷４３號三樓,,114/08/16,1690,62.99,26.83,100.00%,公寓(5樓含以下無電梯),56,三層/四層,房地(土地+建物),土:1 建:1車:0,3房2廳1衛,,無,無,住家用,
士林區大北路３８號三樓之１,,114/08/15,970,68.9,14.08,100.00%,公寓(5樓含以下無電梯),54,三層/四層,房地(土地+建物),土:1 建:1車:0,3房1廳1衛,,無,無,住家用,其他增建：天井增建。其他增建;
士林區中山北路六段４４１巷３０號十二樓之３,御上天母,114/08/15,6358,132.04,64.09,56.74%,住宅大樓(11層含以上有電梯),1,十二層/十七層,房地(土地+建物)+車位,土:1 建:1車:2,,700,有,有,住家用,毛胚屋;
士林區天母東路１０５巷９弄６號十二樓,天母桓琚,114/08/15,2798.6,99.41,28.15,62.84%,住宅大樓(11層含以上有電梯),1,十二層/十二層,房地(土地+建物),土:1 建:1車:0,2房2廳2衛,,有,有,住家用,政府機關標讓售;
士林區文林路５８７巷９弄４號三樓,,114/08/13,1988,68.97,28.83,100.00%,公寓(5樓含以下無電梯),55,三層/四層,房地(土地+建物),土:1 建:1車:0,3房2廳1衛,,無,無,住家用,其他增建;
士林區光華路２６巷７號七樓,豪宮大廈,114/08/13,388,38.86,9.99,72.10%,華廈(10層含以下有電梯),47,七層/七層,房地(土地+建物),土:2 建:1車:0,1房1廳1衛,,有,有,住家用,
士林區承德路四段８０巷３３號,,114/08/12,2500,78.99,31.65,89.55%,公寓(5樓含以下無電梯),46,一層/五層,房地(土地+建物),土:9 建:1車:0,3房2廳2衛,,無,無,其他,壹樓、平台、地下室增建
士林區葫蘆街１２號,,114/08/11,2400,0,32.72,,透天厝,64,全/二層,房地(土地+建物),土:2 建:1車:0,3房3廳3衛,,無,無,住家用,頂樓加蓋;其他增建;
士林區承德路四段８８號三樓之１,,114/08/11,2188,100.49,21.77,59.18%,住宅大樓(11層含以上有電梯),3,三層/十五層,房地(土地+建物),土:1 建:1車:0,2房1廳1衛,,有,有,住家用,
士林區中山北路五段７４６號十五樓,全陽豐會,114/08/11,3000,45.21,72.59,60.75%,住宅大樓(11層含以上有電梯),1,十五層/十八層,房地(土地+建物)+車位,土:1 建:1車:1,3房2廳2衛,350,有,有,住家用,親友、員工、共有人或其他特殊關係間之交易;
士林區忠義街１３１號五樓,,114/08/11,1630,60.56,26.92,97.20%,公寓(5樓含以下無電梯),49,五層/五層,房地(土地+建物),土:1 建:1車:0,3房2廳1衛,,無,無,住家用,
士林區文昌路１６７號三樓,,114/08/10,1828,58.82,31.08,96.01%,公寓(5樓含以下無電梯),54,三層/四層,房地(土地+建物),土:1 建:1車:0,3房2廳2衛,,無,無,住家用,
士林區士東路４８號二樓,,114/08/10,2670,74.48,35.85,84.93%,公寓(5樓含以下無電梯),41,二層/五層,房地(土地+建物),土:1 建:1車:0,3房2廳2衛,,無,無,住家用,其他增建;
士林區天母北路８７巷２弄１２號二樓,,114/08/10,3330,55.04,60.5,94.34%,華廈(10層含以下有電梯),41,二層/七層,房地(土地+建物)+車位,土:1 建:1車:1,4房2廳2衛,,有,有,住家用,陽台加窗增建陽台外推;其他增建;
士林區中山北路六段４５０巷３６號五樓,,114/08/09,1580,59.05,26.76,79.63%,公寓(5樓含以下無電梯),47,五層/五層,房地(土地+建物),土:1 建:1車:0,3房2廳1衛,,無,無,住家用,陽台外推;其他增建;
士林區天母北路５６號二十四樓之１,聯上天母,114/08/09,3038,115.04,34.97,59.82%,住宅大樓(11層含以上有電梯),5,二十四層/二十四層,房地(土地+建物)+車位,土:1 建:1車:1,1房1廳1衛,365,有,有,住家用,
士林區福港街２８８號三樓,,114/08/08,1568,52.13,30.08,84.12%,公寓(5樓含以下無電梯),40,三層/五層,房地(土地+建物),土:1 建:1車:0,2房2廳2衛,,無,無,住家用,其他增建;
士林區劍潭路１０號,北美館,114/08/08,2186,117.94,18.53,72.42%,住宅大樓(11層含以上有電梯),27,一層/十三層,房地(土地+建物),土:2 建:1車:0,1房1廳1衛,,有,有,其他,夾層;其他增建;
士林區中山北路五段８２９巷３０號三樓,,114/08/08,850,54.6,15.57,83.46%,公寓(5樓含以下無電梯),45,三層/五層,房地(土地+建物),土:1 建:1車:0,3房2廳2衛,,無,無,住家用,親友、員工、共有人或其他特殊關係間之交易;
士林區福港街１１０巷１弄３號三樓,,114/08/07,200,29.94,6.68,78.13%,公寓(5樓含以下無電梯),47,三層/四層,房地(土地+建物),土:1 建:1車:0,3房1廳1衛,,無,無,商業用,買賣建物持分1/4親友、員工、共有人或其他特殊關係間之交易;
士林區中山北路七段８９號三樓,國泰天母,114/08/06,21500,125.49,220.8,57.76%,住宅大樓(11層含以上有電梯),11,三層/十九層,房地(土地+建物)+車位,土:1 建:1車:6,4房2廳5衛,"1,700",有,有,住家用,
士林區至誠路一段１３６巷１５號十四樓,太子華威,114/08/05,9876,96,120.89,55.66%,住宅大樓(11層含以上有電梯),7,"十四層,見其他登記事項/十四層",房地(土地+建物)+車位,土:2 建:1車:2,,700,有,有,住家用,
士林區士東路２６６巷６弄２２號五樓,太平洋芝蘭園,114/08/04,2900,77.58,37.38,80.56%,華廈(10層含以下有電梯),44,五層/七層,房地(土地+建物),土:1 建:1車:0,3房2廳2衛,,有,有,住家用,陽台外推;其他增建;
士林區社中街３４６巷３弄３號四樓,,114/08/04,1400,49.14,28.49,91.61%,公寓(5樓含以下無電梯),44,四層/四層,房地(土地+建物),土:1 建:1車:0,3房2廳1衛,,無,無,住家用,其他增建為天井外推親友、員工、共有人或其他特殊關係間之交易;陽台外推;頂樓加蓋;其他增建;
士林區中山北路六段７５４巷２５號三樓,,114/08/04,1738,64.94,26.77,87.31%,公寓(5樓含以下無電梯),43,三層/五層,房地(土地+建物),土:1 建:1車:0,3房2廳1衛,,無,無,住家用,陽台外推;
士林區承德路四段３巷３９號二樓,,114/08/04,1920,58.61,32.76,85.05%,公寓(5樓含以下無電梯),50,二層/四層,房地(土地+建物),土:1 建:1車:0,4房2廳1衛,,無,無,住家用,其他增建:前後陽台鐵鋁窗增建陽台外推;其他增建;
士林區承德路四段２１２號九樓,乾坤好天地,114/08/04,5100,32.7,155.94,35.73%,華廈(10層含以下有電梯),29,"九層,夾層/九層",房地(土地+建物)+車位,土:2 建:2車:5,4房2廳2衛,,有,有,商業用,
士林區天玉街２７巷２１號三樓,璞園天玉,114/08/04,4820,106.36,55.58,62.11%,住宅大樓(11層含以上有電梯),1,三層/十四層,房地(土地+建物)+車位,土:1 建:1車:1,3房2廳2衛,320,有,有,住家用,
士林區天母北路９巷８號五樓之１,信義謙石,114/08/03,2100,92.62,22.67,46.18%,華廈(10層含以下有電梯),8,五層/七層,房地(土地+建物)+車位,土:1 建:1車:1,1房2廳1衛,220,有,有,住家用,
士林區天玉街２７巷２３號八樓,璞園天玉,114/08/03,5166,86.93,59.43,64.99%,住宅大樓(11層含以上有電梯),1,八層/十四層,房地(土地+建物)+車位,土:1 建:1車:1,3房2廳2衛,,有,有,住家用,
士林區中山北路七段８１巷１６弄１６號五樓,天母上苑,114/08/03,5126,98.88,60.75,60.67%,住宅大樓(11層含以上有電梯),1,五層/十二層,房地(土地+建物)+車位,土:1 建:1車:1,4房2廳2衛,280,有,有,住家用,
士林區芝玉路一段１９６號七樓,,114/08/03,5338,63.89,83.55,47.17%,住宅大樓(11層含以上有電梯),29,七層/十九層,房地(土地+建物)+車位,土:1 建:1車:2,4房2廳2衛,600,有,有,住家用,其他增建;
士林區中山北路七段１５６之１號三樓,勤和華廈,114/08/02,3285,57.73,56.9,66.67%,華廈(10層含以下有電梯),40,三層/七層,房地(土地+建物),土:1 建:1車:0,4房2廳2衛,,有,有,商業用,
士林區德行東路９３巷１０號二樓,,114/08/02,1720,52.97,32.47,87.04%,公寓(5樓含以下無電梯),47,二層/五層,房地(土地+建物),土:1 建:1車:0,3房2廳1衛,,無,無,住家用,
士林區華齡街１７巷１８號,,114/08/02,1800,61.35,29.34,100.00%,公寓(5樓含以下無電梯),55,一層/四層,房地(土地+建物),土:1 建:1車:0,3房2廳2衛,,無,無,住家用,其他增建;
士林區社子街１４６巷７弄２號二樓,,114/08/02,750,39.37,19.05,100.00%,公寓(5樓含以下無電梯),57,二層/二層,房地(土地+建物),土:2 建:1車:0,1房1廳1衛,,無,無,住家用,
士林區社子街１４６巷７弄２號,,114/08/02,1750,91.87,19.05,100.00%,公寓(5樓含以下無電梯),57,一層/二層,房地(土地+建物),土:2 建:1車:0,1房2廳1衛,,無,無,住家用,
士林區天母東路６１巷５號四樓之１,三峰,114/08/01,1350,93.15,14.49,68.44%,華廈(10層含以下有電梯),29,"四層,電梯樓梯間/六層",房地(土地+建物),土:1 建:1車:0,1房1廳1衛,,無,有,住家用,其他增建:露臺陽台外推;其他增建;
士林區倫等街３６巷６號二樓,,114/08/01,830,44.42,18.69,100.00%,公寓(5樓含以下無電梯),52,二層/三層,房地(土地+建物),土:1 建:1車:0,1房1廳1衛,,無,無,住家用,陽台外推;
士林區大南路２８０號三樓,,114/07/31,1775,55.68,31.88,77.78%,公寓(5樓含以下無電梯),42,三層/五層,房地(土地+建物),土:3 建:1車:0,3房2廳2衛,,無,無,住家用,陽台外推;
士林區延平北路五段２１３巷２３號三樓,葫蘆公寓,114/07/31,1820,67.04,27.15,100.00%,公寓(5樓含以下無電梯),53,三層/四層,房地(土地+建物),土:1 建:1車:0,3房2廳2衛,,有,無,住家用,具重建或重劃、都更等效益;
士林區芝玉路二段２０巷１１３號十樓,天母白金賞,114/07/30,6350,87.5,72.57,67.33%,住宅大樓(11層含以上有電梯),23,"十層,十一層/十三層",房地(土地+建物),土:1 建:1車:0,4房2廳2衛,,有,有,住家用,其他增建;
士林區中山北路六段１５７巷１３號十樓,天母樂活,114/07/29,2693,97.97,37.29,57.50%,住宅大樓(11層含以上有電梯),17,十層/十五層,房地(土地+建物)+車位,土:1 建:1車:1,2房2廳1衛,300,有,有,商業用,其他增建;
士林區格致路２１０號二樓之１,大衛營,114/07/29,730,28.8,25.35,71.18%,華廈(10層含以下有電梯),47,二層/七層,房地(土地+建物),土:4 建:1車:0,2房2廳1衛,,有,有,住家用,陽台增建陽台外推;其他增建;
士林區文林路４９７號五樓,正暉,114/07/28,2850,74.44,38.29,71.67%,華廈(10層含以下有電梯),43,五層/七層,房地(土地+建物),土:1 建:1車:0,3房2廳2衛,,有,有,住家用,其他增建;
士林區通河東街一段６巷１３號,,114/07/28,1480,53.35,27.74,100.00%,公寓(5樓含以下無電梯),52,三層/四層,房地(土地+建物),土:2 建:1車:0,4房2廳1衛,,無,無,住家用,其他增建;
士林區福林路２５５巷９號三樓,,114/07/27,2300,78,29.49,85.22%,公寓(5樓含以下無電梯),40,三層/四層,房地(土地+建物),土:1 建:1車:0,3房2廳1衛,,無,無,住家用,陽台外推;
士林區士東路２６６巷１２弄３號五樓,,114/07/27,1930,41.44,46.58,73.70%,公寓(5樓含以下無電梯),41,五層/五層,房地(土地+建物),土:2 建:1車:0,5房2廳2衛,,無,無,住家用,其他增建;
士林區社中街２６４巷８號五樓,,114/07/27,1460,41.03,35.58,74.50%,公寓(5樓含以下無電梯),44,五層/五層,房地(土地+建物),土:1 建:1車:0,3房2廳2衛,,無,無,住家用,陽台外推;頂樓加蓋;其他增建;
士林區士東路９１巷２６弄６號二樓,天母A+,114/07/26,1150,97.91,11.75,49.01%,華廈(10層含以下有電梯),16,二層/七層,房地(土地+建物),土:1 建:1車:0,1房1廳1衛,,有,有,住家用,夾層;
士林區社子街２２巷２２弄２７號,,114/07/26,1349,65.84,20.49,100.00%,公寓(5樓含以下無電梯),50,"一層,平台/四層",房地(土地+建物),土:1 建:1車:0,4房2廳2衛,,無,無,住家用,其他增建;
士林區通河西街二段１０８巷７號三樓,,114/07/26,1200,49.71,24.14,87.26%,公寓(5樓含以下無電梯),50,三層/四層,房地(土地+建物),土:1 建:1車:0,1房2廳1衛,,無,無,住家用,
士林區中山北路六段３５巷１８號,筑丰天母,114/07/26,3456,174.93,19.76,79.94%,住宅大樓(11層含以上有電梯),9,一層/二十一層,房地(土地+建物),土:1 建:1車:0,1廳1衛,,有,有,商業用,
士林區天母東路５０巷１０弄４號二樓,,114/07/26,2000,60.47,33.07,90.82%,華廈(10層含以下有電梯),42,二層/五層,房地(土地+建物),土:2 建:1車:0,3房2廳2衛,,有,有,住家用,親友、員工、共有人或其他特殊關係間之交易;
士林區天玉街２７巷１９號三樓,,114/07/25,4680,91.86,60.94,63.51%,住宅大樓(11層含以上有電梯),1,三層/十四層,房地(土地+建物)+車位,土:1 建:1車:1,2房2廳2衛,300,有,有,住家用,
士林區明溪街３９號,,114/07/25,1850,58.95,31.38,100.00%,公寓(5樓含以下無電梯),50,一層/四層,房地(土地+建物),土:2 建:1車:0,3房2廳2衛,,無,無,住家用,其他增建;
士林區忠誠路二段２４９號四樓,,114/07/25,2888,81.07,35.62,71.92%,住宅大樓(11層含以上有電梯),36,四層/十二層,房地(土地+建物),土:1 建:1車:0,3房2廳2衛,,有,有,住家用,花台及建物向外加蓋凸窗、陽台加窗。其他增建;
士林區中山北路七段１４巷５弄８號二樓,,114/07/25,2760,61.82,44.65,88.79%,公寓(5樓含以下無電梯),48,二層/五層,房地(土地+建物),土:1 建:1車:0,3房2廳2衛,,無,無,住家用,陽台外擴增建陽台外推;其他增建;
士林區通河街３２５巷４６之１號,劍潭國宅D區,114/07/22,500,56.07,8.92,89.15%,公寓(5樓含以下無電梯),55,一層/五層,房地(土地+建物),土:1 建:1車:0,1房1廳1衛,,無,無,住家用,親友、員工、共有人或其他特殊關係間之交易;
士林區承德路四段４０巷８６號三樓,,114/07/22,1510,59.9,25.21,91.14%,公寓(5樓含以下無電梯),50,三層/五層,房地(土地+建物),土:1 建:1車:0,3房2廳1衛,,無,無,住家用,
士林區忠誠路二段１３０巷２５之１號,,114/07/22,3650,72.65,50.24,55.52%,華廈(10層含以下有電梯),29,"一層,二層/六層",房地(土地+建物)+車位,土:1 建:2車:1,2房2廳2衛,,無,有,住家用,依土地法第三十四條之一第一項、第二項、第三項規定辦理，如有不實，義務人願負法律責任其他增建;
士林區重慶北路四段４９巷４０弄６號二樓,,114/07/20,1368,51.84,26.39,92.33%,公寓(5樓含以下無電梯),53,二層/四層,房地(土地+建物),土:1 建:1車:0,4房2廳2衛,,無,無,住家用,陽台外推;其他增建;
士林區天母西路４１巷２號二樓之３,,114/07/20,1280,83.91,15.26,65.02%,華廈(10層含以下有電梯),33,二層/六層,房地(土地+建物),土:1 建:1車:0,2房1廳2衛,,有,有,住家用,陽台外推;其他增建;
士林區格致路２０巷１號七樓之７,華崗,114/07/19,450,60.59,7.43,57.88%,華廈(10層含以下有電梯),24,七層/九層,房地(土地+建物),土:1 建:1車:0,1房1衛,,有,有,商業用,
士林區社正路５０號四樓,,114/07/18,1500,42.53,35.27,86.92%,公寓(5樓含以下無電梯),37,四層/五層,房地(土地+建物),土:1 建:1車:0,3房2廳1衛,,無,無,住家用,
士林區福國路９８號五樓之８,雙子星,114/07/18,2668,74.45,35.83,80.30%,住宅大樓(11層含以上有電梯),46,五層/十四層,房地(土地+建物),土:1 建:1車:0,4房2廳2衛,,有,有,住家用,陽台外推;其他增建;
士林區基河路４０號六樓之７,北美館,114/07/18,920,120.07,7.66,73.79%,住宅大樓(11層含以上有電梯),27,六層/十三層,房地(土地+建物),土:2 建:1車:0,1廳1衛,,有,有,住家用,
士林區社中街２１０巷２１弄１３號四樓,,114/07/18,763,29.85,25.56,100.00%,公寓(5樓含以下無電梯),50,四層/四層,房地(土地+建物),土:2 建:1車:0,4房1廳1衛,,無,無,住家用,親友、員工、共有人或其他特殊關係間之交易;
士林區承德路四段４０巷２１號二樓之１,劍潭整宅貳期,114/07/18,510,54.92,9.29,89.58%,華廈(10層含以下有電梯),53,二層/五層,房地(土地+建物),土:1 建:1車:0,1房1廳1衛,,有,有,住家用,陽台外推;其他增建;
士林區承德路四段４０巷２５號,劍潭整宅貳期,114/07/17,900,83.74,10.75,94.46%,華廈(10層含以下有電梯),53,一層/五層,房地(土地+建物),土:1 建:1車:0,,,有,有,住家用,
士林區中山北路五段７４６號十二樓之１,全陽豐會,114/07/17,4300,95.95,55.66,60.65%,住宅大樓(11層含以上有電梯),1,十二層/十八層,房地(土地+建物)+車位,土:1 建:1車:1,4房2廳2衛,300,有,有,住家用,
士林區重慶北路四段４９巷４８號,,114/07/16,10000,0,186.32,,透天厝,67,全/四層,房地(土地+建物),土:3 建:5車:0,,,無,無,住工用,親友、員工、共有人或其他特殊關係間之交易;
士林區中山北路七段６３巷３１號,天母國堡,114/07/16,1250,66.24,18.87,100.00%,公寓(5樓含以下無電梯),50,"一層,平台/四層",房地(土地+建物),土:3 建:1車:0,3房1廳1衛,,無,無,住家用,親友、員工、共有人或其他特殊關係間之交易;
士林區志成街２２巷１５弄１３號六樓,,114/07/16,1000,24.42,40.94,74.13%,華廈(10層含以下有電梯),42,六層/七層,房地(土地+建物),土:1 建:1車:0,3房2廳2衛,,無,有,住家用,親友、員工、共有人或其他特殊關係間之交易;
士林區中正路６６８號四樓,,114/07/15,3368,64.51,52.21,81.66%,華廈(10層含以下有電梯),35,四層/九層,房地(土地+建物),土:1 建:1車:0,3房2廳3衛,,有,有,住家用,陽台外推;其他增建;
士林區中山北路五段８５０巷２２號三樓,,114/07/15,2368,58.29,40.63,88.08%,公寓(5樓含以下無電梯),45,三層/五層,房地(土地+建物),土:1 建:1車:0,3房2廳2衛,,無,無,住家用,其他增建;
士林區通河街１７號三樓,圓山迎春風,114/07/15,2850,90.47,38.73,45.72%,華廈(10層含以下有電梯),13,三層/八層,房地(土地+建物)+車位,土:1 建:1車:1,3房1廳1衛,280,有,有,住家用,夾層;其他增建;
士林區中山北路七段１５２之１號二樓,,114/07/14,2536,55.86,45.4,78.88%,華廈(10層含以下有電梯),41,二層/七層,房地(土地+建物),土:1 建:1車:0,4房2廳2衛,,無,有,住家用,陽台加窗、建物向外加蓋鐵窗其他增建;
士林區福港街２５９巷１５號五樓,,114/07/14,800,46.05,17.37,79.35%,公寓(5樓含以下無電梯),43,五層/五層,房地(土地+建物),土:1 建:1車:0,2房2廳1衛,,無,無,住家用,親友、員工、共有人或其他特殊關係間之交易;陽台外推;頂樓加蓋;
士林區天玉街１３之２號八樓,縱橫天母,114/07/14,6800,92,87.33,58.68%,住宅大樓(11層含以上有電梯),18,八層/十五層,房地(土地+建物)+車位,土:1 建:1車:2,4房2廳3衛,600,有,有,住家用,陽台外推;其他增建;
士林區至誠路一段６２巷１０弄１號二樓,至誠花園,114/07/14,3700,75.98,52.87,55.36%,華廈(10層含以下有電梯),17,二層/六層,房地(土地+建物)+車位,土:1 建:1車:1,3房2廳2衛,170,有,有,住家用,"含土地增值稅或其他稅費524,249元;含地政士服務費27,500元;"
士林區環河北路三段１１１號六樓之１,天星花園,114/07/14,1500,57.88,25.92,67.39%,住宅大樓(11層含以上有電梯),21,六層/十三層,房地(土地+建物)+車位,土:2 建:2車:1,2房1廳1衛,,有,有,住家用,
士林區後港街１５０號八樓,圓山巴黎,114/07/14,4000,62.83,63.66,57.99%,住宅大樓(11層含以上有電梯),28,八層/十二層,房地(土地+建物)+車位,土:1 建:1車:1,4房2廳2衛,,有,有,住家用,陽台外推;
士林區中山北路五段７４６號十一樓之３,全陽豐會,114/07/13,3880,107.74,47.2,59.44%,住宅大樓(11層含以上有電梯),1,十一層/十八層,房地(土地+建物)+車位,土:1 建:1車:1,3房2廳2衛,300,有,有,住家用,
士林區士東路８８號十一樓,璞氏集,114/07/13,5950,118.06,70.86,55.84%,住宅大樓(11層含以上有電梯),7,十一層/十四層,房地(土地+建物)+車位,土:1 建:1車:2,3房2廳2衛,500,有,有,住家用,其他增建;
士林區基河路３０８號十一樓,達麗陽明大苑,114/07/12,3560,126.31,35.31,60.40%,住宅大樓(11層含以上有電梯),1,十一層/十九層,房地(土地+建物)+車位,土:1 建:1車:1,2房2廳2衛,320,有,有,住家用,
士林區中山北路七段３７號二樓,,114/07/11,2366,75.5,31.34,100.00%,公寓(5樓含以下無電梯),54,二層/四層,房地(土地+建物),土:3 建:1車:0,3房2廳2衛,,無,無,住家用,
士林區德行東路１０４巷７弄７號二樓,忠義新村,114/07/10,525,39.5,13.29,92.13%,公寓(5樓含以下無電梯),43,二層/五層,房地(土地+建物),土:2 建:1車:0,3房2廳2衛,,無,無,住家用,親友、員工、共有人或其他特殊關係間之交易;
士林區德行東路１０４巷７弄７號二樓,忠義新村,114/07/10,525,39.5,13.29,92.13%,公寓(5樓含以下無電梯),43,二層/五層,房地(土地+建物),土:2 建:1車:0,3房2廳2衛,,無,無,住家用,親友、員工、共有人或其他特殊關係間之交易;
士林區社子街２２巷６７號七樓之２,江南春,114/07/09,2100,45.63,46.02,61.16%,華廈(10層含以下有電梯),31,七層/九層,房地(土地+建物)+車位,土:1 建:1車:1,3房2廳2衛,250,有,有,住家用,
士林區中山北路六段４１９巷３３號四樓,,114/07/09,1680,45.38,37.02,83.33%,公寓(5樓含以下無電梯),42,四層/五層,房地(土地+建物),土:2 建:1車:0,3房2廳2衛,,無,無,住家用,親友、員工、共有人或其他特殊關係間之交易;
士林區忠誠路二段９８巷５弄１２號,,114/07/08,1340,0,9.43,,透天厝,52,全/二層,房地(土地+建物),土:1 建:1車:0,2房1廳2衛,,無,無,住家用,
士林區環河北路三段１２７號十樓,天星花園,114/07/08,1734.5,43.04,40.3,56.69%,住宅大樓(11層含以上有電梯),21,十層/十三層,房地(土地+建物)+車位,土:2 建:2車:1,2房1廳2衛,,有,有,住家用,親友、員工、共有人或其他特殊關係間之交易;
士林區永平街９巷１８弄３號四樓,,114/07/08,1200,51.23,23.43,87.02%,公寓(5樓含以下無電梯),45,四層/五層,房地(土地+建物),土:1 建:1車:0,2房2廳1衛,,無,無,住家用,親友、員工、共有人或其他特殊關係間之交易;陽台外推;
士林區忠誠路二段１４０巷１５弄２９號二樓,,114/07/08,1278,62.8,20.35,81.61%,公寓(5樓含以下無電梯),47,二層/五層,房地(土地+建物),土:1 建:1車:0,2房2廳2衛,,無,無,住家用,陽台外推;
士林區忠誠路二段１４０巷１５弄２９號二樓,,114/07/08,1378,67.72,20.35,81.61%,公寓(5樓含以下無電梯),47,二層/五層,房地(土地+建物),土:1 建:1車:0,2房2廳2衛,,無,無,住家用,陽台外推;
士林區中山北路六段４０５巷８８號五樓之３,新美齊心岳,114/07/07,5950,117.15,63.56,62.16%,住宅大樓(11層含以上有電梯),2,五層/十四層,房地(土地+建物)+車位,土:1 建:1車:2,3房2廳2衛,600,有,有,住家用,
士林區天玉街３８巷１２號二樓之３,天母蘭桂坊,114/07/06,1900,100.26,18.95,47.23%,住宅大樓(11層含以上有電梯),28,二層/十一層,房地(土地+建物),土:1 建:1車:0,2房2廳2衛,,有,有,住家用,陽台外推;夾層;其他增建;
士林區中山北路七段１１４巷５１弄１２號七樓,,114/07/06,2850,67.49,42.23,71.09%,華廈(10層含以下有電梯),45,七層/七層,房地(土地+建物),土:1 建:1車:0,3房2廳1衛,,無,有,住家用,陽台外推;頂樓加蓋;其他增建;
士林區中山北路六段２９０巷７弄１１之２號二樓,,114/07/05,2750,67.45,40.77,86.26%,公寓(5樓含以下無電梯),38,二層/五層,房地(土地+建物),土:2 建:1車:0,3房2廳2衛,,無,無,住家用,陽台外推;其他增建;
士林區格致路２０巷１號三樓之１１,華崗,114/07/05,1000,48.34,20.68,61.47%,華廈(10層含以下有電梯),24,三層/九層,房地(土地+建物),土:1 建:1車:0,1房1廳1衛,,有,有,商業用,陽台外推;
士林區中山北路六段２３６巷１２之１號二樓,,114/07/05,2260,63.02,35.86,81.86%,公寓(5樓含以下無電梯),40,二層/五層,房地(土地+建物),土:1 建:1車:0,3房2廳2衛,,無,無,住家用,陽台外推;
士林區士東路５４巷３６號四樓,,114/07/04,1500,42.65,35.17,81.46%,華廈(10層含以下有電梯),31,四層/五層,房地(土地+建物),土:1 建:1車:0,3房2廳2衛,,無,有,住家用,親友、員工、共有人或其他特殊關係間之交易;
士林區至善路二段１６８號十樓,至善天下,114/07/03,4359,36.71,118.74,49.19%,住宅大樓(11層含以上有電梯),29,十層/十六層,房地(土地+建物)+車位,土:3 建:1車:2,4房2廳3衛,,有,有,住家用,親友、員工、共有人或其他特殊關係間之交易;
士林區至善路二段１７０號十樓,至善天下,114/07/03,4458,38.26,116.5,50.14%,住宅大樓(11層含以上有電梯),29,十層/十六層,房地(土地+建物)+車位,土:3 建:1車:2,3房2廳3衛,,有,有,住家用,親友、員工、共有人或其他特殊關係間之交易;
士林區中山北路六段４５０巷３４號三樓,,114/07/03,2250,62.11,36.22,88.25%,公寓(5樓含以下無電梯),47,三層/五層,房地(土地+建物),土:1 建:1車:0,4房2廳2衛,,無,無,住家用,
士林區格致路２０巷１號三樓之１７,華崗,114/07/02,465,59.05,7.87,59.97%,華廈(10層含以下有電梯),24,三層/九層,房地(土地+建物),土:1 建:1車:0,1房1廳1衛,,有,有,商業用,陽台外推;夾層;
士林區通河東街一段１２４巷１９號二樓,,114/07/02,1950,60.11,32.44,84.07%,公寓(5樓含以下無電梯),44,二層/五層,房地(土地+建物),土:1 建:1車:0,3房2廳2衛,,無,無,住家用,陽台外推;其他增建;
士林區中山北路七段１４巷３４之１號四樓,僑資華廈,114/07/02,2800,66.15,50.96,84.51%,華廈(10層含以下有電梯),48,四層/七層,房地(土地+建物)+車位,土:4 建:1車:1,4房2廳2衛,250,有,有,住家用,陽台外推;
士林區德行東路８１巷１５弄２７號,,114/07/02,3300,0,29.26,,透天厝,54,全/二層,房地(土地+建物),土:1 建:1車:0,2房2廳2衛,,無,無,住家用,未登記建物;
士林區中山北路五段７７７巷７號三樓,,114/07/02,900,37.24,24.17,82.23%,公寓(5樓含以下無電梯),46,三層/四層,房地(土地+建物),土:1 建:1車:0,3房1廳1衛,,無,無,住家用,親友、員工、共有人或其他特殊關係間之交易;
士林區雨聲街８３巷４號四樓,,114/07/01,1800,51.87,34.7,85.69%,公寓(5樓含以下無電梯),41,四層/五層,房地(土地+建物),土:1 建:1車:0,3房2廳2衛,,無,無,住家用,親友、員工、共有人或其他特殊關係間之交易;
士林區天母東路３８之６號三樓,,114/07/01,4280,69.86,61.26,73.71%,住宅大樓(11層含以上有電梯),39,三層/十二層,房地(土地+建物),土:1 建:1車:0,5房2廳2衛,,有,有,商業用,
士林區基河路２２號二樓之１,鄉林層峰,114/07/01,2000,61.32,32.62,57.00%,住宅大樓(11層含以上有電梯),17,二層/十八層,房地(土地+建物)+車位,土:1 建:1車:1,1房1廳1衛,,有,有,住家用,親友、員工、共有人或其他特殊關係間之交易;
士林區中社路一段１１巷１０７號二樓,,114/06/30,1300,41.42,31.38,100.00%,公寓(5樓含以下無電梯),50,二層/四層,房地(土地+建物),土:1 建:1車:0,4房2廳2衛,,無,無,住家用,親友、員工、共有人或其他特殊關係間之交易;
士林區中山北路七段１９０巷２４之４號,靜盧,114/06/30,1000,41.93,23.85,74.56%,華廈(10層含以下有電梯),48,一層/七層,房地(土地+建物)+車位,土:2 建:1車:1,3房2廳2衛,,有,有,住家用,親友、員工、共有人或其他特殊關係間之交易;
士林區忠義街１３１號二樓,,114/06/29,1900,70.21,27.06,96.68%,公寓(5樓含以下無電梯),49,二層/五層,房地(土地+建物),土:1 建:1車:0,3房2廳1衛,,無,無,住家用,其他增建;
士林區德行東路３３１巷３６弄１５號三樓,,114/06/29,2650,66.42,39.9,89.16%,公寓(5樓含以下無電梯),41,三層/五層,房地(土地+建物),土:1 建:1車:0,4房2廳2衛,,無,無,住家用,其他增建;
士林區延平北路五段２２４巷１６號,,114/06/29,1368,68.97,19.83,100.00%,公寓(5樓含以下無電梯),64,"一層,騎樓/二層",房地(土地+建物),土:1 建:1車:0,2房2廳2衛,,無,無,住家用,頂樓加蓋;其他增建;
士林區格致路２０巷３１號三樓之７,仰德大廈,114/06/28,572,48.9,11.7,55.57%,華廈(10層含以下有電梯),29,三層/十層,房地(土地+建物),土:2 建:1車:0,1房1廳1衛,,有,有,住家用,
士林區忠誠路一段１１３號四樓,天母鉅星,114/06/28,3000,80.79,37.13,79.41%,住宅大樓(11層含以上有電梯),36,四層/十二層,房地(土地+建物),土:1 建:1車:0,3房2廳2衛,,有,有,住家用,其他增建;
士林區士東路２６６巷３弄９之１號三樓,,114/06/28,1720,61.45,27.99,91.17%,公寓(5樓含以下無電梯),45,三層/五層,房地(土地+建物),土:5 建:1車:0,3房2廳1衛,,無,無,住家用,陽台外推;其他增建;
士林區環河北路三段１９９號三樓,葫蘆厝,114/06/28,1850,48.42,38.21,62.00%,華廈(10層含以下有電梯),28,三層/九層,房地(土地+建物),土:1 建:1車:0,1房2廳2衛,,有,有,住家用,其他增建;
士林區華齡街８２號三樓,,114/06/28,2412,69.13,34.89,87.36%,公寓(5樓含以下無電梯),45,三層/五層,房地(土地+建物),土:1 建:1車:0,3房2廳2衛,,無,無,住家用,陽台外推;其他增建;
士林區中山北路七段１４巷５弄４號四樓,,114/06/27,2700,56.05,48.17,90.98%,公寓(5樓含以下無電梯),47,四層/五層,房地(土地+建物),土:1 建:1車:0,4房2廳2衛,,無,無,住家用,其他增建;
士林區芝玉路一段１９８號二樓,,114/06/27,4400,81.2,54.19,72.53%,住宅大樓(11層含以上有電梯),29,二層/十九層,房地(土地+建物),土:1 建:1車:0,3房2廳2衛,,有,有,住家用,
士林區中山北路六段１７２巷２２弄６號一樓,,114/06/27,2000,86.65,23.08,100.00%,公寓(5樓含以下無電梯),50,"一層,平台/四層",房地(土地+建物),土:1 建:1車:0,3房2廳1衛,,無,無,住家用,平台外推、庭院增建其他增建;
士林區中正路１０４巷２弄９號四樓,,114/06/26,2015,84.7,23.79,87.49%,公寓(5樓含以下無電梯),39,四層/五層,房地(土地+建物),土:2 建:1車:0,3房2廳1衛,,無,無,住家用,
士林區德行東路６之３號三樓,陽信大樓,114/06/25,2880,76.28,37.76,68.72%,華廈(10層含以下有電梯),42,三層/七層,房地(土地+建物),土:2 建:1車:0,4房2廳2衛,,有,有,住家用,
士林區小北街４３號二樓,,114/06/25,1290,75.62,17.06,91.79%,公寓(5樓含以下無電梯),53,二層/四層,房地(土地+建物),土:1 建:1車:0,1房2廳1衛,,無,無,住家用,陽台外推;其他增建;
士林區延平北路六段２１６之１號,,114/06/24,1543,47.29,32.63,74.77%,住宅大樓(11層含以上有電梯),19,"一層,夾層/十二層",房地(土地+建物),土:1 建:1車:0,7房2廳2衛,,有,有,商業用,買賣雙方有售後回租之約定夾層;
士林區社子街８９號三樓,,114/06/24,1400,48.16,29.07,100.00%,公寓(5樓含以下無電梯),49,"三層,陽臺/四層",房地(土地+建物),土:1 建:1車:0,4房2廳1衛,,無,無,住家用,陽台外推;其他增建;
士林區中山北路七段２１６巷５之２號四樓,福星公爵,114/06/24,2900,58.89,49.25,76.90%,華廈(10層含以下有電梯),39,四層/六層,房地(土地+建物),土:1 建:1車:0,4房2廳2衛,,有,有,住家用,陽台外推;其他增建;
士林區中社路二段１３５號,,114/06/24,1860,59.27,31.38,100.00%,公寓(5樓含以下無電梯),49,一層/四層,房地(土地+建物),土:1 建:1車:0,3房2廳2衛,,無,無,住家用,
士林區社正路６６號二樓,箱根雅苑B區,114/06/24,2500,54.15,46.16,82.15%,華廈(10層含以下有電梯),19,二層/九層,房地(土地+建物)+車位,土:1 建:1車:1,3房2廳2衛,,有,有,住家用,
士林區福志路６６號,福林家園,114/06/23,3000,91.8,32.68,64.05%,華廈(10層含以下有電梯),23,一層/七層,房地(土地+建物),土:1 建:1車:0,3房2廳2衛,,有,有,住家用,其他增建;
士林區承德路四段２９４之２號,圓山福第,114/06/23,3650,96.39,37.87,67.19%,住宅大樓(11層含以上有電梯),37,一層/十二層,房地(土地+建物),土:1 建:1車:0,1房1衛,,有,有,商業用,夾層;其他增建;
士林區後港街８６號五樓,,114/06/23,1700,52.03,32.67,86.29%,公寓(5樓含以下無電梯),43,五層/五層,房地(土地+建物),土:1 建:1車:0,5房2廳4衛,,無,無,工業用,頂樓加蓋;其他增建;
士林區福華路１２８巷１２號二樓,,114/06/23,2450,85.51,28.65,85.50%,公寓(5樓含以下無電梯),46,二層/五層,房地(土地+建物),土:2 建:1車:0,4房4衛,,無,無,住家用,陽台外推;其他增建;
士林區天母西路４２號五樓,,114/06/23,2068,65.05,31.79,91.61%,公寓(5樓含以下無電梯),48,五層/五層,房地(土地+建物),土:1 建:1車:0,3房2廳2衛,,無,無,住家用,陽台外推;其他增建;
士林區中山北路七段８１巷１６弄９號十一樓,,114/06/23,5480,96.7,58.11,54.38%,住宅大樓(11層含以上有電梯),3,十一層/十五層,房地(土地+建物)+車位,土:1 建:1車:1,3房2廳2衛,300,有,有,住家用,
士林區福志路１１０號四樓,官峰A+,114/06/23,2920,83.5,34.97,46.13%,華廈(10層含以下有電梯),10,四層/六層,房地(土地+建物)+車位,土:1 建:1車:1,2房2廳1衛,,有,有,住家用,
士林區承德路四段２７７巷３５號九樓之３,MOMA,114/06/23,3000,85.49,35.09,43.28%,華廈(10層含以下有電梯),15,九層/九層,房地(土地+建物)+車位,土:1 建:1車:1,2房2廳2衛,,有,有,住家用,露臺增建陽台外推;其他增建;
士林區文林路６６１巷１５號四樓,,114/06/23,260,28.55,9.11,67.55%,華廈(10層含以下有電梯),33,"四層,五層/五層",房地(土地+建物),土:1 建:1車:0,2房1衛,,無,有,住家用,此交易是部份持分買賣交易親友、員工、共有人或其他特殊關係間之交易;
士林區格致路２０巷１號五樓之１１,華崗,114/06/22,838,50.82,16.49,59.66%,華廈(10層含以下有電梯),24,五層/九層,房地(土地+建物),土:1 建:1車:0,1房1廳2衛,,有,有,商業用,陽台外推;夾層;
士林區中山北路五段７５９號十五樓,天母仰格,114/06/22,8500,102.77,98.37,55.07%,住宅大樓(11層含以上有電梯),1,十五層/十七層,房地(土地+建物)+車位,土:1 建:1車:2,3房2廳3衛,715,有,有,住家用,
士林區中山北路五段７５９號十四樓,,114/06/22,8450,102.38,98.31,55.06%,住宅大樓(11層含以上有電梯),1,十四層/十七層,房地(土地+建物)+車位,土:1 建:1車:2,3房2廳3衛,700,有,有,住家用,
士林區通河東街一段１７６號二樓,,114/06/22,918,41.12,22.32,92.87%,公寓(5樓含以下無電梯),43,二層/五層,房地(土地+建物),土:1 建:1車:0,3房2廳1衛,,無,無,其他,陽台外推;其他增建;
士林區中山北路七段１４巷１０之２號二樓,芝柏園,114/06/22,2500,56.14,44.53,76.50%,華廈(10層含以下有電梯),43,二層/七層,房地(土地+建物),土:1 建:1車:0,4房2廳2衛,,有,有,住家用,
士林區中山北路六段４０５巷８５號二樓,天母金鑽,114/06/21,2695,85.07,33.36,45.63%,華廈(10層含以下有電梯),13,二層/八層,房地(土地+建物)+車位,土:1 建:1車:1,2房2廳2衛,180,有,有,住家用,陽台外推;夾層;其他增建;
士林區社正路９０號三樓,,114/06/21,1620,71.96,22.51,100.00%,公寓(5樓含以下無電梯),54,三層/四層,房地(土地+建物),土:2 建:1車:0,3房2廳1衛,,無,無,住家用,陽台外推;
士林區天母北路５６號十四樓之１,聯上天母,114/06/21,4298,98.15,43.79,51.12%,住宅大樓(11層含以上有電梯),5,十四層/二十四層,房地(土地+建物),土:1 建:1車:0,2房2廳2衛,,有,有,住家用,
士林區永公路３６１號,,114/06/21,16236,0,88.94,,透天厝,56,全/二層,房地(土地+建物)+車位,土:6 建:1車:1,6房2廳6衛,,無,無,住家用,其他增建;
士林區德行東路１０４巷７弄７號三樓,忠義新村,114/06/21,1570,58.77,26.71,92.14%,公寓(5樓含以下無電梯),43,三層/五層,房地(土地+建物),土:6 建:1車:0,3房2廳2衛,,無,無,住家用,後陽台增建其他增建;
士林區天玉街１０３之３號二樓,賓士名邸,114/06/21,2950,61.41,48.03,75.65%,華廈(10層含以下有電梯),39,二層/七層,房地(土地+建物),土:1 建:1車:0,4房2廳2衛,,無,有,住家用,陽台外推;其他增建;
士林區士東路２００巷８０號五樓,,114/06/20,1350,63.11,21.39,80.77%,公寓(5樓含以下無電梯),48,五層/五層,房地(土地+建物),土:1 建:1車:0,3房2廳1衛,,無,無,住家用,陽台外推;頂樓加蓋;其他增建;
士林區中社路一段４３巷１０號二樓,,114/06/20,880,41.76,21.07,100.00%,公寓(5樓含以下無電梯),50,二層/四層,房地(土地+建物),土:1 建:1車:0,3房2廳2衛,,無,無,住家用,陽台外推;
士林區天母東路３０號十樓,天母東宮,114/06/20,4880,82.06,67.86,99.40%,住宅大樓(11層含以上有電梯),40,十層/十二層,房地(土地+建物)+車位,土:3 建:1車:1,4房2廳2衛,350,有,有,住家用,陽台外推;其他增建;
士林區雨聲街４巷７號三樓,,114/06/20,1450,49.16,29.49,85.54%,公寓(5樓含以下無電梯),48,三層/四層,房地(土地+建物),土:1 建:1車:0,3房2廳2衛,,無,無,住家用,親友、員工、共有人或其他特殊關係間之交易;
士林區忠誠路二段５８號三樓,滿慈樓,114/06/20,4188,90.35,46.35,74.82%,華廈(10層含以下有電梯),38,三層/七層,房地(土地+建物),土:1 建:1車:0,3房2廳1衛,,有,有,住家用,陽台外推;
士林區劍潭路９５號二樓,,114/06/19,2220,67.71,32.78,92.62%,公寓(5樓含以下無電梯),55,二層/四層,房地(土地+建物),土:2 建:1車:0,3房2廳2衛,,無,無,住家用,陽台外推;其他增建;
士林區社子街１１５巷６號二樓,,114/06/19,400,27.07,14.77,100.00%,公寓(5樓含以下無電梯),54,二層/三層,房地(土地+建物),土:1 建:1車:0,2房1廳1衛,,無,無,住家用,親友、員工、共有人或其他特殊關係間之交易;
士林區中山北路六段２０７號,,114/06/18,1600,57.74,27.71,45.30%,公寓(5樓含以下無電梯),37,一層/五層,房地(土地+建物),土:2 建:1車:0,2房2廳1衛,,無,無,商業用,中山北路六段207號買賣總價900萬元正 中山北路六段209號買賣總價700萬元正 2戶打通格局親友、員工、共有人或其他特殊關係間之交易;
士林區環河北路三段２０３號十樓之１,京水灩,114/06/18,2620,50.61,51.77,59.42%,住宅大樓(11層含以上有電梯),13,十層/十一層,房地(土地+建物)+車位,土:2 建:1車:1,2房2廳2衛,,有,有,住家用,天井增建其他增建;
士林區中山北路七段１１４巷１號五樓之１,峰雅,114/06/18,3268,116.19,35.68,58.20%,華廈(10層含以下有電梯),1,五層/九層,房地(土地+建物)+車位,土:1 建:1車:1,2房2廳1衛,200,有,有,住家用,
士林區中山北路七段２１３之１０號八樓,天母中銀山莊,114/06/17,2398,61.9,38.74,73.62%,華廈(10層含以下有電梯),40,八層/十層,房地(土地+建物),土:1 建:1車:0,3房2廳2衛,,有,有,住家用,其他增建;
士林區格致路２０５巷６號三樓之２,,114/06/16,920,32.39,28.41,50.93%,華廈(10層含以下有電梯),30,"三層,電梯樓梯間/五層",房地(土地+建物)+車位,土:2 建:1車:1,1房1廳1衛,,有,有,住家用,親友、員工、共有人或其他特殊關係間之交易;
士林區平菁街４２巷１２號,,114/06/16,9900,0,78.5,,透天厝,29,全/二層,房地(土地+建物)+車位,土:8 建:1車:1,8房2廳4衛,,無,無,農業用,
士林區中山北路七段１４巷６５弄３號四樓,羅馬儷園,114/06/16,800,26.29,30.43,79.97%,公寓(5樓含以下無電梯),41,四層/五層,房地(土地+建物),土:1 建:1車:0,3房2廳2衛,,無,無,住家用,親友、員工、共有人或其他特殊關係間之交易;
士林區雨聲街５９巷３２號二樓,,114/06/16,2520,60.91,41.37,80.86%,公寓(5樓含以下無電梯),40,二層/五層,房地(土地+建物),土:1 建:1車:0,4房2廳2衛,,無,無,住家用,陽台外推;
士林區大北路４９號三樓,,114/06/16,1251.5,38.69,32.35,100.00%,華廈(10層含以下有電梯),57,三層/三層,房地(土地+建物),土:1 建:1車:0,5房3廳2衛,,無,有,住家用,親友、員工、共有人或其他特殊關係間之交易;
士林區大北路４９號二樓,,114/06/16,1245.8,38.52,32.35,100.00%,華廈(10層含以下有電梯),57,二層/三層,房地(土地+建物),土:1 建:1車:0,3房2廳1衛,,無,有,住家用,親友、員工、共有人或其他特殊關係間之交易;
士林區大北路４９號,,114/06/16,1245.1,38.49,32.35,100.00%,華廈(10層含以下有電梯),57,"一層,騎樓/三層",房地(土地+建物),土:1 建:1車:0,2房2廳1衛,,無,有,住商用,親友、員工、共有人或其他特殊關係間之交易;
士林區中山北路六段１８６巷２５弄１１號四樓,,114/06/15,2350,60.38,38.92,87.53%,公寓(5樓含以下無電梯),40,四層/五層,房地(土地+建物),土:1 建:1車:0,3房2廳2衛,,有,無,住家用,陽台外推;其他增建;
士林區承德路四段４０巷５０號三樓,劍潭整宅B區,114/06/15,771,70.86,10.88,91.10%,公寓(5樓含以下無電梯),55,二層/五層,房地(土地+建物),土:1 建:1車:0,2房1廳1衛,,有,無,住家用,陽台外推;其他增建;
士林區文林路７６５號二樓之５,寶殿大廈,114/06/15,3088,69.73,44.29,75.59%,住宅大樓(11層含以上有電梯),44,二層/十一層,房地(土地+建物),土:3 建:1車:0,3房2廳2衛,,有,有,住家用,其他增建;
士林區德行東路１９０巷４０弄１１號五樓,,114/06/15,1875,45.96,40.8,86.10%,公寓(5樓含以下無電梯),39,五層/五層,房地(土地+建物),土:1 建:1車:0,4房2廳2衛,,無,無,住家用,
士林區延平北路五段２２４巷１６號二樓,,114/06/15,784,39.53,19.83,100.00%,公寓(5樓含以下無電梯),64,二層/二層,房地(土地+建物),土:1 建:1車:0,3房2廳2衛,,無,無,住家用,其他增建;
士林區承德路四段４０巷１號二樓之６,劍潭整宅貳期,114/06/14,722,77.75,9.29,89.58%,華廈(10層含以下有電梯),53,二層/五層,房地(土地+建物),土:1 建:1車:0,2房2廳1衛,,無,有,住家用,陽台外推;其他增建;
士林區天母北路８７巷１３號二樓,,114/06/14,2650,70.24,37.73,82.76%,華廈(10層含以下有電梯),37,二層/七層,房地(土地+建物),土:4 建:1車:0,3房2廳2衛,,有,有,住家用,陽台外推;
士林區基河路１２８號五樓之７,基河之星,114/06/14,855,90.1,9.49,56.93%,住宅大樓(11層含以上有電梯),29,五層/十一層,房地(土地+建物),土:1 建:1車:0,1房1廳1衛,,有,有,住家用,陽台外推;
士林區德行東路１００號四樓,,114/06/14,1520,60.23,25.24,95.55%,公寓(5樓含以下無電梯),51,四層/四層,房地(土地+建物),土:1 建:1車:0,3房1衛,,無,無,住家用,其他增建;
士林區承德路四段１２４號三樓,圓山諾貝爾,114/06/14,3458,92.95,37.2,74.66%,住宅大樓(11層含以上有電梯),40,三層/十二層,房地(土地+建物),土:1 建:1車:0,3房2廳2衛,,有,有,住家用,其他增建;
士林區延平北路五段２８５巷８９號二樓,硯藏,114/06/13,1000,56.94,17.56,51.19%,公寓(5樓含以下無電梯),9,二層/五層,房地(土地+建物),土:1 建:1車:0,1房1廳1衛,,無,無,住家用,
士林區中山北路六段１５７巷１３號四樓,天母樂活,114/06/12,2670,97.02,37.49,57.50%,住宅大樓(11層含以上有電梯),17,四層/十五層,房地(土地+建物)+車位,土:1 建:1車:1,2房1廳1衛,300,有,有,商業用,其他增建;
士林區中山北路七段３８巷１２弄４之３號五樓,,114/06/12,1380,81.33,16.97,87.38%,公寓(5樓含以下無電梯),47,五層/五層,房地(土地+建物),土:1 建:1車:0,2房2廳1衛,,無,無,住家用,頂樓加蓋;其他增建;
士林區大亨路６巷２２號,,114/06/11,1800,53.02,33.95,100.00%,公寓(5樓含以下無電梯),59,三層/三層,房地(土地+建物),土:3 建:1車:0,3房2廳2衛,,無,無,住家用,親友、員工、共有人或其他特殊關係間之交易;
士林區德行東路３１號,富森天母大廈,114/06/11,1350.5,159.33,8.48,32.23%,華廈(10層含以下有電梯),3,一層/七層,房地(土地+建物),土:1 建:2車:0,,,有,有,商業用,親友、員工、共有人或其他特殊關係間之交易;
士林區德行東路２９號,富森天母大廈,114/06/11,1350.5,159.33,8.48,32.23%,華廈(10層含以下有電梯),3,一層/七層,房地(土地+建物),土:1 建:2車:0,,,有,有,商業用,親友、員工、共有人或其他特殊關係間之交易;
士林區文林路５００號九樓之１,囍堂,114/06/11,2715,106.82,25.42,63.33%,住宅大樓(11層含以上有電梯),12,九層/十三層,房地(土地+建物)+車位,土:1 建:1車:1,2房2廳1衛,,有,有,住家用,
士林區福華路１２８巷３弄５２號,,114/06/10,3040,125.56,24.21,100.00%,公寓(5樓含以下無電梯),55,一層/二層,房地(土地+建物),土:1 建:2車:0,1房1廳2衛,,無,無,住工用,平台增建頂樓加蓋;其他增建;
士林區格致路２０巷１號六樓之１４,華崗,114/06/09,385,53.91,7.14,59.30%,華廈(10層含以下有電梯),24,六層/九層,房地(土地+建物),土:1 建:1車:0,1房1廳1衛,,有,有,商業用,陽台外推;夾層;
士林區重慶北路四段１０８號十四樓之１,日健闊,114/06/09,1705.3,66.97,25.46,63.08%,住宅大樓(11層含以上有電梯),1,十四層/十六層,房地(土地+建物),土:1 建:1車:0,4房2廳2衛,,有,有,住家用,親友、員工、共有人或其他特殊關係間之交易;
士林區承德路四段１７８號二樓,圓山名宮,114/06/09,2328,45.11,51.61,79.70%,住宅大樓(11層含以上有電梯),40,二層/十一層,房地(土地+建物),土:1 建:1車:0,1廳2衛,,有,有,工業用,親友、員工、共有人或其他特殊關係間之交易;
士林區中正路６７５號八樓,忠誠,114/06/09,1580,46.2,34.2,69.51%,住宅大樓(11層含以上有電梯),42,八層/十二層,房地(土地+建物),土:1 建:1車:0,3房2廳2衛,,有,有,住家用,陽台外推;
士林區士東路９１巷１０號四樓,凡爾賽,114/06/08,3400,67.19,50.61,74.79%,華廈(10層含以下有電梯),39,四層/七層,房地(土地+建物)+車位,土:2 建:1車:1,4房2廳2衛,,無,有,住家用,其他增建;
士林區福國路１５巷１８之１號五樓,,114/06/08,2500,70.13,35.65,95.22%,華廈(10層含以下有電梯),48,"五層,陽臺/七層",房地(土地+建物),土:2 建:1車:0,3房2廳2衛,,有,有,住家用,陽台外推;其他增建;
士林區承德路四段４０巷１０５號五樓之６,劍潭整宅B區,114/06/08,738,57,12.95,92.52%,公寓(5樓含以下無電梯),55,四層/五層,房地(土地+建物),土:1 建:1車:0,2房1廳1衛,,無,無,住家用,鐵鋁窗增建、天井增建陽台外推;其他增建;
士林區延平北路五段８３巷２８弄２１號三樓,,114/06/07,668,39.43,16.94,100.00%,公寓(5樓含以下無電梯),50,"三層,陽臺/四層",房地(土地+建物),土:2 建:1車:0,2房1廳1衛,,無,無,住家用,
士林區中山北路六段４１９巷３９號四樓,,114/06/07,1910,56.79,33.63,86.55%,公寓(5樓含以下無電梯),41,四層/五層,房地(土地+建物),土:1 建:1車:0,3房2廳2衛,,無,無,住家用,陽台外推;其他增建;
士林區延平北路五段１３６巷２７弄３０號二樓,,114/06/07,1200,53.79,22.31,100.00%,公寓(5樓含以下無電梯),55,二層/四層,房地(土地+建物),土:1 建:1車:0,2房1廳1衛,,無,無,住家用,其他增建;
士林區芝玉路一段２０３號四樓,,114/06/07,1968,57.39,34.29,92.56%,公寓(5樓含以下無電梯),41,四層/五層,房地(土地+建物),土:1 建:1車:0,3房2廳2衛,,無,無,住家用,陽台外推;其他增建;
士林區中山北路六段１７２巷１６弄２之３號,天母小貴族,114/06/07,740,96.23,7.69,65.03%,華廈(10層含以下有電梯),31,一層/五層,房地(土地+建物),土:1 建:1車:0,1房1衛,,無,有,住家用,其他增建;
士林區承德路四段１０巷２２號二樓,,114/06/07,2250,70.59,31.87,89.56%,公寓(5樓含以下無電梯),52,二層/四層,房地(土地+建物),土:1 建:1車:0,3房2廳2衛,,無,無,住家用,其他增建;
士林區天母東路８巷６０號三樓,天美奇跡,114/06/07,6280,113.78,59.06,62.52%,華廈(10層含以下有電梯),19,三層/八層,房地(土地+建物)+車位,土:1 建:1車:3,4房2廳2衛,300,有,有,住家用,3個坡道機械車位(停車位編號34、35、36)現況變更為1個坡道平面車位(停車位編號34)陽台外推;其他增建;
士林區前街２１巷３０號四樓,,114/06/07,1688,70.63,23.9,76.07%,公寓(5樓含以下無電梯),46,四層/四層,房地(土地+建物),土:3 建:1車:0,4房3廳3衛,,無,無,住家用,陽台外推;頂樓加蓋;其他增建;
士林區天母東路４５之１號五樓,,114/06/07,4188,75.75,55.29,79.43%,華廈(10層含以下有電梯),38,五層/七層,房地(土地+建物),土:1 建:1車:0,3房2廳2衛,,有,有,住家用,
士林區中山北路五段５２８號六樓,欣翰士林官邸,114/06/06,15680,102.1,187.79,50.52%,住宅大樓(11層含以上有電梯),10,六層/十二層,房地(土地+建物)+車位,土:1 建:1車:5,,"1,000",有,有,辦公用,
士林區華岡路２１號四樓之１,陽明山莊,114/06/06,670,29.18,22.96,57.33%,華廈(10層含以下有電梯),30,四層/五層,房地(土地+建物),土:1 建:1車:0,2房1廳1衛,,有,有,住家用,親友、員工、共有人或其他特殊關係間之交易;
士林區福國路９５號七樓之１４,,114/06/06,750,83.85,8.94,100.00%,華廈(10層含以下有電梯),48,七層/八層,房地(土地+建物),土:1 建:1車:0,1房1衛,,有,有,住家用,其他增建;
士林區後港街１６２巷１０弄１５號二樓,,114/06/06,2025,64.11,31.58,88.99%,公寓(5樓含以下無電梯),52,二層/四層,房地(土地+建物),土:1 建:1車:0,4房2廳1衛,,無,無,住家用,其他增建;
士林區中社路一段１１巷４２號,,114/06/06,2400,0,31.38,,透天厝,50,全/一層,房地(土地+建物),土:1 建:1車:0,6房3廳3衛,,無,無,住家用,其他增建;
士林區福港街２８０巷８號二樓,,114/06/05,975,42.04,23.19,100.00%,公寓(5樓含以下無電梯),57,二層/三層,房地(土地+建物),土:1 建:1車:0,4房1廳2衛,,無,無,住家用,
士林區福港街２８０巷６號二樓,,114/06/05,975,42.04,23.19,100.00%,公寓(5樓含以下無電梯),57,二層/三層,房地(土地+建物),土:1 建:1車:0,4房1廳2衛,,無,無,住家用,
士林區延平北路五段１３６巷２７弄３７號,,114/06/04,2320,59.22,39.17,100.00%,公寓(5樓含以下無電梯),56,"一層,騎樓/四層",房地(土地+建物),土:2 建:2車:0,4房2廳2衛,,無,無,住家用,
士林區德行東路３３１巷３０號十二樓,天母真園A座,114/06/04,5800,72.85,79.62,68.10%,住宅大樓(11層含以上有電梯),22,十二層/十四層,房地(土地+建物)+車位,土:1 建:1車:1,4房2廳3衛,,有,有,住家用,
士林區前街７９之１號四樓,,114/06/03,500,44.22,11.31,91.97%,公寓(5樓含以下無電梯),48,四層/四層,房地(土地+建物),土:1 建:1車:0,3房1廳1衛,,無,無,住家用,親友、員工、共有人或其他特殊關係間之交易;
士林區中社路一段９巷１０號,,114/06/03,6200,0,97.49,,透天厝,50,全/二層,房地(土地+建物),土:3 建:1車:0,5房3廳3衛,,有,無,住家用,陽台外推;頂樓加蓋;其他增建;
士林區中山北路六段２９０巷２９弄１１號二樓之６,生活典藏,114/06/03,1115,66.44,16.78,38.91%,華廈(10層含以下有電梯),29,二層/五層,房地(土地+建物)+車位,土:1 建:1車:1,1房1衛,250,有,有,住家用,陽台外推;
士林區中山北路七段１１４巷４１弄１１之２號二樓,敦和園,114/06/03,2150,50.76,45.23,87.05%,華廈(10層含以下有電梯),37,二層/六層,房地(土地+建物)+車位,土:1 建:1車:1,3房2廳2衛,180,有,有,住家用,陽台外推;
士林區通河東街一段１２４巷２號三樓,,114/06/02,1380,51.84,26.62,100.00%,公寓(5樓含以下無電梯),53,三層/三層,房地(土地+建物),土:1 建:1車:0,4房1廳1衛,,無,無,住家用,
士林區天母北路６號三樓,,114/06/02,3290,64.87,50.71,83.84%,華廈(10層含以下有電梯),39,三層/七層,房地(土地+建物),土:2 建:1車:0,4房2廳3衛,,有,有,住家用,陽台加窗。其他增建;
士林區承德路四段２９２巷１１弄８號五樓,,114/06/02,1550,42.91,36.12,79.90%,公寓(5樓含以下無電梯),41,五層/五層,房地(土地+建物),土:2 建:1車:0,3房2廳1衛,,無,無,住家用,頂樓加蓋;其他增建;
士林區德行西路３６號十三樓之１４,萬象之都,114/06/01,2130,113.59,18.75,56.35%,住宅大樓(11層含以上有電梯),17,十三層/十三層,房地(土地+建物),土:3 建:1車:0,,,有,有,商業用,陽台外推;夾層;
士林區德行西路５０號十三樓之６,萬象之都,114/06/01,1568,106.99,14.66,53.31%,住宅大樓(11層含以上有電梯),17,十三層/十三層,房地(土地+建物),土:3 建:1車:0,1房1廳1衛,,有,有,商業用,陽台外推;夾層;其他增建;
士林區天母西路４０之２號七樓,,114/06/01,3800,64.73,58.71,65.07%,華廈(10層含以下有電梯),44,七層/七層,房地(土地+建物),土:1 建:1車:0,4房2廳2衛,,有,有,住家用,頂樓加蓋;其他增建;
士林區通河西街二段１７９號二樓,,114/05/31,1180,59.6,19.8,100.00%,公寓(5樓含以下無電梯),54,二層/三層,房地(土地+建物),土:1 建:1車:0,2房2廳1衛,,無,無,住家用,"空地增建,鐵鋁窗增建陽台外推;其他增建;"
士林區大南路３３５號二樓,士林新天地,114/05/31,3080,66.4,46.39,62.83%,住宅大樓(11層含以上有電梯),18,二層/十五層,房地(土地+建物)+車位,土:1 建:1車:1,3房2廳2衛,,有,有,商業用,其他增建;
士林區社子街６３巷１３號三樓,,114/05/30,1300,40.98,31.72,87.76%,公寓(5樓含以下無電梯),44,三層/五層,房地(土地+建物),土:2 建:1車:0,4房2廳1衛,,無,無,住家用,陽台外推;其他增建;
士林區忠誠路一段１７１巷１２弄７號十二樓,天母懷德A座,114/05/30,5600,89.7,62.43,56.89%,住宅大樓(11層含以上有電梯),15,十二層/十二層,房地(土地+建物),土:2 建:2車:0,4房2廳2衛,,有,有,住家用,
士林區重慶北路四段２６４號二樓,,114/05/29,700,25.98,26.94,100.00%,公寓(5樓含以下無電梯),52,二層/四層,房地(土地+建物),土:1 建:1車:0,3房2廳1衛,,無,無,住家用,親友、員工、共有人或其他特殊關係間之交易;
士林區中山北路七段８１巷１６弄１８號六樓,天母上苑,114/05/29,4900,80.43,60.92,60.51%,住宅大樓(11層含以上有電梯),,六層/十二層,房地(土地+建物)+車位,土:1 建:1車:1,3房2廳2衛,,有,有,住家用,
士林區天母北路５６號十六樓,聯上天母,114/05/29,6638,107.69,78.98,51.78%,住宅大樓(11層含以上有電梯),5,十六層/二十四層,房地(土地+建物)+車位,土:1 建:1車:2,2房2廳2衛,660,有,有,住家用,
士林區中社路一段３７號三樓,,114/05/29,1300,41.76,31.13,100.00%,公寓(5樓含以下無電梯),50,三層/四層,房地(土地+建物),土:1 建:1車:0,4房2廳2衛,,無,無,住家用,其他增建;
士林區環河北路三段１９９號二樓,葫蘆厝,114/05/29,1800,47.11,38.21,62.00%,華廈(10層含以下有電梯),27,二層/九層,房地(土地+建物),土:1 建:1車:0,1房2廳2衛,,有,有,住家用,其他增建;
士林區文林路５８７巷１號,,114/05/28,3000,50.89,58.95,38.44%,公寓(5樓含以下無電梯),31,一層/五層,房地(土地+建物),土:1 建:1車:0,5房2廳4衛,,無,無,住家用,
士林區承德路四段２３４號三樓,,114/05/28,5250,59.15,93.61,87.64%,華廈(10層含以下有電梯),34,三層/九層,房地(土地+建物)+車位,土:1 建:2車:1,4房2廳3衛,250,有,有,商業用,11237建號拆價2762萬(含一個車位250萬) 11238建號拆價2488萬陽台外推;其他增建;
士林區菁山路１０１巷５８弄１５號,,114/05/28,2500,0,39.03,,透天厝,55,全/二層,房地(土地+建物),土:2 建:1車:0,2房2廳2衛,,無,無,住家用,陽台外推;其他增建;
士林區中山北路五段５０５巷１８號,,114/05/28,6600,171.22,38.55,80.92%,公寓(5樓含以下無電梯),40,一層/五層,房地(土地+建物),土:1 建:1車:0,3房2廳2衛,,無,無,住家用,其他增建：平台外推。其他增建;
士林區社子街２２巷６５弄２號,,114/05/28,745.3,37.89,19.67,100.00%,公寓(5樓含以下無電梯),56,三層/三層,房地(土地+建物),土:2 建:1車:0,3房2廳1衛,,無,無,住家用,
士林區芝玉路一段２００號七樓,,114/05/28,5100,61.82,82.5,46.88%,住宅大樓(11層含以上有電梯),29,七層/十九層,房地(土地+建物)+車位,土:1 建:1車:2,4房2廳2衛,,有,有,住家用,
士林區天玉街３８巷１２號三樓之２,天母蘭桂坊,114/05/27,888,76.01,11.68,41.35%,住宅大樓(11層含以上有電梯),28,三層/十一層,房地(土地+建物)+車位,土:1 建:1車:1,1房1廳1衛,,有,有,住家用,
士林區中山北路五段７５５號二樓,天母仰格,114/05/27,4800,82.49,65.98,57.31%,住宅大樓(11層含以上有電梯),1,二層/十七層,房地(土地+建物)+車位,土:1 建:1車:1,3房2廳2衛,330,有,有,商業用,
士林區德行西路５０號十一樓之１２,萬象之都,114/05/27,1600,112.18,14.26,53.40%,住宅大樓(11層含以上有電梯),17,十一層/十三層,房地(土地+建物),土:3 建:1車:0,,,有,有,商業用,陽台外推;
士林區延平北路八段２巷６３弄５號,,114/05/27,500,23.03,21.71,94.54%,公寓(5樓含以下無電梯),57,一層/二層,房地(土地+建物),土:1 建:1車:0,2房1廳1衛,,無,無,住家用,親友、員工、共有人或其他特殊關係間之交易;未登記建物;
士林區格致路２０巷１號二樓之２,華崗,114/05/26,330,32.24,10.24,67.02%,華廈(10層含以下有電梯),24,二層/九層,房地(土地+建物),土:1 建:1車:0,1房1廳1衛,,有,有,商業用,親友、員工、共有人或其他特殊關係間之交易;
士林區美崙街８２巷１６號二樓,,114/05/26,1630,86.35,18.88,100.00%,公寓(5樓含以下無電梯),56,二層/二層,房地(土地+建物),土:1 建:1車:0,5房2廳2衛,,無,無,住家用,陽台外推;頂樓加蓋;其他增建;
士林區延平北路六段４７７號十一樓,亞太企業中心,114/05/26,9060,41.57,217.94,55.56%,住宅大樓(11層含以上有電梯),11,十一層/十四層,房地(土地+建物)+車位,土:1 建:2車:5,,,有,有,商業用,
士林區通河街３２３巷１５之１號,劍潭國宅D區,114/05/25,570,63.92,8.92,89.15%,公寓(5樓含以下無電梯),54,一層/五層,房地(土地+建物),土:1 建:1車:0,1房1廳1衛,,無,無,住家用,其他增建;
士林區社子街１１２巷３號三樓,,114/05/25,1358,66.52,20.42,100.00%,公寓(5樓含以下無電梯),51,三層/三層,房地(土地+建物),土:1 建:1車:0,2房2廳1衛,,無,無,住家用,陽台外推;頂樓加蓋;其他增建;
士林區葫蘆街１９號四樓,,114/05/25,1235,47.38,26.06,100.00%,公寓(5樓含以下無電梯),52,四層/四層,房地(土地+建物),土:1 建:1車:0,4房2廳1衛,,無,無,住家用,其他增建;
士林區德行西路９３巷２弄１０號三樓,,114/05/25,2230,66.56,33.5,87.30%,公寓(5樓含以下無電梯),46,三層/五層,房地(土地+建物),土:4 建:1車:0,3房2廳2衛,,無,無,住家用,親友、員工、共有人或其他特殊關係間之交易;陽台外推;
士林區雨聲街５９巷１號六樓,雨聲華廈,114/05/24,2850,70.79,40.26,85.97%,華廈(10層含以下有電梯),39,六層/七層,房地(土地+建物),土:1 建:1車:0,3房2廳2衛,,有,有,住家用,其他增建;
士林區福國路９８號七樓之４,雙子星,114/05/24,2855,79.67,35.83,80.30%,住宅大樓(11層含以上有電梯),46,七層/十四層,房地(土地+建物),土:1 建:1車:0,2房2廳2衛,,有,有,住家用,陽台外推;
士林區天母東路１０５巷９弄６號六樓,天母桓琚,114/05/24,4020,94.33,44.25,59.05%,住宅大樓(11層含以上有電梯),1,六層/十二層,房地(土地+建物)+車位,土:1 建:1車:1,3房2廳2衛,220,有,有,住家用,
士林區中山北路七段１４６巷３號,,114/05/23,2200,70.97,31,76.39%,公寓(5樓含以下無電梯),42,一層/五層,房地(土地+建物),土:1 建:1車:0,3房2廳2衛,,無,無,住家用,其他增建:平台其他增建;
士林區延平北路五段２１３巷２５號,葫蘆公寓,114/05/23,1480,72.51,20.41,100.00%,公寓(5樓含以下無電梯),53,一層/四層,房地(土地+建物),土:1 建:1車:0,3房2廳1衛,,有,無,住家用,其他增建;具重建或重劃、都更等效益;
士林區延平北路六段２０７號二樓,,114/05/23,1950,65.21,29.9,89.19%,公寓(5樓含以下無電梯),43,二層/五層,房地(土地+建物),土:2 建:2車:0,2房2廳2衛,,無,無,商業用,依土地法34之1規定處分其他增建;
士林區士東路２１０號十二樓,家居雲邸,114/05/23,6150,131.35,53.28,60.59%,住宅大樓(11層含以上有電梯),1,十二層/十九層,房地(土地+建物)+車位,土:1 建:1車:1,3房2廳2衛,360,有,有,住家用,
士林區士東路２０８號十二樓,家居雲邸,114/05/23,8950,136.49,78.69,58.13%,住宅大樓(11層含以上有電梯),1,十二層/十九層,房地(土地+建物)+車位,土:1 建:1車:2,4房2廳2衛,720,有,有,住家用,
士林區中山北路五段７４６號十二樓之３,全陽豐會,114/05/23,3998,111.29,47.2,59.44%,住宅大樓(11層含以上有電梯),1,十二層/十八層,房地(土地+建物)+車位,土:1 建:1車:1,2房2廳2衛,300,有,有,住家用,
士林區東山路１３６之１號三樓,,114/05/23,5600,71.71,82.91,51.17%,華廈(10層含以下有電梯),23,三層/十層,房地(土地+建物)+車位,土:1 建:1車:1,4房2廳2衛,350,有,有,住家用,陽台增建、機房增建其他增建;
士林區德行東路３３１巷８號十一樓,天母真園一期,114/05/22,6450,89.57,88.32,67.42%,住宅大樓(11層含以上有電梯),22,十一層/十三層,房地(土地+建物)+車位,土:1 建:1車:2,4房2廳2衛,600,有,有,住家用,陽台外推;其他增建;
士林區中山北路七段８１巷４１弄７之２號,華馨雅築,114/05/22,607,38.28,15.86,94.11%,華廈(10層含以下有電梯),47,一層/五層,房地(土地+建物),土:2 建:1車:0,3房1廳1衛,,有,有,住家用,二親等間買賣案件
士林區永平街７５巷３３號二樓,,114/05/22,1888,47.16,40.03,78.02%,公寓(5樓含以下無電梯),37,二層/五層,房地(土地+建物),土:1 建:1車:0,5房3廳2衛,,無,無,住家用,其他增建;
士林區天母東路８巷２１號二樓之６,華琪,114/05/22,1070,79.11,13.52,88.95%,華廈(10層含以下有電梯),49,"二層,陽臺/七層",房地(土地+建物),土:2 建:1車:0,1房1廳1衛,,有,有,住家用,陽台外推;
士林區士東路９１巷２６弄６號三樓之２,天母A+,114/05/22,1022,88.98,11.49,48.83%,華廈(10層含以下有電梯),16,三層/七層,房地(土地+建物),土:1 建:1車:0,1房1廳1衛,,有,有,住家用,夾層;其他增建;
士林區忠義街１３１號,,114/05/21,2790,52.79,52.86,98.30%,公寓(5樓含以下無電梯),49,"一層,騎樓/五層",房地(土地+建物),土:1 建:2車:0,1房1廳1衛,,無,無,其他,其他增建;
士林區承德路四段４０巷２號六樓之１,劍潭整宅B區,114/05/21,25,18.37,1.36,91.11%,公寓(5樓含以下無電梯),55,五層/五層,房地(土地+建物),土:1 建:1車:0,1房1廳1衛,,有,無,住家用,親友、員工、共有人或其他特殊關係間之交易;
士林區德行西路３６號三樓之１１,萬象之都,114/05/21,1850,108.86,27.53,53.90%,住宅大樓(11層含以上有電梯),17,三層/十三層,房地(土地+建物)+車位,土:3 建:1車:1,1房1衛,270,有,有,商業用,陽台外推;
士林區福國路９號二樓之１,,114/05/21,620,71.09,8.72,100.00%,公寓(5樓含以下無電梯),49,"二層,陽臺/四層",房地(土地+建物),土:1 建:1車:0,1房1衛,,無,無,住家用,
士林區福國路７號二樓之１,,114/05/21,1830,71.76,25.5,100.00%,公寓(5樓含以下無電梯),49,"二層,陽臺/四層",房地(土地+建物),土:1 建:1車:0,3房2廳1衛,,無,無,住家用,
士林區中山北路七段５１巷１２號二樓,,114/05/20,1060,47.05,22.53,92.83%,公寓(5樓含以下無電梯),48,二層/四層,房地(土地+建物),土:3 建:1車:0,4房2廳2衛,,無,無,住家用,親友、員工、共有人或其他特殊關係間之交易;陽台外推;
士林區中山北路六段４０５巷１６號三樓,,114/05/20,2210,66.7,33.13,89.77%,公寓(5樓含以下無電梯),46,三層/五層,房地(土地+建物),土:1 建:1車:0,3房2廳2衛,,無,無,住家用,陽台外推;其他增建;
士林區德行東路３３８巷２號六樓,天母晨曦,114/05/20,3250,87.13,39.52,45.25%,華廈(10層含以下有電梯),4,六層/七層,房地(土地+建物)+車位,土:2 建:1車:1,2房2廳2衛,200,有,有,住家用,車位樓層:地下2層陽台外推;其他增建;
士林區基河路３０６號十一樓,達麗陽明大苑,114/05/20,3528,125.06,35.31,60.40%,住宅大樓(11層含以上有電梯),1,十一層/十九層,房地(土地+建物)+車位,土:1 建:1車:1,1房2廳2衛,320,有,有,住家用,
士林區延平北路六段１７６巷６弄１６號二樓,,114/05/20,1260,54.01,23.33,100.00%,公寓(5樓含以下無電梯),53,二層/四層,房地(土地+建物),土:1 建:1車:0,3房2廳1衛,,無,無,住家用,其他增建;
士林區天母東路５０巷２０號二樓之７,華琪,114/05/20,2350,54.41,43.19,85.10%,華廈(10層含以下有電梯),47,二層/八層,房地(土地+建物),土:1 建:1車:0,4房2廳2衛,,有,有,住家用,其他增建;
士林區天母北路５６號二十二樓之１,聯上天母,114/05/20,3205,111.02,37.18,54.62%,住宅大樓(11層含以上有電梯),5,二十二層/二十四層,房地(土地+建物)+車位,土:1 建:1車:1,1房1廳1衛,380,有,有,住家用,
士林區天母北路５６號二十二樓之２,聯上天母,114/05/20,6615,111.09,67.41,51.63%,住宅大樓(11層含以上有電梯),5,二十二層/二十四層,房地(土地+建物)+車位,土:1 建:1車:1,3房2廳2衛,430,有,有,住家用,
士林區社正路１７巷２號六樓之３,幸福一町目,114/05/20,2290,58.15,43.63,48.97%,華廈(10層含以下有電梯),9,六層/九層,房地(土地+建物)+車位,土:1 建:1車:1,3房1廳1衛,280,有,有,住家用,
士林區承德路四段１８８號,圓山名宮,114/05/20,6000,116.85,51.35,85.45%,住宅大樓(11層含以上有電梯),39,一層/十一層,房地(土地+建物),土:1 建:1車:0,1廳1衛,,有,有,工業用,
士林區中山北路五段５１２號三樓,欣翰士林官邸,114/05/20,1000,25.46,39.28,40.44%,住宅大樓(11層含以上有電梯),10,三層/十二層,房地(土地+建物)+車位,土:1 建:1車:4,,,有,有,辦公用,親友、員工、共有人或其他特殊關係間之交易;
士林區中山北路七段８１巷１６弄１６號十樓,天母上苑,114/05/19,3050,103.66,38.28,58.86%,住宅大樓(11層含以上有電梯),,十層/十二層,房地(土地+建物)+車位,土:1 建:1車:1,2房2廳1衛,300,有,有,住家用,
士林區天母東路５０巷２２號七樓之２,華琪,114/05/19,2000,57.32,34.89,85.72%,華廈(10層含以下有電梯),47,七層/八層,房地(土地+建物),土:1 建:1車:0,3房2廳2衛,,有,有,住家用,其他增建;
士林區天母西路５巷１１號二樓,,114/05/19,2980,56.76,52.5,77.47%,華廈(10層含以下有電梯),41,二層/七層,房地(土地+建物),土:1 建:1車:0,4房2廳2衛,,無,有,住家用,陽台外推;其他增建;
士林區中山北路六段７２８巷１０號,天母皇室,114/05/18,7388,86.81,85.1,68.53%,華廈(10層含以下有電梯),26,一層/八層,房地(土地+建物)+車位,土:1 建:1車:1,5房3廳3衛,300,有,有,住家用,陽台外推;其他增建;
士林區前街１１５巷９號二樓,,114/05/18,1230,73.34,16.77,100.00%,公寓(5樓含以下無電梯),57,二層/三層,房地(土地+建物),土:1 建:1車:0,2房2廳1衛,,無,無,住家用,其他增建;
士林區華光街１２號,,114/05/18,2916,83.46,34.94,100.00%,公寓(5樓含以下無電梯),61,一層/二層,房地(土地+建物),土:1 建:2車:0,3房5廳4衛,,無,無,住家用,臺北市士林區華光街12號1樓號買賣總價為1766萬元整；臺北市士林區華光街12號2樓買賣總價為1150萬元整頂樓加蓋;其他增建;
士林區中山北路七段３８巷１２弄２之１號二樓,,114/05/18,2400,59.69,40.21,77.17%,華廈(10層含以下有電梯),44,二層/七層,房地(土地+建物),土:1 建:1車:0,3房2廳2衛,,無,有,住家用,陽台外推;其他增建;
士林區承德路四段１０巷７號二樓,,114/05/18,2166,68.17,31.77,90.39%,公寓(5樓含以下無電梯),46,二層/五層,房地(土地+建物),土:1 建:1車:0,4房2廳2衛,,無,無,住家用,陽台外推;其他增建;
士林區至誠路二段２０號,,114/05/18,4358,121.99,35.73,88.42%,公寓(5樓含以下無電梯),47,一層/四層,房地(土地+建物),土:1 建:1車:0,3房3廳2衛,,無,無,住家用,其他增建;含租約;
士林區重慶北路四段２２０巷２１弄１３號,,114/05/18,216.3,0,1.07,,透天厝,60,全/一層,房地(土地+建物),土:1 建:1車:0,4房1廳1衛,,無,無,住家用,親友、員工、共有人或其他特殊關係間之交易;其他增建;具重建或重劃、都更等效益;
士林區延平北路六段１７６巷６弄１４號四樓,,114/05/17,1150,50.73,22.67,81.09%,公寓(5樓含以下無電梯),53,四層/四層,房地(土地+建物),土:1 建:1車:0,2房1廳2衛,,無,無,住家用,其他增建;
士林區菁山路３４巷２之１號三樓,,114/05/17,900,32.53,27.67,86.14%,公寓(5樓含以下無電梯),40,三層/三層,房地(土地+建物),土:2 建:2車:0,5房5衛,,無,無,住家用,陽台外推;頂樓加蓋;
士林區忠義街７１巷１３弄９號地下,,114/05/15,648,24.51,26.44,100.00%,公寓(5樓含以下無電梯),44,地下層/五層,房地(土地+建物),土:1 建:1車:0,3房2廳2衛,,無,無,其他,
士林區中山北路六段７２８巷９弄３號二樓,,114/05/15,2570,58.48,43.95,86.00%,公寓(5樓含以下無電梯),45,二層/五層,房地(土地+建物),土:1 建:1車:0,3房2廳2衛,,無,無,住家用,陽台外推;其他增建;
士林區德行東路３３１巷３９號四樓,陽明鄉廈,114/05/15,2400,60.7,39.54,83.53%,華廈(10層含以下有電梯),37,四層/九層,房地(土地+建物),土:1 建:1車:0,3房1廳2衛,,無,有,住家用,親友、員工、共有人或其他特殊關係間之交易;
士林區天母東路６７號,羅浮宮,114/05/15,7968,153.48,51.92,81.91%,華廈(10層含以下有電梯),41,一層/七層,房地(土地+建物),土:1 建:1車:0,,,無,有,商業用,
士林區後港街１６１號七樓之１,圓山森鄰,114/05/14,5928,71.24,90.59,62.21%,住宅大樓(11層含以上有電梯),15,七層/十四層,房地(土地+建物)+車位,土:1 建:1車:2,5房2廳3衛,500,有,有,商業用,
士林區基河路３１６號十三樓,達麗陽明大苑,114/05/14,3430,98.66,34.77,43.94%,住宅大樓(11層含以上有電梯),1,十三層/十九層,房地(土地+建物)+車位,土:1 建:1車:1,2廳2衛,340,有,有,住家用,
士林區中正路２１２巷１２弄２之１號六樓,,114/05/13,2400,70.7,33.95,78.17%,華廈(10層含以下有電梯),40,六層/六層,房地(土地+建物),土:3 建:1車:0,3房2廳2衛,,無,有,商業用,親友、員工、共有人或其他特殊關係間之交易;
士林區中正路２１２巷１２弄２號六樓,,114/05/13,2400,68.87,34.85,79.46%,華廈(10層含以下有電梯),40,六層/六層,房地(土地+建物),土:3 建:1車:0,2房2廳2衛,,無,有,住家用,親友、員工、共有人或其他特殊關係間之交易;
士林區中山北路六段２０６號四樓,,114/05/13,1365,71.67,19.05,71.51%,公寓(5樓含以下無電梯),28,四層/五層,房地(土地+建物),土:1 建:1車:0,1房1廳1衛,,無,無,住家用,
士林區社正路６４巷１弄１２號一樓,,114/05/12,30,26.31,1.14,100.00%,公寓(5樓含以下無電梯),56,一層/三層,房地(土地+建物),土:1 建:1車:0,3房1廳1衛,,無,無,住家用,親友、員工、共有人或其他特殊關係間之交易;
士林區忠誠路二段５０巷１６號五樓,,114/05/12,2060,59.54,34.6,78.61%,公寓(5樓含以下無電梯),41,五層/五層,房地(土地+建物),土:1 建:1車:0,4房2廳3衛,,無,無,住家用,頂樓加蓋;其他增建;
士林區至誠路二段１２１號,,114/05/12,4350,69.61,62.49,51.75%,華廈(10層含以下有電梯),39,一層/七層,房地(土地+建物),土:1 建:1車:0,6房3廳2衛,,有,有,住家用,其他增建;
士林區大南路３３７號六樓之２,士林新天地,114/05/12,2508,77.46,37.54,65.37%,住宅大樓(11層含以上有電梯),18,六層/十五層,房地(土地+建物)+車位,土:1 建:1車:1,2房2廳1衛,250,有,有,商業用,
士林區天母西路６５之３號七樓,齊德華廈,114/05/12,2400,60.25,39.83,93.67%,華廈(10層含以下有電梯),48,七層/七層,房地(土地+建物)+車位,土:2 建:1車:1,2房2廳2衛,300,有,有,住家用,陽台外推;
士林區德行東路１２６號,知田,114/05/12,1336.7,109.95,12.16,70.37%,住宅大樓(11層含以上有電梯),12,一層/十四層,房地(土地+建物),土:1 建:1車:0,,,有,有,商業用,
士林區中山北路六段４１９巷３９之１號五樓,,114/05/11,2100,62.18,33.77,86.45%,公寓(5樓含以下無電梯),40,五層/五層,房地(土地+建物),土:1 建:1車:0,3房2廳2衛,,無,無,住家用,陽台外推;頂樓加蓋;其他增建;
士林區中山北路七段５３號七樓,中漢,114/05/11,3118,53.65,58.12,33.57%,華廈(10層含以下有電梯),42,七層/七層,房地(土地+建物),土:1 建:1車:0,4房3廳2衛,,有,有,住家用,陽台外推;
士林區中山北路七段１１４巷６１弄２號四樓,福林華廈,114/05/10,2400,45.32,52.96,69.94%,華廈(10層含以下有電梯),40,四層/七層,房地(土地+建物),土:3 建:1車:0,3房2廳2衛,,有,有,住家用,陽台外推;
士林區芝玉路一段１９７巷２７號二樓,,114/05/10,2130,62,34.35,88.84%,公寓(5樓含以下無電梯),39,二層/五層,房地(土地+建物),土:1 建:1車:0,3房2廳2衛,,無,無,住家用,其他增建;
士林區承德路四段２９４之１號十一樓,圓山福第,114/05/09,2650,68.26,38.82,74.98%,住宅大樓(11層含以上有電梯),37,十一層/十二層,房地(土地+建物),土:1 建:1車:0,3房2廳2衛,,有,有,住家用,其他增建;
士林區芝玉路一段３號,,114/05/09,1325,79.58,16.65,100.00%,公寓(5樓含以下無電梯),53,一層/二層,房地(土地+建物),土:2 建:1車:0,2房2廳1衛,,無,無,住家用,陽台外推;
士林區芝玉路一段３號,,114/05/09,1325,79.58,16.65,100.00%,公寓(5樓含以下無電梯),52,二層/二層,房地(土地+建物),土:2 建:1車:0,2房1衛,,無,無,住家用,陽台外推;頂樓加蓋;
士林區中庸一路１１之４號六樓,登峰造極,114/05/08,2750,32.46,84.72,66.18%,住宅大樓(11層含以上有電梯),31,六層/十四層,房地(土地+建物)+車位,土:1 建:1車:2,3房2廳2衛,,有,有,住家用,
士林區至誠路一段１５２巷８弄７號,,114/05/08,8000,0,45.06,,透天厝,56,全/二層,房地(土地+建物),土:1 建:1車:0,5房2廳2衛,,無,無,住家用,親友、員工、共有人或其他特殊關係間之交易;
士林區延平北路五段１６３巷２９弄１９號,,114/05/08,1430,0,17.96,,透天厝,60,全/二層,房地(土地+建物),土:1 建:1車:0,4房2廳2衛,,無,無,住家用,其他增建;
士林區中山北路五段５０５巷７號,,114/05/08,5600,0,34.18,,透天厝,52,全/二層,房地(土地+建物),土:3 建:1車:0,2房3廳2衛,,無,無,住家用,頂樓加蓋;其他增建;
士林區延平北路六段１５５巷１５號二樓,,114/05/07,600,43.35,13.84,89.40%,公寓(5樓含以下無電梯),58,二層/二層,房地(土地+建物),土:1 建:1車:0,2房1廳1衛,,無,無,住家用,親友、員工、共有人或其他特殊關係間之交易;
士林區福國路９５號五樓之１７,,114/05/07,245,33.92,7.22,100.00%,華廈(10層含以下有電梯),48,五層/八層,房地(土地+建物),土:1 建:1車:0,1房1廳1衛,,有,有,住家用,親友、員工、共有人或其他特殊關係間之交易;
士林區德行西路３６號九樓之９,萬象之都,114/05/06,1500,103.35,14.51,53.83%,住宅大樓(11層含以上有電梯),17,九層/十三層,房地(土地+建物),土:3 建:1車:0,1廳1衛,,有,有,商業用,陽台外推;
士林區大東路１２８號四樓,,114/05/06,1900,65.18,29.15,88.07%,公寓(5樓含以下無電梯),47,四層/四層,房地(土地+建物),土:1 建:1車:0,4房1廳2衛,,無,無,住家用,
士林區中山北路七段１９０巷８之１號四樓,陽德大廈,114/05/06,1900,58.78,32.33,76.33%,華廈(10層含以下有電梯),44,四層/七層,房地(土地+建物),土:1 建:1車:0,3房2廳2衛,,無,有,住家用,
士林區福德路３１巷１１號三樓之１８,小貴馥,114/05/06,1070,103.91,10.3,49.65%,華廈(10層含以下有電梯),13,三層/八層,房地(土地+建物),土:1 建:1車:0,1房2廳1衛,,有,有,住家用,陽台外推;夾層;其他增建;
士林區至誠路二段９２巷３弄１５號二樓,,114/05/06,2520,62.3,40.45,79.43%,公寓(5樓含以下無電梯),45,二層/五層,房地(土地+建物),土:1 建:1車:0,3房2廳2衛,,無,無,住家用,陽台加窗。陽台外推;其他增建;
士林區磺溪街４７巷６號五樓,,114/05/06,2738,65.91,41.54,88.52%,公寓(5樓含以下無電梯),43,五層/五層,房地(土地+建物),土:1 建:1車:0,5房3廳3衛,,無,無,住家用,頂樓加蓋;其他增建;
士林區中山北路五段５５７號四樓,長虹虹頂,114/05/06,13500,75.3,179.29,55.72%,住宅大樓(11層含以上有電梯),14,四層/十九層,房地(土地+建物)+車位,土:2 建:1車:5,4房3廳4衛,,有,有,住家用,"出售5個停車位為約定專供出賣人使用之停車位;另有停車位為出賣人與其他區分所有權人共用之停車位,列為共用部分之面積"
士林區忠誠路一段１２７號二樓,,114/05/06,2000,70.22,28.48,78.55%,華廈(10層含以下有電梯),41,二層/七層,房地(土地+建物),土:2 建:1車:0,2房1廳2衛,,有,有,住家用,
士林區中山北路六段２７４號三樓,,114/05/05,1870,70.65,26.47,100.00%,公寓(5樓含以下無電梯),53,"三層,陽臺/四層",房地(土地+建物),土:1 建:1車:0,3房2廳1衛,,無,無,住商用,其他增建：壹樓空地垂直增建。陽台外推;其他增建;
士林區德行東路１０４巷９弄８號三樓,,114/05/05,795,51.26,15.51,90.50%,公寓(5樓含以下無電梯),43,三層/五層,房地(土地+建物),土:1 建:1車:0,3房2廳2衛,,無,無,住家用,
士林區大東路１３之４號五樓之１,,114/05/04,1950,55.39,35.21,100.00%,公寓(5樓含以下無電梯),48,"五層,陽臺/五層",房地(土地+建物),土:2 建:1車:0,3房2廳2衛,,無,無,住家用,陽台外推;頂樓加蓋;
士林區重慶北路四段２２０巷２１弄１３號,,114/05/04,162.2,0,0.8,,透天厝,60,全/一層,房地(土地+建物),土:1 建:1車:0,4房1廳1衛,,無,無,住家用,親友、員工、共有人或其他特殊關係間之交易;其他增建;具重建或重劃、都更等效益;
士林區格致路２６號五樓,,114/05/03,1350,42.32,31.9,91.32%,公寓(5樓含以下無電梯),44,五層/五層,房地(土地+建物),土:1 建:1車:0,10房8衛,,無,無,住家用,陽台外推;
士林區中正路６０１號八樓之２,台北市百齡,114/05/03,900,73.28,12.28,74.80%,住宅大樓(11層含以上有電梯),45,八層/十二層,房地(土地+建物),土:2 建:1車:0,1房1廳1衛,,有,有,住家用,
士林區通河東街一段１２４巷２７號三樓,,114/05/03,1500,54.85,27.35,83.00%,公寓(5樓含以下無電梯),44,三層/五層,房地(土地+建物),土:1 建:1車:0,3房2廳1衛,,無,無,住家用,陽台外推;其他增建;
士林區中山北路六段２８９號五樓,,114/05/02,1000,42.89,23.31,85.29%,公寓(5樓含以下無電梯),46,五層/五層,房地(土地+建物),土:1 建:1車:0,2房2廳1衛,,無,無,住家用,親友、員工、共有人或其他特殊關係間之交易;
士林區德行東路２５８號十三樓之１,日日好日,114/05/01,5130,111.69,61.06,58.23%,住宅大樓(11層含以上有電梯),3,十三層/十四層,房地(土地+建物)+車位,土:1 建:2車:2,3房2廳2衛,500,有,有,住家用,
士林區中山北路五段８１１巷３號,,114/04/30,1850,88.16,20.98,100.00%,公寓(5樓含以下無電梯),51,一層/四層,房地(土地+建物),土:1 建:1車:0,3房2廳1衛,,無,無,住家用,其他增建;
士林區中山北路六段２巷２３弄１４號二樓,芝山名園,114/04/30,2466,66.04,37.34,85.17%,公寓(5樓含以下無電梯),41,二層/五層,房地(土地+建物),土:1 建:1車:0,3房2廳2衛,,有,無,住家用,其他增建;
士林區仰德大道三段４７巷１３號,,114/04/30,505,0,19.85,,透天厝,71,全/一層,房地(土地+建物),土:2 建:1車:0,8房2衛,,無,無,住家用,壹樓空地增建其他增建;
士林區基河路１６號九樓之３,圓山窗外,114/04/29,2800,150.65,27.68,55.73%,住宅大樓(11層含以上有電梯),20,九層/十一層,房地(土地+建物)+車位,土:1 建:1車:1,2廳1衛,350,有,有,辦公用,其他增建;
士林區天母東路７２號三樓,,114/04/29,3650,79.74,45.77,70.59%,住宅大樓(11層含以上有電梯),36,三層/十二層,房地(土地+建物),土:1 建:1車:0,3房2廳2衛,,有,有,住家用,其他增建;
士林區德行東路９０巷２７弄１號,,114/04/29,2550,77.84,32.76,82.11%,公寓(5樓含以下無電梯),44,一層/五層,房地(土地+建物),土:1 建:1車:0,3房2廳2衛,,無,無,住家用,其他增建;
士林區基河路１３０號十一樓之１０,基河馨園,114/04/29,4000,68.47,58.42,48.94%,住宅大樓(11層含以上有電梯),24,十一層/十六層,房地(土地+建物)+車位,土:1 建:1車:1,3房2廳2衛,,有,有,住家用,
士林區中山北路六段４４１巷３０號九樓之１,御上天母,114/04/29,10200,130.75,101.83,56.85%,住宅大樓(11層含以上有電梯),1,九層/十七層,房地(土地+建物)+車位,土:1 建:1車:3,,"1,050",有,有,住家用,毛胚屋;
士林區天玉街７５巷６號,,114/04/29,2950,89.96,32.79,87.92%,公寓(5樓含以下無電梯),46,一層/五層,房地(土地+建物),土:1 建:1車:0,2房2廳2衛,,無,無,其他,
士林區士商路１２５號八樓之１,,114/04/29,5000,110.76,45.14,65.36%,住宅大樓(11層含以上有電梯),17,八層/十二層,房地(土地+建物),土:1 建:1車:0,4房2廳2衛,,有,有,住家用,親友、員工、共有人或其他特殊關係間之交易;
士林區承德路四段１２巷２８號五樓,,114/04/28,2150,56.6,37.99,76.59%,華廈(10層含以下有電梯),47,五層/七層,房地(土地+建物),土:1 建:1車:0,3房2廳2衛,,有,有,住家用,
士林區劍南路１９９巷１號,,114/04/28,5868,0,26.47,,透天厝,56,全/一層,房地(土地+建物),土:6 建:1車:0,5房4廳5衛,,無,無,住家用,其他增建;
士林區大南路３２７號二樓之１,新天地,114/04/27,3200,75.33,48.38,64.45%,住宅大樓(11層含以上有電梯),17,二層/十四層,房地(土地+建物)+車位,土:1 建:1車:1,3房2廳2衛,280,有,有,商業用,其他增建;
士林區福國路９５號四樓之１９,,114/04/27,908,81.88,11.09,100.00%,華廈(10層含以下有電梯),48,四層/八層,房地(土地+建物),土:1 建:1車:0,1房1廳1衛,,有,有,住家用,其他增建;
士林區承德路四段８０巷５７之２號五樓,,114/04/27,1538,59.17,25.99,87.92%,公寓(5樓含以下無電梯),40,五層/五層,房地(土地+建物),土:1 建:1車:0,3房2廳1衛,,無,無,住家用,其他增建;
士林區翠山街６號四樓,,114/04/27,1190,37.92,31.38,100.00%,公寓(5樓含以下無電梯),49,四層/四層,房地(土地+建物),土:1 建:1車:0,4房2廳2衛,,無,無,住家用,陽台外推;
士林區天母東路２２巷２１號二樓之４,天母華琪大廈仁座,114/04/26,2070,63.51,32.59,86.73%,華廈(10層含以下有電梯),47,二層/十層,房地(土地+建物),土:1 建:1車:0,3房2廳2衛,,有,有,住家用,其他增建;
士林區天母東路８巷２３號四樓之５,華琪,114/04/26,960,70.98,13.52,88.95%,華廈(10層含以下有電梯),49,"四層,陽臺/七層",房地(土地+建物),土:2 建:1車:0,1房1廳1衛,,有,有,住家用,陽台外推;
士林區承德路四段８０巷５５之１號二樓,,114/04/26,2200,62.16,35.39,80.50%,公寓(5樓含以下無電梯),40,二層/五層,房地(土地+建物),土:1 建:1車:0,2房2廳1衛,,無,無,住家用,
士林區大南路２８５巷９弄７號二樓,,114/04/26,1320,69.13,19.09,100.00%,公寓(5樓含以下無電梯),55,二層/三層,房地(土地+建物),土:1 建:1車:0,2房1廳1衛,,無,無,住家用,
士林區劍潭路７１號十一樓之２,新都里,114/04/26,2747,92.93,42.06,63.07%,住宅大樓(11層含以上有電梯),18,十一層/十四層,房地(土地+建物)+車位,土:1 建:1車:2,2房2廳1衛,350,有,有,住家用,其他增建;
士林區承德路四段３１７號十二樓,迪斯耐,114/04/25,2750,56.03,49.08,75.17%,住宅大樓(11層含以上有電梯),40,十二層/十二層,房地(土地+建物),土:2 建:1車:0,1房2衛,,有,有,住家用,
士林區環河北路三段２０３號十樓之２,京水灩,114/04/25,2550,59.17,52.79,54.27%,住宅大樓(11層含以上有電梯),13,十層/十一層,房地(土地+建物)+車位,土:2 建:1車:1,3房2廳2衛,150,有,有,住家用,陽台外推;
士林區中山北路七段５１巷１５號,,114/04/24,2428,77.16,31.47,79.37%,華廈(10層含以下有電梯),41,一層/七層,房地(土地+建物),土:1 建:1車:0,1房2廳1衛,,無,有,住家用,
士林區中山北路七段２４之１號,天母開發,114/04/23,4500,91.56,49.15,79.91%,華廈(10層含以下有電梯),39,一層/七層,房地(土地+建物),土:1 建:1車:0,2房2廳2衛,,有,有,住家用,陽台外推;
士林區重慶北路四段４９巷１５弄２４號二樓,,114/04/22,368,11.61,31.69,87.63%,公寓(5樓含以下無電梯),48,二層/四層,房地(土地+建物),土:1 建:1車:0,3房2廳1衛,,無,無,住家用,親友、員工、共有人或其他特殊關係間之交易;
士林區中山北路七段１１４巷４４號三樓,,114/04/22,1820,55.29,32.92,82.02%,公寓(5樓含以下無電梯),44,三層/五層,房地(土地+建物),土:1 建:1車:0,3房2廳2衛,,無,無,住家用,陽台外推;其他增建;
士林區福國路４７巷２之１號,,114/04/22,3250,87.83,37,45.86%,華廈(10層含以下有電梯),26,一層/五層,房地(土地+建物)+車位,土:2 建:1車:1,2房1廳1衛,,無,有,商業用,夾層;其他增建;
士林區中正路６８８號五樓之２,永新,114/04/22,1250,60.04,20.82,72.48%,華廈(10層含以下有電梯),27,五層/九層,房地(土地+建物),土:3 建:1車:0,2房1廳1衛,,有,有,住家用,
士林區士東路９１巷２６弄６號六樓之１,天母A+,114/04/21,1050,89.39,11.75,49.01%,華廈(10層含以下有電梯),16,六層/七層,房地(土地+建物),土:1 建:1車:0,1房1廳1衛,,有,有,住家用,夾層;含租約;
士林區中山北路五段５２７號三樓,,114/04/21,2060,78.17,26.35,90.63%,公寓(5樓含以下無電梯),48,三層/四層,房地(土地+建物),土:1 建:1車:0,3房2廳2衛,,無,無,住家用,親友、員工、共有人或其他特殊關係間之交易;
士林區天母北路１５之６號,陽明爵仕,114/04/21,3100,70.48,43.98,53.44%,華廈(10層含以下有電梯),32,一層/十層,房地(土地+建物)+車位,土:1 建:1車:1,3房2廳2衛,,有,有,住家用,其他增建;
士林區華齡街１８５巷１號二樓,國家園首領袖區,114/04/20,3800,90.49,51.71,59.42%,住宅大樓(11層含以上有電梯),17,二層/十五層,房地(土地+建物)+車位,土:1 建:1車:1,3房2廳2衛,280,有,有,住家用,其他增建;
士林區幸福街５巷２２號四樓之２,,114/04/20,900,78.29,11.49,56.71%,華廈(10層含以下有電梯),29,四層/五層,房地(土地+建物),土:1 建:1車:0,1房1廳1衛,,無,有,住家用,陽台外推;夾層;其他增建;
士林區天母北路９巷８號五樓,信義謙石,114/04/19,3530,108.46,35.1,59.77%,華廈(10層含以下有電梯),8,五層/七層,房地(土地+建物)+車位,土:1 建:1車:1,2房2廳2衛,215,有,有,住家用,
士林區葫東街３４號二樓,台北世家,114/04/19,3850,66.09,67.1,63.25%,住宅大樓(11層含以上有電梯),20,二層/十一層,房地(土地+建物)+車位,土:2 建:2車:1,4房2廳2衛,250,有,有,住家用,其他增建;
士林區中山北路七段１４巷５９弄１２號一樓,羅馬儷園,114/04/19,1860,59.03,31.51,82.30%,公寓(5樓含以下無電梯),40,一層/五層,房地(土地+建物),土:1 建:1車:0,3房2廳2衛,,有,無,住家用,
士林區葫東街４７號二樓,,114/04/19,1050,55.29,18.99,100.00%,公寓(5樓含以下無電梯),51,二層/四層,房地(土地+建物),土:1 建:1車:0,2房1廳1衛,,無,無,住家用,
士林區後港街２８巷１號四樓,,114/04/19,1410,50.27,28.05,73.94%,公寓(5樓含以下無電梯),42,四層/五層,房地(土地+建物),土:1 建:1車:0,5房2廳2衛,,無,無,住家用,天井加蓋親友、員工、共有人或其他特殊關係間之交易;其他增建;
士林區忠誠路二段１３０巷２９號,,114/04/18,5658,109.94,51.46,74.58%,華廈(10層含以下有電梯),32,一層/七層,房地(土地+建物)+車位,土:2 建:1車:1,3房2廳3衛,,無,有,住家用,其他增建;
士林區承德路四段６８號,,114/04/17,600,51.11,11.74,100.00%,公寓(5樓含以下無電梯),49,"一層,平台,騎樓/五層",房地(土地+建物),土:1 建:1車:0,,,無,無,其他,親友、員工、共有人或其他特殊關係間之交易;其他增建;
士林區天玉街２７巷２３號九樓,璞園天玉,114/04/17,4900,82.52,59.38,65.06%,住宅大樓(11層含以上有電梯),1,九層/十四層,房地(土地+建物)+車位,土:1 建:1車:1,3房2廳2衛,,有,有,住家用,
士林區德行東路２００號,,114/04/16,6353,136.47,56.53,74.15%,住宅大樓(11層含以上有電梯),2,一層/十四層,房地(土地+建物)+車位,土:1 建:1車:1,1廳1衛,320,有,有,商業用,
士林區後港街１５８之１號八樓,圓山巴黎,114/04/16,3200,67.94,47.1,47.62%,住宅大樓(11層含以上有電梯),28,八層/十二層,房地(土地+建物)+車位,土:1 建:1車:1,3房2廳2衛,280,有,有,住家用,其他增建;
士林區中山北路七段１４０巷２號,嘉新天母華廈,114/04/16,3000,59.29,50.6,44.55%,華廈(10層含以下有電梯),40,一層/七層,房地(土地+建物),土:1 建:1車:0,2房2廳2衛,,無,有,商業用,其他增建;
士林區中山北路七段１９０巷１１８之２號,,114/04/16,7500,0,19.23,,透天厝,12,全/一層,房地(土地+建物),土:6 建:1車:0,1房1廳1衛,,無,無,住家用,
士林區延平北路八段１１１巷１８弄８號,,114/04/15,370,21.6,17.13,100.00%,公寓(5樓含以下無電梯),57,三層/三層,房地(土地+建物),土:1 建:1車:0,2房1廳1衛,,無,無,住家用,陽台外推;
士林區大東路１２０號四樓,,114/04/15,1250,78.1,16.01,100.00%,公寓(5樓含以下無電梯),54,四層/四層,房地(土地+建物),土:1 建:1車:0,4房1廳2衛,,無,無,住家用,頂樓加蓋;其他增建;
士林區天母北路５６號十六樓之２,聯上天母,114/04/15,6788,116.62,67.41,51.63%,住宅大樓(11層含以上有電梯),5,十六層/二十四層,房地(土地+建物)+車位,土:1 建:1車:1,3房2廳2衛,295,有,有,住家用,
士林區福志路２７號十三樓,,114/04/15,8688,134.7,79.56,56.68%,住宅大樓(11層含以上有電梯),,十三層/十四層,房地(土地+建物)+車位,土:1 建:1車:2,3房2廳2衛,800,有,有,住家用,預售屋、或土地及建物分件登記案件;
士林區福華路１５８號六樓,天母頂極,114/04/14,2150,70.15,30.65,39.48%,住宅大樓(11層含以上有電梯),20,六層/十二層,房地(土地+建物)+車位,土:1 建:1車:2,3房2廳2衛,,有,有,住家用,親友、員工、共有人或其他特殊關係間之交易;
士林區通河東街一段４５號十樓,劍潭秀堤,114/04/13,3438,65.64,52.37,54.31%,華廈(10層含以下有電梯),17,十層/十層,房地(土地+建物)+車位,土:3 建:1車:1,3房2廳2衛,260,有,有,住家用,陽台外推;
士林區德行東路１００號,,114/04/13,4210,174.58,24.12,100.00%,公寓(5樓含以下無電梯),51,"一層,騎樓/四層",房地(土地+建物),土:1 建:1車:0,,,無,無,住家用,含其他增建:法定空地外推其他增建;
士林區承德路四段４號五樓,,114/04/12,1640,56.27,29.15,97.02%,公寓(5樓含以下無電梯),51,五層/五層,房地(土地+建物),土:1 建:1車:0,3房2廳1衛,,無,無,住家用,頂樓加蓋;其他增建;
士林區中山北路七段３８巷１２弄６號,,114/04/12,1618,70.47,22.96,44.93%,華廈(10層含以下有電梯),20,一層/六層,房地(土地+建物)+車位,土:1 建:1車:1,1房1廳1衛,150,無,有,住家用,陽台外推;夾層;
士林區中山北路七段２２１號三樓,逸品山莊,114/04/11,1100,67.52,16.29,79.24%,華廈(10層含以下有電梯),37,三層/七層,房地(土地+建物),土:1 建:1車:0,4房4廳2衛,,無,有,住家用,本房地為持分買賣。親友、員工、共有人或其他特殊關係間之交易;
士林區中山北路七段１４巷６５弄２號三樓,羅馬儷園,114/04/11,880,19.75,44.55,80.83%,公寓(5樓含以下無電梯),40,三層/五層,房地(土地+建物),土:1 建:1車:0,4房2廳2衛,,有,無,住家用,親友、員工、共有人或其他特殊關係間之交易;陽台外推;其他增建;
士林區天母北路５６號七樓之１,聯上天母,114/04/11,6816,88.02,77.44,54.17%,住宅大樓(11層含以上有電梯),5,七層/二十四層,房地(土地+建物)+車位,土:1 建:1車:1,3房2廳2衛,,有,有,住家用,
士林區延平北路五段２４４巷１２號,,114/04/11,1000,50.72,19.72,100.00%,公寓(5樓含以下無電梯),53,一層/四層,房地(土地+建物),土:1 建:1車:0,1房1廳1衛,,無,無,住家用,親友、員工、共有人或其他特殊關係間之交易;
士林區華齡街４０巷１６號四樓,,114/04/10,844,23.76,35.52,88.09%,公寓(5樓含以下無電梯),41,四層/五層,房地(土地+建物),土:1 建:1車:0,3房1廳2衛,,無,無,住家用,親友、員工、共有人或其他特殊關係間之交易;
士林區雨聲街７９號二樓,,114/04/10,2550,64.53,39.52,84.31%,公寓(5樓含以下無電梯),42,二層/五層,房地(土地+建物),土:1 建:1車:0,3房2廳2衛,,無,無,住家用,
士林區忠誠路一段１０２號六樓,,114/04/10,1430,40.34,35.45,83.21%,華廈(10層含以下有電梯),38,六層/八層,房地(土地+建物),土:1 建:1車:0,3房2廳2衛,,無,有,住家用,親友、員工、共有人或其他特殊關係間之交易;
士林區承德路四段８８號十四樓之１,圓山ART,114/04/09,2208,111.44,19.81,59.45%,住宅大樓(11層含以上有電梯),3,十四層/十五層,房地(土地+建物),土:1 建:1車:0,1房1廳1衛,,有,有,住家用,
士林區中山北路六段１９５巷６號八樓之１,,114/04/08,4580,90.02,58.57,58.54%,住宅大樓(11層含以上有電梯),17,八層/十四層,房地(土地+建物)+車位,土:1 建:1車:1,2房1廳1衛,300,有,有,住家用,
士林區中山北路六段１９５巷６號八樓,,114/04/08,4308,84.75,58.31,58.33%,住宅大樓(11層含以上有電梯),17,八層/十四層,房地(土地+建物)+車位,土:1 建:1車:1,2房1廳2衛,300,有,有,住家用,
士林區福華路１２８巷１弄８號,,114/04/08,1000,51.55,19.4,100.00%,公寓(5樓含以下無電梯),53,一層/四層,房地(土地+建物),土:1 建:1車:0,3房2廳1衛,,無,無,住家用,親友、員工、共有人或其他特殊關係間之交易;
士林區前港街２６巷９號,,114/04/08,278.5,51.84,5.37,100.00%,公寓(5樓含以下無電梯),52,一層/三層,房地(土地+建物),土:2 建:1車:0,2房2廳1衛,,無,無,住家用,親友、員工、共有人或其他特殊關係間之交易;
士林區延平北路八段１３８號,,114/04/07,820,32.12,25.53,100.00%,公寓(5樓含以下無電梯),55,"一層,騎樓/三層",房地(土地+建物),土:1 建:1車:0,2房2廳2衛,,無,無,住家用,
士林區天母北路５６號八樓之３,聯上天母,114/04/07,5000,92.72,61.35,53.23%,住宅大樓(11層含以上有電梯),5,八層/二十四層,房地(土地+建物)+車位,土:1 建:1車:1,3房2廳2衛,400,有,有,住家用,
士林區社中街３３２號二樓,,114/04/07,800,31.23,25.62,100.00%,公寓(5樓含以下無電梯),55,二層/三層,房地(土地+建物),土:1 建:1車:0,3房2廳2衛,,無,無,住家用,親友、員工、共有人或其他特殊關係間之交易;陽台外推;
士林區士東路５４巷３０號五樓,,114/04/07,1828,45.01,40.62,87.07%,公寓(5樓含以下無電梯),44,五層/五層,房地(土地+建物),土:2 建:1車:0,3房2廳2衛,,無,無,住家用,頂樓加蓋;其他增建;
士林區文林路５００號八樓,囍堂,114/04/07,2600,107.88,24.1,63.58%,住宅大樓(11層含以上有電梯),12,八層/十三層,房地(土地+建物)+車位,土:1 建:1車:1,4房1廳1衛,,有,有,住家用,夾層;其他增建;
士林區忠誠路二段１０巷５１號,,114/04/07,3060,76.09,40.22,85.08%,公寓(5樓含以下無電梯),45,一層/四層,房地(土地+建物),土:1 建:1車:0,3房2廳2衛,,無,無,住家用,
士林區通河東街二段１０巷５弄９號二樓,,114/04/06,1600,57.86,27.65,97.93%,公寓(5樓含以下無電梯),50,二層/四層,房地(土地+建物),土:1 建:1車:0,3房2廳2衛,,無,無,住家用,陽台外推;其他增建;
士林區德行東路１７號四樓,,114/04/05,1410,77.92,18.1,89.80%,公寓(5樓含以下無電梯),41,四層/五層,房地(土地+建物),土:1 建:1車:0,2房2廳1衛,,無,無,住家用,陽台外推;其他增建;
士林區雙溪街１０４號二樓之２,天母雅宴,114/04/05,850,100.21,8.48,78.21%,華廈(10層含以下有電梯),33,二層/九層,房地(土地+建物),土:1 建:1車:0,1房1廳1衛,,有,有,住家用,其他增建;
士林區德行東路１０９巷７３弄６號二樓,,114/04/04,2100,68.35,30.72,91.53%,公寓(5樓含以下無電梯),46,二層/五層,房地(土地+建物),土:4 建:1車:0,3房2廳2衛,,無,無,住家用,其他增建;
士林區中山北路五段５０８號五樓,欣翰士林官邸,114/04/02,23104,105.01,254.25,51.41%,住宅大樓(11層含以上有電梯),10,五層/十二層,房地(土地+建物)+車位,土:1 建:1車:5,,"1,900",有,有,辦公用,毛胚屋;
士林區中山北路五段５０８號六樓,欣翰士林官邸,114/04/02,23454,105.01,263.82,51.41%,住宅大樓(11層含以上有電梯),10,六層/十二層,房地(土地+建物)+車位,土:1 建:1車:6,,"2,250",有,有,辦公用,毛胚屋;
士林區中山北路五段５０２號五樓,欣翰士林官邸,114/04/02,14812,105,159.78,47.90%,住宅大樓(11層含以上有電梯),10,五層/十二層,房地(土地+建物)+車位,土:1 建:1車:3,,"1,050",有,有,辦公用,毛胚屋;
士林區忠誠路一段１７１巷１０弄６號三樓,蘭雅新城,114/04/02,3858,87.9,43.89,87.70%,華廈(10層含以下有電梯),33,三層/十層,房地(土地+建物),土:1 建:1車:0,3房2廳2衛,,有,有,住家用,其他增建;
士林區天母東路５０巷２２號四樓之７,華琪,114/04/02,2736,61.47,44.51,85.19%,華廈(10層含以下有電梯),47,四層/八層,房地(土地+建物),土:1 建:1車:0,4房2廳2衛,,有,有,住家用,
士林區士東路２６６巷３弄７號四樓,,114/04/01,1850,66.09,27.99,91.17%,公寓(5樓含以下無電梯),45,四層/五層,房地(土地+建物),土:5 建:1車:0,3房2廳1衛,,無,無,住家用,陽台外推;其他增建;
士林區天母北路１０號四樓之１,雅緻,114/04/01,1720,67.29,25.56,74.02%,華廈(10層含以下有電梯),42,四層/七層,房地(土地+建物),土:1 建:1車:0,2房2廳1衛,,有,有,住家用,陽台外推;
士林區通河街１７３之１號三樓,中山華園,114/04/01,1862,65.83,28.29,72.45%,華廈(10層含以下有電梯),41,三層/七層,房地(土地+建物),土:1 建:1車:0,3房2廳2衛,,有,有,住家用,陽台外推;其他增建;
士林區美崙街８２巷１２號三樓,,114/04/01,400,41.52,9.63,100.00%,公寓(5樓含以下無電梯),56,三層/三層,房地(土地+建物),土:1 建:1車:0,2房1廳1衛,,無,無,住家用,親友、員工、共有人或其他特殊關係間之交易;
士林區小西街８號三樓,,114/04/01,2075.6,80.76,25.7,100.00%,公寓(5樓含以下無電梯),48,"三層,陽臺/四層",房地(土地+建物),土:2 建:1車:0,4房1廳1衛,,無,無,住家用,"甲、乙雙方約定土地增值稅改由甲方負擔，併計入甲方買賣本約標的取得之成本。含土地增值稅或其他稅費196,365元;"
士林區菁山路４９之１號三樓,陽明帝景,114/03/31,3688,51.61,86.43,63.63%,華廈(10層含以下有電梯),16,三層/五層,房地(土地+建物)+車位,土:1 建:1車:2,4房2廳2衛,500,有,有,住家用,
士林區忠誠路二段７６巷１３號二樓,,114/03/31,1147,33.28,34.46,89.44%,公寓(5樓含以下無電梯),47,二層/五層,房地(土地+建物),土:1 建:1車:0,3房2廳2衛,,無,無,住家用,親友、員工、共有人或其他特殊關係間之交易;
士林區中正路２３５巷１９號,,114/03/31,2100,0,15.81,,透天厝,60,全/二層,房地(土地+建物),土:1 建:1車:0,3房2廳2衛,,無,無,住家用,親友、員工、共有人或其他特殊關係間之交易;頂樓加蓋;
士林區中社路二段４４號二樓,,114/03/31,1088,51.63,21.07,100.00%,公寓(5樓含以下無電梯),49,二層/四層,房地(土地+建物),土:1 建:1車:0,3房2廳1衛,,無,無,住家用,其他增建;
士林區社正路４５巷７號四樓,,114/03/31,800,26.25,30.47,89.79%,公寓(5樓含以下無電梯),45,四層/五層,房地(土地+建物),土:1 建:1車:0,3房2廳1衛,,無,無,住家用,親友、員工、共有人或其他特殊關係間之交易;
士林區天母東路１６號七樓,天母東宮,114/03/31,3450,92.17,46.28,88.63%,華廈(10層含以下有電梯),40,七層/七層,房地(土地+建物)+車位,土:3 建:1車:1,4房2廳2衛,350,有,有,住家用,頂樓加蓋;其他增建;
士林區天玉街３８巷１２號六樓之３,天母蘭桂坊,114/03/30,606,87.14,6.95,58.29%,住宅大樓(11層含以上有電梯),28,六層/十一層,房地(土地+建物),土:1 建:1車:0,1房1廳1衛,,有,有,住家用,陽台外推;
士林區中山北路七段８２巷２１號五樓,,114/03/30,2050,59.15,34.66,87.64%,公寓(5樓含以下無電梯),46,五層/五層,房地(土地+建物),土:1 建:1車:0,2房2廳2衛,,無,無,住家用,頂樓加蓋;
士林區士東路９１巷１０號一樓,凡爾賽,114/03/30,1091,55.73,19.57,82.48%,華廈(10層含以下有電梯),39,一層/七層,房地(土地+建物),土:1 建:1車:0,3廳1衛,,有,有,住家用,親友、員工、共有人或其他特殊關係間之交易;
士林區文林路７６３號九樓之２,寶殿大廈,114/03/29,1515,69.53,21.79,74.30%,住宅大樓(11層含以上有電梯),44,九層/十一層,房地(土地+建物),土:1 建:1車:0,2房2廳1衛,,有,有,住家用,陽台外推;
士林區文林路４７６號三樓,,114/03/29,2240,65.16,34.38,70.60%,華廈(10層含以下有電梯),35,三層/八層,房地(土地+建物),土:1 建:1車:0,2房2廳2衛,,有,有,商業用,
士林區中山北路五段７４６號九樓之３,全陽豐會,114/03/28,3600,108.34,33.23,59.37%,住宅大樓(11層含以上有電梯),1,九層/十八層,房地(土地+建物),土:1 建:1車:0,3房2廳2衛,,有,有,住家用,
士林區福志路１１８號十一樓,官峰大樓,114/03/28,6650,102.27,80.71,55.61%,住宅大樓(11層含以上有電梯),11,十一層/十二層,房地(土地+建物)+車位,土:2 建:1車:2,3房2廳3衛,600,有,有,住家用,其他增建;
士林區文林路７１４巷４號四樓,,114/03/28,1720,71.04,24.21,100.00%,公寓(5樓含以下無電梯),53,四層/四層,房地(土地+建物),土:1 建:1車:0,4房2廳2衛,,無,無,住家用,頂樓加蓋;其他增建;
士林區承德路四段８５號十二樓,藏峰,114/03/28,6935,68.96,100.57,62.65%,住宅大樓(11層含以上有電梯),23,十二層/十四層,房地(土地+建物)+車位,土:2 建:1車:2,3房2廳2衛,,有,有,住家用,
士林區至誠路二段１２９號三樓,,114/03/28,1300,58.78,22.12,96.79%,公寓(5樓含以下無電梯),47,三層/四層,房地(土地+建物),土:1 建:1車:0,2房2廳2衛,,無,無,住家用,
士林區倫等街５４巷３號二樓,,114/03/27,1430,53.7,26.63,88.24%,公寓(5樓含以下無電梯),51,二層/三層,房地(土地+建物),土:1 建:1車:0,3房2廳1衛,,無,無,住家用,陽台外推;其他增建;
士林區天母北路２８巷２號四樓,,114/03/27,1838,46.72,39.34,71.08%,華廈(10層含以下有電梯),36,四層/五層,房地(土地+建物),土:1 建:1車:0,3房2廳2衛,,無,有,住家用,親友、員工、共有人或其他特殊關係間之交易;
士林區天玉街３８巷１３弄２號,天母琴宮,114/03/26,4270,53.35,80.03,28.13%,華廈(10層含以下有電梯),41,一層/六層,房地(土地+建物),土:1 建:1車:0,,,無,有,住家用,
士林區中社路一段６１巷２號,,114/03/26,1100,52.2,21.07,100.00%,公寓(5樓含以下無電梯),50,一層/四層,房地(土地+建物),土:1 建:1車:0,2房1廳1衛,,無,無,住家用,陽台外推;其他增建;
士林區德行西路３６號八樓之１２,萬象之都,114/03/26,1690,116.44,14.51,53.83%,住宅大樓(11層含以上有電梯),17,八層/十三層,房地(土地+建物),土:3 建:1車:0,1衛,,有,有,商業用,陽台外推;夾層;
士林區德行東路３３１巷５０弄２號二樓,,114/03/26,450,37.1,12.13,78.28%,公寓(5樓含以下無電梯),45,二層/五層,房地(土地+建物),土:2 建:1車:0,3房2廳2衛,,無,無,住家用,親友、員工、共有人或其他特殊關係間之交易;
士林區德行西路９３巷７號五樓,,114/03/26,1188,24.08,49.33,55.97%,華廈(10層含以下有電梯),30,五層/九層,房地(土地+建物)+車位,土:1 建:1車:1,4房2廳2衛,,有,有,住家用,親友、員工、共有人或其他特殊關係間之交易;
士林區承德路四段２７７巷３５號八樓之１,MOMA,114/03/25,1920,77.49,24.78,57.46%,華廈(10層含以下有電梯),15,八層/九層,房地(土地+建物)+車位,土:1 建:1車:1,1房1廳1衛,,有,有,住家用,陽台外推;其他增建;
士林區德行東路４６巷７弄１號三樓,,114/03/25,2800,69.28,40.41,89.63%,公寓(5樓含以下無電梯),48,三層/四層,房地(土地+建物),土:5 建:1車:0,4房4衛,,有,無,住家用,
士林區華齡街４０巷６號,,114/03/25,350,46.24,7.57,95.16%,公寓(5樓含以下無電梯),47,一層/四層,房地(土地+建物),土:1 建:1車:0,2房2廳1衛,,無,無,商業用,親友、員工、共有人或其他特殊關係間之交易;
士林區格致路２０巷１號五樓之６,華崗,114/03/24,412,58.53,7.04,59.30%,華廈(10層含以下有電梯),23,五層/九層,房地(土地+建物),土:1 建:1車:0,1房1廳1衛,,有,有,商業用,夾層;
士林區中山北路六段４２７巷６弄８號,,114/03/24,3180,104.86,30.33,85.47%,公寓(5樓含以下無電梯),48,一層/五層,房地(土地+建物),土:1 建:1車:0,5房2廳2衛,,無,無,住家用,其他增建;
士林區延平北路五段２１３巷１７號四樓,葫蘆公寓,114/03/24,2080,60.09,34.61,100.00%,公寓(5樓含以下無電梯),53,四層/四層,房地(土地+建物),土:1 建:1車:0,4房1廳1衛,,無,無,住家用,
士林區中社路一段１１巷３１弄４號,,114/03/24,965,46.37,20.81,100.00%,公寓(5樓含以下無電梯),50,一層/四層,房地(土地+建物),土:1 建:1車:0,3房1廳1衛,,無,無,住家用,壹樓增建其他增建;
士林區天母西路２８號五樓,,114/03/23,2800,65.89,42.5,74.71%,華廈(10層含以下有電梯),44,五層/七層,房地(土地+建物),土:1 建:1車:0,4房2廳2衛,,有,有,住家用,親友、員工、共有人或其他特殊關係間之交易;
士林區福華路１４７巷２１號二樓,,114/03/23,1590,78.35,20.29,100.00%,公寓(5樓含以下無電梯),53,二層/四層,房地(土地+建物),土:1 建:1車:0,3房2廳1衛,,無,無,住家用,陽台外推;其他增建;
士林區德行東路２００號十樓之２,,114/03/23,5500,119.34,55.22,60.81%,住宅大樓(11層含以上有電梯),2,十層/十四層,房地(土地+建物)+車位,土:1 建:1車:1,2房2廳2衛,380,有,有,住家用,其他增建;
士林區天母北路８７巷１７號五樓,,114/03/23,1750,52.35,33.43,86.35%,公寓(5樓含以下無電梯),43,五層/五層,房地(土地+建物),土:2 建:1車:0,2房2廳2衛,,無,無,住家用,陽台外推;其他增建;
士林區永公路２４５巷１０號,,114/03/22,8650,0,115.69,,透天厝,55,全/二層,房地(土地+建物),土:3 建:1車:0,8房6廳6衛,,無,無,住家用,陽台外推;頂樓加蓋;其他增建;
士林區天母西路３號七樓之５,天母國際,114/03/22,1200,48.35,24.82,75.88%,住宅大樓(11層含以上有電梯),47,七層/十一層,房地(土地+建物),土:2 建:1車:0,2房2廳1衛,,有,有,商業用,親友、員工、共有人或其他特殊關係間之交易;陽台外推;
士林區文林路７６３號八樓之１１,寶殿大廈,114/03/21,1695,68.96,24.58,75.24%,住宅大樓(11層含以上有電梯),44,八層/十一層,房地(土地+建物),土:1 建:1車:0,4房4衛,,有,有,住家用,其他增建;
士林區雨農路６２號,雨農山莊,114/03/21,5100,54.19,94.12,54.44%,住宅大樓(11層含以上有電梯),20,一層/十二層,房地(土地+建物),土:1 建:1車:0,4房2廳2衛,,有,有,其他,
士林區葫蘆街５４巷１４號三樓,,114/03/21,1234,49.97,24.69,89.44%,公寓(5樓含以下無電梯),56,三層/三層,房地(土地+建物),土:1 建:1車:0,6房4廳2衛,,無,無,住家用,陽台外推;頂樓加蓋;其他增建;
士林區菁山路５３之５號四樓,陽明帝景,114/03/21,6100,50.17,121.57,64.78%,華廈(10層含以下有電梯),16,"四層,五層/五層",房地(土地+建物)+車位,土:1 建:1車:2,3房2廳3衛,,有,有,住家用,
士林區重慶北路四段１９０巷５弄１７號二樓,,114/03/21,906,55.52,16.32,100.00%,公寓(5樓含以下無電梯),53,二層/四層,房地(土地+建物),土:1 建:1車:0,2房2衛,,無,無,住家用,鐵鋁窗增建其他增建;
士林區天母東路２２巷２１號四樓之３,天母華琪大廈仁座,114/03/20,1908,77.33,24.67,77.71%,華廈(10層含以下有電梯),47,四層/十層,房地(土地+建物),土:1 建:1車:0,2房2廳1衛,,有,有,住家用,陽台外推;其他增建;
士林區故宮路１９號三樓,故宮華廈,114/03/20,2550,59.55,42.82,55.01%,華廈(10層含以下有電梯),25,三層/六層,房地(土地+建物)+車位,土:1 建:1車:1,3房2廳2衛,,有,有,住家用,車位每年抽籤使用
士林區延平北路五段１６３巷２３號,,114/03/19,1530,69.3,22.08,100.00%,公寓(5樓含以下無電梯),54,"一層,騎樓/四層",房地(土地+建物),土:1 建:1車:0,1衛,,無,無,住家用,
士林區至誠路二段９９號二樓,,114/03/19,1560,71.23,21.9,91.20%,公寓(5樓含以下無電梯),42,二層/五層,房地(土地+建物),土:1 建:1車:0,2房1廳1衛,,無,無,住家用,陽台外推;
士林區天母北路２之１號七樓,齊德華廈,114/03/18,2146,66.74,32.16,87.51%,華廈(10層含以下有電梯),48,七層/七層,房地(土地+建物),土:2 建:1車:0,3房2廳2衛,,有,有,住家用,其他增建;
士林區東山路２５巷８１弄１０５號,,114/03/18,14000,0,144.73,,透天厝,7,全/三層,房地(土地+建物),土:1 建:1車:0,,,無,有,農業用,
士林區德行東路３３２巷１號三樓,,114/03/18,2000,57.25,34.93,86.16%,公寓(5樓含以下無電梯),43,三層/五層,房地(土地+建物),土:1 建:1車:0,3房2廳2衛,,無,無,住家用,其他增建;
士林區士東路９１巷２６弄６號七樓之３,天母A+,114/03/17,1340,73.35,18.27,48.83%,華廈(10層含以下有電梯),16,七層/七層,房地(土地+建物)+車位,土:1 建:1車:1,1房1廳1衛,,有,有,住家用,
士林區天母北路６６之１號五樓,真善美雅苑,114/03/17,3750,60.2,62.29,62.72%,華廈(10層含以下有電梯),44,五層/七層,房地(土地+建物)+車位,土:1 建:1車:1,4房2廳2衛,300,有,有,住家用,陽台外推;
士林區天母西路２２巷６弄４號三樓,,114/03/17,2650,58.12,45.6,81.21%,公寓(5樓含以下無電梯),46,三層/五層,房地(土地+建物),土:1 建:1車:0,3房2廳2衛,,無,無,住家用,其他增建;
士林區天玉街１２１號五樓,家居雲門,114/03/17,901,19.76,45.6,58.32%,華廈(10層含以下有電梯),17,五層/五層,房地(土地+建物)+車位,土:1 建:1車:3,4房2廳2衛,,有,有,住家用,親友、員工、共有人或其他特殊關係間之交易;
士林區中社路二段１２５號三樓,,114/03/16,998,32.06,31.13,100.00%,公寓(5樓含以下無電梯),49,三層/四層,房地(土地+建物),土:1 建:1車:0,4房2廳2衛,,無,無,住家用,陽台加窗。其他增建;
士林區大南路４２８巷３６號,,114/03/16,1075,67.54,15.92,100.00%,公寓(5樓含以下無電梯),58,一層/二層,房地(土地+建物),土:1 建:1車:0,2房1廳1衛,,無,無,住家用,
士林區文林路５９４巷２８號四樓,,114/03/16,1730,66.28,26.1,91.79%,公寓(5樓含以下無電梯),40,四層/五層,房地(土地+建物),土:1 建:1車:0,3房2廳2衛,,無,無,住家用,天井其他增建;
士林區承德路四段８０巷４０號四樓,,114/03/16,1860,65.27,28.5,86.24%,公寓(5樓含以下無電梯),46,四層/五層,房地(土地+建物),土:2 建:1車:0,4房2廳2衛,,無,無,住家用,陽台外推;
士林區基河路２１４號三樓,公教大樓,114/03/16,3518,65.1,54.04,51.42%,華廈(10層含以下有電梯),30,三層/九層,房地(土地+建物)+車位,土:1 建:1車:1,3房2廳2衛,250,有,有,住家用,其他增建;
士林區東山路１３０巷６號五樓,,114/03/15,1800,50.03,35.98,83.23%,公寓(5樓含以下無電梯),40,五層/五層,房地(土地+建物),土:1 建:1車:0,3房2廳2衛,,無,無,住家用,陽台加窗、頂樓加蓋遮雨鐵棚。其他增建;
士林區中山北路五段７４６號八樓之２,全陽豐會,114/03/15,3950,83.69,47.2,59.45%,住宅大樓(11層含以上有電梯),1,八層/十八層,房地(土地+建物)+車位,土:1 建:1車:1,3房2廳2衛,,有,有,住家用,
士林區通河東街二段１６號,,114/03/15,2110,47.34,44.57,93.09%,公寓(5樓含以下無電梯),50,一層/四層,房地(土地+建物),土:1 建:1車:0,4房2廳2衛,,有,無,住家用,
士林區福德路７７號四樓之１,士林頌,114/03/15,860,70.15,12.26,72.54%,華廈(10層含以下有電梯),25,四層/五層,房地(土地+建物),土:1 建:1車:0,1房1廳1衛,,無,有,住家用,
士林區天母北路５６號十七樓之１,聯上天母,114/03/15,3100,117.15,35.68,58.05%,住宅大樓(11層含以上有電梯),5,十七層/二十四層,房地(土地+建物)+車位,土:1 建:1車:1,1房1廳1衛,295,有,有,住家用,
士林區天母西路５０巷１５之１號四樓,,114/03/14,2358,69,34.18,82.29%,公寓(5樓含以下無電梯),38,四層/五層,房地(土地+建物),土:1 建:1車:0,3房2廳2衛,,無,無,住家用,
士林區天母北路１５之５號六樓,陽明爵仕,114/03/14,4200,76.14,55.16,54.09%,華廈(10層含以下有電梯),32,六層/十層,房地(土地+建物)+車位,土:1 建:1車:1,3房2廳2衛,,有,有,住家用,有未登記專用露台陽台外推;其他增建;
士林區中山北路七段３６號地下,僑資華廈2,114/03/14,6250,50.82,122.98,83.64%,華廈(10層含以下有電梯),45,地下層/七層,房地(土地+建物),土:1 建:4車:0,1廳3衛,,無,有,其他,陽台外推;
士林區忠誠路一段１０２號二樓,,114/03/14,3580,100.98,35.45,83.21%,華廈(10層含以下有電梯),38,二層/八層,房地(土地+建物),土:1 建:1車:0,3房2廳2衛,,有,有,住家用,陽台外推;其他增建;
士林區中山北路六段４３１之１號二樓,富貴園,114/03/14,2610,60.11,43.42,76.15%,華廈(10層含以下有電梯),41,二層/七層,房地(土地+建物),土:1 建:1車:0,,,無,有,住家用,其他增建;
士林區中山北路六段４４１巷３０號十三樓,御上天母,114/03/13,6828,143,64.09,56.74%,住宅大樓(11層含以上有電梯),1,十三層/十七層,房地(土地+建物)+車位,土:1 建:1車:2,,700,有,有,住家用,毛胚屋;
士林區葫蘆街５４巷９弄５號,,114/03/13,1600,56.92,28.11,87.35%,公寓(5樓含以下無電梯),47,一層/四層,房地(土地+建物),土:1 建:1車:0,3房1廳1衛,,無,無,住家用,
士林區文昌路２４７巷１號四樓,,114/03/13,1200,44.02,27.26,89.79%,公寓(5樓含以下無電梯),48,四層/四層,房地(土地+建物),土:1 建:1車:0,6房2廳5衛,,無,無,住家用,親友、員工、共有人或其他特殊關係間之交易;頂樓加蓋;
士林區重慶北路四段１９０巷５弄１２號二樓,,114/03/13,1390,43.41,32.02,100.00%,公寓(5樓含以下無電梯),54,二層/四層,房地(土地+建物),土:1 建:1車:0,3房2廳2衛,,無,無,住家用,
士林區後港街２０巷５號四樓,,114/03/12,1590,62.94,25.26,78.09%,公寓(5樓含以下無電梯),45,四層/五層,房地(土地+建物),土:1 建:1車:0,2房2廳2衛,,無,無,住家用,陽台外推;其他增建;
士林區格致路２０巷１號五樓之７,華崗,114/03/12,430,59.15,7.27,57.55%,華廈(10層含以下有電梯),23,五層/九層,房地(土地+建物),土:1 建:1車:0,1房1衛,,有,有,商業用,夾層;
士林區克強路１０巷１９弄１０號四樓,,114/03/11,1781,44.24,40.26,82.34%,公寓(5樓含以下無電梯),44,四層/五層,房地(土地+建物),土:1 建:1車:0,3房2廳2衛,,無,無,住家用,陽台外推;
士林區德行東路９３巷１０號二樓,,114/03/11,1480,45.58,32.47,87.04%,公寓(5樓含以下無電梯),47,二層/五層,房地(土地+建物),土:1 建:1車:0,3房2廳1衛,,無,無,住家用,
士林區前港街８４號二樓,,114/03/11,650,26.31,24.7,86.02%,公寓(5樓含以下無電梯),44,二層/五層,房地(土地+建物),土:1 建:1車:0,2房1廳1衛,,無,無,住家用,親友、員工、共有人或其他特殊關係間之交易;
士林區雨農路７６號十二樓,雨農山莊,114/03/10,400,22.43,17.83,52.82%,住宅大樓(11層含以上有電梯),20,十二層/十二層,房地(土地+建物),土:1 建:1車:0,4房2廳2衛,,有,有,住家用,親友、員工、共有人或其他特殊關係間之交易;
士林區中社路一段６０巷８號,,114/03/10,1458,46.46,31.38,100.00%,公寓(5樓含以下無電梯),50,一層/四層,房地(土地+建物),土:1 建:1車:0,4房2廳2衛,,無,無,住家用,其他增建;
士林區天玉街２７巷２１號五樓,璞園天玉,114/03/10,3500,62.98,55.58,47.29%,住宅大樓(11層含以上有電梯),,五層/十四層,房地(土地+建物)+車位,土:1 建:1車:1,3房1廳2衛,,有,有,住家用,親友、員工、共有人或其他特殊關係間之交易;
士林區葫蘆街３０巷２４號,,114/03/10,550,38.28,14.37,100.00%,公寓(5樓含以下無電梯),54,一層/四層,房地(土地+建物),土:1 建:1車:0,1房2廳1衛,,無,無,住家用,親友、員工、共有人或其他特殊關係間之交易;
士林區德行東路９０巷３３弄２號二樓,,114/03/09,1968,76.97,25.57,85.26%,公寓(5樓含以下無電梯),46,二層/五層,房地(土地+建物),土:1 建:1車:0,2房2廳1衛,,無,無,住家用,陽台外推;
士林區忠誠路一段１５９號十樓,蘭雅新城,114/03/09,3900,88.88,43.88,87.90%,華廈(10層含以下有電梯),32,十層/十層,房地(土地+建物),土:1 建:1車:0,3房2廳2衛,,有,有,住家用,其他增建;
士林區士商路５２號五樓,,114/03/09,2030,59.45,34.15,82.65%,公寓(5樓含以下無電梯),39,五層/五層,房地(土地+建物),土:1 建:1車:0,3房2廳2衛,,無,無,住家用,陽台外推;頂樓加蓋;
士林區中山北路六段２９０巷２９弄６號,,114/03/09,3350,84.08,39.84,86.57%,公寓(5樓含以下無電梯),41,一層/五層,房地(土地+建物),土:1 建:1車:0,5房2廳3衛,,無,無,住家用,含其他增建:壹樓空地、防火巷、上下樓層內梯、遮雨棚增建、地下室含隔間其他增建;
士林區士東路９１巷２６弄６號七樓之１,天母A+,114/03/09,1370,99.61,18.53,49.01%,華廈(10層含以下有電梯),16,七層/七層,房地(土地+建物)+車位,土:1 建:1車:1,1房1廳1衛,200,有,有,住家用,夾層;
士林區福國路１５巷１１號三樓,,114/03/09,1000,33.34,30,100.00%,公寓(5樓含以下無電梯),51,三層/四層,房地(土地+建物),土:1 建:1車:0,3房2廳2衛,,無,無,住家用,急買急賣;
士林區中山北路七段１５６號三樓之１,勤和華廈,114/03/09,1930,59.88,32.23,66.09%,華廈(10層含以下有電梯),40,三層/七層,房地(土地+建物),土:1 建:1車:0,3房2廳2衛,,有,有,商業用,親友、員工、共有人或其他特殊關係間之交易;
士林區大北路９號四樓,,114/03/09,1188,55.16,21.54,87.50%,公寓(5樓含以下無電梯),46,四層/五層,房地(土地+建物),土:1 建:1車:0,3房1廳1衛,,無,無,住家用,鐵鋁窗增建陽台外推;其他增建;
士林區前港街１０２號五樓,,114/03/08,450,52.21,8.62,86.28%,公寓(5樓含以下無電梯),40,五層/五層,房地(土地+建物),土:1 建:1車:0,3房1廳2衛,,無,無,住家用,頂樓加蓋;
士林區中正路４２８號四樓,台北市中正陽明花園,114/03/08,3700,75.9,48.75,52.02%,住宅大樓(11層含以上有電梯),25,四層/十七層,房地(土地+建物),土:2 建:1車:0,3房2廳2衛,,有,有,住家用,陽台及建物向外擴大加蓋，含共用部份停車位1個，依管委會每二年抽簽決定號次。陽台外推;其他增建;
士林區天母東路７７號,,114/03/08,5600,86.82,64.5,45.48%,華廈(10層含以下有電梯),40,一層/七層,房地(土地+建物),土:1 建:1車:0,,,有,有,住家用,
士林區士商路１５９號二樓,,114/03/08,5100,92.01,64.06,69.94%,住宅大樓(11層含以上有電梯),24,二層/十二層,房地(土地+建物)+車位,土:1 建:1車:1,4房2廳2衛,300,有,有,住家用,其他增建;
士林區基河路１２８號八樓之７,基河之星,114/03/08,800,84.2,9.5,56.86%,住宅大樓(11層含以上有電梯),28,八層/十一層,房地(土地+建物),土:1 建:1車:0,1房1廳1衛,,有,有,住家用,
士林區華齡街５３號,,114/03/08,2880,99.02,29.09,93.14%,公寓(5樓含以下無電梯),45,一層/五層,房地(土地+建物),土:2 建:1車:0,1廳2衛,,無,無,住商用,其他增建;
士林區重慶北路四段１巷２７弄２２號,,114/03/08,1020,74.5,13.69,91.63%,公寓(5樓含以下無電梯),58,一層/二層,房地(土地+建物),土:1 建:1車:0,2房2廳1衛,,無,無,住家用,其他增建;
士林區中山北路六段４４１巷３０號十三樓之３,御上天母,114/03/07,6638,138.57,64.08,56.72%,住宅大樓(11層含以上有電梯),1,十三層/十七層,房地(土地+建物)+車位,土:1 建:1車:2,,700,有,有,住家用,毛胚屋;
士林區後港街１３４巷２號七樓,川騰仰士林,114/03/07,6668.1,95,70.19,55.90%,住宅大樓(11層含以上有電梯),1,七層/二十二層,房地(土地+建物),土:1 建:1車:0,4房2廳2衛,,有,有,住家用,
士林區延平北路五段２８５巷７３號二樓,,114/03/07,1268,61.59,20.59,90.32%,公寓(5樓含以下無電梯),45,二層/四層,房地(土地+建物),土:2 建:1車:0,3房2廳2衛,,無,無,住家用,平台增建、天井增建陽台外推;其他增建;
士林區建業路３６巷１號,,114/03/07,1600,0,23.56,,透天厝,53,全/一層,房地(土地+建物),土:3 建:1車:0,6房5衛,,無,無,住家用,其他增建:二樓及空地其他增建;
士林區天母北路９巷２號地下一層,,114/03/06,1000,11.04,90.57,97.11%,華廈(10層含以下有電梯),45,地下層/七層,房地(土地+建物),土:3 建:1車:0,1房1廳2衛,,有,有,其他,其他增建;
士林區美崙街７０號三樓,,114/03/06,1200,79.43,15.11,100.00%,公寓(5樓含以下無電梯),54,三層/三層,房地(土地+建物),土:2 建:1車:0,1房2廳1衛,,無,無,住家用,陽台外推;頂樓加蓋;
士林區延平北路五段１３６巷８弄３６號二樓,,114/03/06,567,46.75,12.13,100.00%,公寓(5樓含以下無電梯),51,二層/四層,房地(土地+建物),土:1 建:1車:0,1房1廳1衛,,無,無,住家用,陽台外推;其他增建;
士林區劍潭路１２號九樓之６,圓山凡登,114/03/06,1910,95.29,20.04,55.93%,住宅大樓(11層含以上有電梯),16,九層/十四層,房地(土地+建物),土:2 建:1車:0,1房1廳1衛,,有,有,住家用,
士林區延平北路八段１８７巷３弄８號二樓,,114/03/05,600,28.05,21.39,86.76%,公寓(5樓含以下無電梯),56,二層/三層,房地(土地+建物),土:1 建:1車:0,2房2廳1衛,,無,無,住家用,
士林區承德路四段６巷３３號二樓,,114/03/04,400,39.32,10.17,84.48%,公寓(5樓含以下無電梯),49,二層/四層,房地(土地+建物),土:1 建:1車:0,3房2廳1衛,,無,無,住家用,親友、員工、共有人或其他特殊關係間之交易;
士林區延平北路五段１６３巷３５弄２２號五樓,,114/03/04,700,67.76,10.33,76.31%,公寓(5樓含以下無電梯),42,五層/五層,房地(土地+建物),土:1 建:1車:0,2房2衛,,無,無,住家用,頂樓加蓋;
士林區社中街４５８巷５５號,,114/03/03,1620,65.07,24.9,100.00%,公寓(5樓含以下無電梯),55,"一層,騎樓/三層",房地(土地+建物),土:1 建:1車:0,,,無,無,住家用,其他增建;
士林區延平北路五段１之１號四樓之１,,114/03/03,1345,69.27,19.42,68.53%,華廈(10層含以下有電梯),25,四層/七層,房地(土地+建物),土:1 建:1車:0,2房2廳1衛,,有,有,商業用,
士林區福華路１４７巷３１號三樓,,114/03/03,1380,52.82,26.13,87.11%,公寓(5樓含以下無電梯),53,三層/四層,房地(土地+建物),土:1 建:1車:0,2房2廳1衛,,無,無,住家用,親友、員工、共有人或其他特殊關係間之交易;
士林區中山北路六段４０５巷４５弄１０號五樓,高蒂大廈,114/03/03,5988,108.12,62.24,60.07%,住宅大樓(11層含以上有電梯),,五層/十四層,房地(土地+建物)+車位,土:1 建:1車:1,,335,有,有,住家用,毛胚屋;預售屋、或土地及建物分件登記案件;
士林區忠誠路二段１１８巷２號六樓,,114/03/02,3558,84.75,41.98,83.84%,華廈(10層含以下有電梯),39,六層/七層,房地(土地+建物),土:2 建:1車:0,3房2廳2衛,,無,有,住家用,其他增建;
士林區通河東街一段４０號一樓,,114/03/02,1750,81.68,21.43,88.79%,公寓(5樓含以下無電梯),48,一層/四層,房地(土地+建物),土:1 建:1車:0,2房2廳1衛,,無,無,住家用,其他增建;
士林區忠義街７０號三樓,,114/03/02,1800,48.59,37.04,90.31%,公寓(5樓含以下無電梯),39,三層/五層,房地(土地+建物),土:1 建:1車:0,3房2廳2衛,,無,無,住家用,親友、員工、共有人或其他特殊關係間之交易;
士林區承德路四段８０巷２９號三樓,,114/03/02,1860,69.47,26.77,89.27%,公寓(5樓含以下無電梯),46,三層/五層,房地(土地+建物),土:9 建:1車:0,1房2廳1衛,,無,無,住家用,鐵鋁窗增建陽台外推;其他增建;
士林區通河西街二段１２６號六樓之３,杜拜,114/03/01,2920,56.52,51.67,54.03%,住宅大樓(11層含以上有電梯),14,六層/十四層,房地(土地+建物)+車位,土:1 建:1車:1,2房2廳1衛,,有,有,住家用,
士林區承德路四段３巷３６號,,114/03/01,3600,66.79,53.9,81.66%,華廈(10層含以下有電梯),44,地下層/七層,房地(土地+建物),土:1 建:2車:0,2房2廳1衛,,無,有,其他,壹樓空地增建、天井增建、內梯增建、貨梯增建、平台增建其他增建;
士林區士東路８６號十三樓,璞氏集,114/02/28,8088,121.45,85.53,55.67%,住宅大樓(11層含以上有電梯),7,十三層/十四層,房地(土地+建物)+車位,土:1 建:1車:2,3房2廳2衛,700,有,有,住家用,其他增建;
士林區忠誠路一段１８號十二樓,海涵,114/02/28,12888,104.44,142.27,63.44%,住宅大樓(11層含以上有電梯),19,十二層/十四層,房地(土地+建物)+車位,土:2 建:2車:3,5房2廳4衛,800,有,有,住家用,其他增建;
士林區永平街３８號二樓,,114/02/28,1300,58.37,22.27,91.37%,公寓(5樓含以下無電梯),45,二層/五層,房地(土地+建物),土:1 建:1車:0,2房2廳1衛,,無,無,住家用,陽台外推;其他增建;
士林區通河街３２３巷２１號,劍潭國宅D區,114/02/27,210,30.52,6.88,96.04%,公寓(5樓含以下無電梯),54,地下層/五層,房地(土地+建物),土:1 建:1車:0,2房1廳1衛,,無,無,住家用,買方另外補貼賣方土地增值稅新台幣壹拾伍萬元整親友、員工、共有人或其他特殊關係間之交易;其他增建;
士林區承德路四段１９８號六樓,富山工商,114/02/27,2050,56.6,36.22,84.08%,住宅大樓(11層含以上有電梯),37,六層/十一層,房地(土地+建物),土:2 建:1車:0,2房1廳1衛,,有,有,工業用,陽台外推;
士林區仰德大道一段６巷３３弄２號,,114/02/27,500,27.29,18.32,100.00%,公寓(5樓含以下無電梯),67,一層/--,房地(土地+建物),土:1 建:1車:0,4房1廳2衛,,無,無,住家用,親友、員工、共有人或其他特殊關係間之交易;其他增建;
士林區天母西路５巷１５號,,114/02/27,4950,81.46,60.77,88.94%,華廈(10層含以下有電梯),44,一層/七層,房地(土地+建物),土:4 建:2車:0,,,無,有,商業用,"本案房屋做商業場所使用,故未有隔間,臺樓空地增建其他增建;"
士林區士東路８９巷１７號五樓,,114/02/27,2210,69.71,31.71,63.51%,公寓(5樓含以下無電梯),47,五層/五層,房地(土地+建物),土:1 建:1車:0,3房2廳2衛,,無,無,住家用,陽台外推;其他增建;
士林區福德路５７巷１６號三樓,,114/02/26,2620,65.99,39.7,100.00%,公寓(5樓含以下無電梯),50,"三層,陽台/四層",房地(土地+建物),土:1 建:1車:0,3房2廳2衛,,無,無,住家用,陽台加窗其他增建;
士林區天母東路２２巷２１號十樓之１,天母華琪大廈仁座,114/02/26,283,22.08,12.82,74.68%,華廈(10層含以下有電梯),47,十層/十層,房地(土地+建物),土:1 建:1車:0,4房2廳2衛,,有,有,住家用,親友、員工、共有人或其他特殊關係間之交易;
士林區前街１１５巷２２號三樓,,114/02/25,620,34.65,17.9,100.00%,公寓(5樓含以下無電梯),57,三層/三層,房地(土地+建物),土:1 建:1車:0,3房2廳1衛,,無,無,住家用,親友、員工、共有人或其他特殊關係間之交易;
士林區天母西路４１巷７號三樓,,114/02/25,2900,63,46.03,89.96%,公寓(5樓含以下無電梯),48,三層/五層,房地(土地+建物),土:1 建:1車:0,4房1廳3衛,,無,無,住家用,陽台外推;其他增建;
士林區延平北路五段２４２號三樓,,114/02/25,1474,52.74,27.95,100.00%,公寓(5樓含以下無電梯),53,三層/四層,房地(土地+建物),土:2 建:1車:0,,,無,無,住家用,親友、員工、共有人或其他特殊關係間之交易;
士林區士東路２００巷５８弄１５號等,滿庭芳,114/02/25,1342,25.39,52.86,100.00%,華廈(10層含以下有電梯),41,地下層/七層,房地(土地+建物),土:1 建:1車:0,3房1廳1衛,,有,有,其他,親友、員工、共有人或其他特殊關係間之交易;
士林區中山北路七段１４巷２９之２號七樓,幸福華廈,114/02/24,2650,53.04,49.96,80.67%,華廈(10層含以下有電梯),47,七層/七層,房地(土地+建物),土:1 建:1車:0,4房2廳2衛,,有,有,住家用,其他增建;
士林區重慶北路四段４９巷１５弄５６號一樓之１１,,114/02/24,11.5,19.9,0.58,86.39%,公寓(5樓含以下無電梯),47,一層/五層,房地(土地+建物),土:1 建:1車:0,,,無,無,商業用,親友、員工、共有人或其他特殊關係間之交易;具重建或重劃、都更等效益;畸零地或有合併使用效益;
士林區福壽街４４號,,114/02/24,820,0,4.89,,透天厝,62,全/一層,房地(土地+建物),土:1 建:1車:0,,,無,無,住家用,
士林區磺溪街２１巷１８號五樓,磺溪逸庭,114/02/23,2440,58.16,41.95,71.69%,公寓(5樓含以下無電梯),36,五層/五層,房地(土地+建物),土:1 建:1車:0,4房2廳3衛,,無,無,住家用,陽台外推;其他增建;
士林區美崙街８６巷１８號,,114/02/23,2807,0,29.27,,透天厝,58,全/二層,房地(土地+建物),土:1 建:1車:0,5房2廳2衛,,無,無,住家用,頂樓加蓋;其他增建;
士林區天玉街５之１號四樓,,114/02/23,3250,65.11,49.91,80.73%,華廈(10層含以下有電梯),38,四層/七層,房地(土地+建物),土:1 建:1車:0,4房2廳2衛,,有,有,住家用,陽台外推;其他增建;
士林區中山北路六段２７７巷４弄５號,,114/02/23,5300,0,87.05,,透天厝,24,全/五層,房地(土地+建物)+車位,土:1 建:1車:2,5房2廳4衛,,無,有,住家用,陽台外推;頂樓加蓋;其他增建;
士林區格致路２０巷２９號三樓之７,仰德大廈,114/02/22,550,38.28,14.37,56.88%,華廈(10層含以下有電梯),28,三層/十層,房地(土地+建物),土:2 建:1車:0,1房1廳1衛,,有,有,住家用,陽台外推;
士林區延平北路六段１９５號三樓,,114/02/22,1198,43.46,27.56,100.00%,公寓(5樓含以下無電梯),52,"三層,陽臺/四層",房地(土地+建物),土:1 建:1車:0,2房2廳1衛,,無,無,住家用,其他增建;
士林區文林路７６３號七樓之１,寶殿大廈,114/02/21,426,68.7,6.2,83.27%,住宅大樓(11層含以上有電梯),44,七層/十一層,房地(土地+建物),土:1 建:1車:0,1房1廳1衛,,有,有,住家用,
士林區中正路３３５巷２１號三樓,,114/02/20,1850,52.44,35.28,86.30%,公寓(5樓含以下無電梯),47,三層/四層,房地(土地+建物),土:1 建:1車:0,6房1廳1衛,,無,無,住家用,陽台外推;其他增建;
士林區至誠路二段６０巷１１號四樓,,114/02/19,1200,41.98,28.59,91.75%,公寓(5樓含以下無電梯),47,四層/四層,房地(土地+建物),土:1 建:1車:0,3房1廳2衛,,無,無,住家用,親友、員工、共有人或其他特殊關係間之交易;
士林區基河路３９號,圓山1號院,114/02/18,44688,188.56,287.44,65.59%,住宅大樓(11層含以上有電梯),9,"一層,二層,見其他登記事項/二十一層",房地(土地+建物)+車位,土:1 建:3車:6,,"1,500",有,有,商業用,
士林區重慶北路四段２４４號,,114/02/17,1330,46.6,28.54,100.00%,公寓(5樓含以下無電梯),55,四層/四層,房地(土地+建物),土:1 建:1車:0,2房1廳1衛,,無,無,住家用,親友、員工、共有人或其他特殊關係間之交易;
士林區承德路四段２９２巷１５號三樓,,114/02/16,1920,64.03,29.98,82.02%,公寓(5樓含以下無電梯),41,三層/五層,房地(土地+建物),土:2 建:1車:0,2房2廳1衛,,無,無,住家用,陽台外推;
士林區士東路８９巷１３號,綠光新第,114/02/16,970,82.05,11.82,55.96%,華廈(10層含以下有電梯),31,一層/六層,房地(土地+建物),土:1 建:1車:0,1房1廳1衛,,有,有,住家用,
士林區大北路８４號三樓,,114/02/16,1950,58.96,33.07,100.00%,公寓(5樓含以下無電梯),51,三層/四層,房地(土地+建物),土:2 建:1車:0,3房2廳1衛,,無,無,住家用,
士林區德行西路１０５號三樓,,114/02/15,2338,65.18,35.87,93.51%,公寓(5樓含以下無電梯),46,三層/五層,房地(土地+建物),土:3 建:1車:0,3房2廳1衛,,無,無,住家用,其他增建;
士林區福港街２４４巷２３號四樓,,114/02/15,1700,46.72,36.39,87.89%,公寓(5樓含以下無電梯),44,四層/五層,房地(土地+建物),土:1 建:1車:0,3房2廳1衛,,無,無,住家用,其他增建;
士林區重慶北路四段１０８號十樓之１,日健闊,114/02/14,4300,76.88,55.93,61.33%,住宅大樓(11層含以上有電梯),1,十層/十六層,房地(土地+建物)+車位,土:1 建:1車:1,3房2廳2衛,,有,有,住家用,
士林區磺溪街４７巷２號四樓,,114/02/14,1250,59.68,20.95,88.95%,公寓(5樓含以下無電梯),42,四層/五層,房地(土地+建物),土:1 建:1車:0,5房5衛,,無,無,住家用,親友、員工、共有人或其他特殊關係間之交易;其他增建;
士林區中山北路七段２１９巷６之１號,快樂山莊,114/02/14,4108,67.01,61.3,83.22%,華廈(10層含以下有電梯),39,一層/七層,房地(土地+建物)+車位,土:1 建:1車:1,3房2廳2衛,,有,有,住家用,其他增建;
士林區中山北路六段２３６巷７號二樓,天母靜好,114/02/14,2900,91.89,40.19,54.54%,住宅大樓(11層含以上有電梯),3,二層/十四層,房地(土地+建物)+車位,土:1 建:1車:1,2房1廳1衛,340,有,有,住家用,
士林區格致路４０號,,114/02/14,460,0,7.56,,透天厝,94,全/一層,房地(土地+建物),土:2 建:1車:0,,,無,無,農業用,
士林區福港街２１０巷１７弄６之１號四樓,,114/02/13,2050,51.29,39.97,86.68%,公寓(5樓含以下無電梯),47,四層/四層,房地(土地+建物),土:1 建:1車:0,4房2廳2衛,,無,無,住家用,陽台外推;其他增建;
士林區中山北路六段４４１巷３０號十三樓之１,御上天母,114/02/13,10508,138.07,92.28,55.93%,住宅大樓(11層含以上有電梯),1,十三層/十七層,房地(土地+建物)+車位,土:1 建:1車:2,,700,有,有,住家用,毛胚屋;
士林區中山北路六段４４１巷３０號十三樓之２,御上天母,114/02/13,10380,136.27,92.28,55.93%,住宅大樓(11層含以上有電梯),1,十三層/十七層,房地(土地+建物)+車位,土:1 建:1車:2,,700,有,有,住家用,毛胚屋;
士林區中山北路七段１８１巷６之１號,天母悅桂,114/02/12,9580,100.71,113.96,59.98%,華廈(10層含以下有電梯),18,"一層,二層/五層",房地(土地+建物)+車位,土:1 建:1車:2,3房2廳3衛,800,有,有,住家用,雨遮加蓋、空地加蓋陽台外推;其他增建;
士林區磺溪街２１巷２４號二樓,磺溪逸庭,114/02/12,2500,65.7,38.05,81.20%,公寓(5樓含以下無電梯),36,二層/五層,房地(土地+建物),土:1 建:1車:0,3房2廳2衛,,無,無,住家用,親友、員工、共有人或其他特殊關係間之交易;陽台外推;
士林區永平街７５巷１５號,,114/02/12,2050,71.55,28.65,85.12%,公寓(5樓含以下無電梯),44,一層/五層,房地(土地+建物),土:2 建:1車:0,1房2廳1衛,,無,無,住商用,壹樓空地增建、平台、地下室、內梯增建、鐵窗增建其他增建;
士林區延平北路五段８３巷２８弄２３號二樓,,114/02/10,630,44.67,14.1,100.00%,公寓(5樓含以下無電梯),49,"二層,陽臺/四層",房地(土地+建物),土:1 建:1車:0,2房1廳1衛,,無,無,住家用,
士林區天母西路４１巷２號二樓之２,,114/02/10,1405,78.02,18.01,75.00%,華廈(10層含以下有電梯),33,二層/六層,房地(土地+建物),土:1 建:1車:0,2房1廳1衛,,有,有,住家用,其他增建;
士林區福港街２５９巷１號四樓,,114/02/10,950,54.69,17.37,100.00%,公寓(5樓含以下無電梯),51,四層/四層,房地(土地+建物),土:1 建:1車:0,3房2廳1衛,,無,無,住家用,親友、員工、共有人或其他特殊關係間之交易;
士林區延平北路六段２１１號八樓之１,鄉林左岸,114/02/09,3760,73.96,57.52,56.92%,住宅大樓(11層含以上有電梯),9,八層/十一層,房地(土地+建物)+車位,土:4 建:1車:1,3房2廳2衛,300,有,有,住家用,其他增建;
士林區延平北路五段８３巷２８弄１６號三樓,,114/02/09,1136,57.2,19.86,100.00%,公寓(5樓含以下無電梯),53,三層/四層,房地(土地+建物),土:1 建:1車:0,2房2廳1衛,,無,無,住家用,其他增建;
士林區通河東街一段１３６巷１５號五樓之１,,114/02/09,1500,43.57,34.43,88.51%,公寓(5樓含以下無電梯),45,五層/五層,房地(土地+建物),土:1 建:1車:0,3房2廳2衛,,無,無,住家用,頂樓加蓋;其他增建;
士林區美德街４７號三樓之１,,114/02/09,2088,76.69,27.22,100.00%,公寓(5樓含以下無電梯),50,"三層,陽臺/四層",房地(土地+建物),土:1 建:1車:0,3房2廳2衛,,無,無,辦公用,
士林區中山北路七段１５０之１號六樓,,114/02/08,2188,61.56,35.54,83.52%,華廈(10層含以下有電梯),40,六層/七層,房地(土地+建物),土:1 建:1車:0,3房2廳2衛,,有,有,住家用,
士林區天母東路１０５巷９弄１０號四樓,天母桓琚,114/02/08,4000,87.45,47.19,58.35%,住宅大樓(11層含以上有電梯),1,四層/十二層,房地(土地+建物)+車位,土:1 建:1車:1,3房2廳2衛,220,有,有,住家用,
士林區葫蘆街３０巷３８號二樓,,114/02/08,460,20.85,22.06,100.00%,公寓(5樓含以下無電梯),52,二層/四層,房地(土地+建物),土:1 建:1車:0,4房1廳1衛,,無,無,住家用,親友、員工、共有人或其他特殊關係間之交易;
士林區忠誠路二段４１巷５０號二樓,,114/02/07,2260,70.32,32.14,88.14%,公寓(5樓含以下無電梯),45,二層/五層,房地(土地+建物),土:2 建:1車:0,3房2廳2衛,,無,無,住家用,陽台外推;其他增建;
士林區天母西路１０號七樓之１,,114/02/07,4338,67.79,63.99,66.16%,華廈(10層含以下有電梯),44,七層/七層,房地(土地+建物),土:1 建:1車:0,3房2廳2衛,,有,有,住家用,其他增建;
士林區中山北路六段４４１巷１７號四樓,,114/02/07,2000,47.46,42.14,84.14%,公寓(5樓含以下無電梯),39,四層/五層,房地(土地+建物),土:1 建:1車:0,4房2廳2衛,,無,無,住家用,親友、員工、共有人或其他特殊關係間之交易;
士林區承德路四段３６０號十二樓,歐香名廈,114/02/07,2420,73.54,32.91,75.28%,住宅大樓(11層含以上有電梯),37,十二層/十二層,房地(土地+建物),土:1 建:1車:0,3房4廳4衛,,有,有,住家用,外梯增建陽台外推;頂樓加蓋;其他增建;
士林區環河北路三段１１５號,天星花園,114/02/06,1030,59.97,22.67,50.88%,住宅大樓(11層含以上有電梯),21,一層/十三層,房地(土地+建物)+車位,土:2 建:1車:2,1房1廳1衛,380,有,有,商業用,陽台外推;夾層;其他增建;
士林區至善路二段１巷５號,,114/02/05,3100,0,94.59,,透天厝,35,全/三層,房地(土地+建物),土:2 建:1車:0,5房4廳5衛,,無,無,住家用,親友、員工、共有人或其他特殊關係間之交易;
士林區中山北路七段１４０巷７號三樓,嘉新天母華廈Ａ棟,114/02/04,2860,81.59,35.05,86.59%,華廈(10層含以下有電梯),40,三層/七層,房地(土地+建物),土:1 建:1車:0,3房2廳2衛,,無,有,住家用,其他增建;
士林區葫蘆街７０巷１０號二樓,,114/02/04,1100,19.57,56.22,87.35%,公寓(5樓含以下無電梯),47,二層/四層,房地(土地+建物),土:1 建:2車:0,6房4廳2衛,,無,無,住家用,親友、員工、共有人或其他特殊關係間之交易;
士林區承德路四段６巷５３號四樓,,114/02/03,133.2,33.31,4,100.00%,公寓(5樓含以下無電梯),58,四層/四層,房地(土地+建物),土:1 建:1車:0,3房2廳1衛,,無,無,住家用,本案不動產登記有他項權利(抵押權)由得標人繼受該他項權利負擔。地清或未辦繼承標售;
士林區中社路一段４３巷２號四樓,,114/01/26,1350,43.01,31.38,100.00%,公寓(5樓含以下無電梯),49,四層/四層,房地(土地+建物),土:1 建:1車:0,2房2廳1衛,,無,無,住家用,頂樓加蓋;其他增建;
士林區天母東路８巷７９號,,114/01/25,3000,117.85,25.46,82.94%,公寓(5樓含以下無電梯),47,一層/五層,房地(土地+建物),土:1 建:1車:0,3房3廳1衛,,無,無,其他,其他增建;
士林區天母西路３之２０號,天母國際,114/01/24,700,89.41,7.83,61.09%,住宅大樓(11層含以上有電梯),47,一層/十一層,房地(土地+建物),土:2 建:1車:0,,,無,有,商業用,
士林區中山北路五段５１８號八樓,欣翰士林官邸,114/01/24,14888,97.24,181.11,50.37%,住宅大樓(11層含以上有電梯),10,八層/十二層,房地(土地+建物)+車位,土:1 建:1車:4,1廳,"1,000",有,有,辦公用,
士林區忠誠路一段１８號四樓之１,海涵,114/01/23,5568,112.79,59.68,71.31%,住宅大樓(11層含以上有電梯),19,四層/十四層,房地(土地+建物)+車位,土:2 建:2車:1,3房2廳2衛,300,有,有,住家用,其他增建;
士林區中山北路七段１４巷１５號四樓之６,錦龍,114/01/22,1700,55.44,30.66,83.03%,華廈(10層含以下有電梯),47,四層/七層,房地(土地+建物),土:1 建:1車:0,2房2廳1衛,,有,有,住家用,親友、員工、共有人或其他特殊關係間之交易;
士林區中山北路六段２１２之２號十二樓,國際名園,114/01/22,5300,87.42,60.62,59.78%,住宅大樓(11層含以上有電梯),21,十二層/十四層,房地(土地+建物)+車位,土:1 建:1車:1,1房2廳2衛,,有,有,住家用,陽台外推;其他增建;
士林區文林路６６１巷７號,,114/01/22,2200,75.37,29.19,85.62%,公寓(5樓含以下無電梯),43,一層/五層,房地(土地+建物),土:1 建:1車:0,3房2廳2衛,,無,無,住家用,親友、員工、共有人或其他特殊關係間之交易;
士林區葫蘆街１１巷１４號三樓,,114/01/22,1217,50.06,24.31,100.00%,公寓(5樓含以下無電梯),58,三層/三層,房地(土地+建物),土:1 建:1車:0,3房2廳1衛,,無,無,住家用,頂樓加蓋;
士林區大東路８８巷１２號,,114/01/22,1950,55.5,35.14,100.00%,公寓(5樓含以下無電梯),56,三層/三層,房地(土地+建物),土:1 建:1車:0,4房2廳2衛,,無,無,住家用,親友、員工、共有人或其他特殊關係間之交易;
士林區中山北路五段８２９巷４７號三樓,,114/01/21,7400,76.76,96.41,58.85%,住宅大樓(11層含以上有電梯),16,三層/十二層,房地(土地+建物)+車位,土:1 建:2車:3,4房2廳2衛,,有,有,住家用,
士林區中正路２０１巷４３號,,114/01/21,3076,0,24.87,,透天厝,60,全/二層,房地(土地+建物),土:1 建:1車:0,3房3廳3衛,,無,無,住家用,頂樓加蓋;其他增建;
士林區雨聲街６５巷６０號二樓,天母里昂,114/01/21,4100,70.16,59.68,46.06%,華廈(10層含以下有電梯),15,二層/六層,房地(土地+建物)+車位,土:3 建:1車:1,3房2廳2衛,200,有,有,住家用,其他增建;
士林區中山北路六段４４１巷３０號三樓之１,御上天母,114/01/21,8958,117.99,91.22,56.82%,住宅大樓(11層含以上有電梯),1,三層/十七層,房地(土地+建物)+車位,土:1 建:1車:2,,700,有,有,住家用,毛胚屋;
士林區中山北路六段４４１巷３０號三樓之２,御上天母,114/01/21,8958,117.99,91.22,56.82%,住宅大樓(11層含以上有電梯),1,三層/十七層,房地(土地+建物)+車位,土:1 建:1車:2,,700,有,有,住家用,毛胚屋;
士林區中山北路五段７５０號二樓之２,全陽豐會,114/01/20,5400,78.63,68.67,58.39%,住宅大樓(11層含以上有電梯),,二層/十八層,房地(土地+建物)+車位,土:1 建:1車:1,3房2廳2衛,,有,有,住家用,
士林區中山北路六段１９５巷１８弄５號五樓,,114/01/20,1930,86.2,22.39,56.19%,華廈(10層含以下有電梯),31,五層/五層,房地(土地+建物),土:1 建:1車:0,2房2廳1衛,,無,有,住家用,陽台外推;其他增建;
士林區中山北路七段８１巷１６弄１８號七樓,天母上苑,114/01/19,5199,99.63,60.92,60.51%,住宅大樓(11層含以上有電梯),,七層/十二層,房地(土地+建物)+車位,土:1 建:1車:1,4房2廳2衛,300,有,有,住家用,
士林區承德路四段２巷１號四樓,,114/01/19,988,41.07,24.05,100.00%,公寓(5樓含以下無電梯),51,四層/五層,房地(土地+建物),土:1 建:1車:0,2房1廳2衛,,無,無,住家用,親友、員工、共有人或其他特殊關係間之交易;
士林區德行東路４６巷７弄１３號,,114/01/19,3750,92.79,40.41,89.63%,公寓(5樓含以下無電梯),48,一層/四層,房地(土地+建物),土:5 建:1車:0,3房2廳2衛,,無,無,住家用,未登記建物;
士林區中正路６４５號三樓,,114/01/18,1280,57.27,22.35,93.33%,公寓(5樓含以下無電梯),44,三層/五層,房地(土地+建物),土:1 建:1車:0,2房2廳1衛,,無,無,住家用,其他增建;
士林區福華路１４７巷３１號四樓,,114/01/18,1680,68.35,24.58,100.00%,公寓(5樓含以下無電梯),53,四層/四層,房地(土地+建物),土:1 建:1車:0,3房2廳1衛,,無,無,住家用,陽台外推;其他增建;
士林區承德路四段５８巷１０弄７號四樓,,114/01/18,1911,50.86,37.58,90.23%,公寓(5樓含以下無電梯),46,四層/五層,房地(土地+建物),土:9 建:1車:0,4房2廳2衛,,無,無,住家用,其他增建;
士林區中正路２１３巷５７號,,114/01/18,3100,0,30.34,,透天厝,61,全/二層,房地(土地+建物),土:1 建:1車:0,3房2廳2衛,,無,無,住家用,夾層;其他增建;
士林區中山北路六段２巷３２號,,114/01/17,19915.1,0,72.77,,透天厝,50,全/二層,房地(土地+建物),土:1 建:1車:0,4房2廳2衛,,無,無,住家用,親友、員工、共有人或其他特殊關係間之交易;具重建或重劃、都更等效益;
士林區中山北路六段２巷３２號,,114/01/17,1810.5,0,6.62,,透天厝,50,全/二層,房地(土地+建物),土:1 建:1車:0,4房2廳2衛,,無,無,住家用,親友、員工、共有人或其他特殊關係間之交易;具重建或重劃、都更等效益;
士林區中山北路六段２巷３８號,,114/01/17,12153.2,0,187.77,,透天厝,24,全/七層,房地(土地+建物)+車位,土:2 建:1車:5,9房2廳7衛,,無,有,其他,親友、員工、共有人或其他特殊關係間之交易;具重建或重劃、都更等效益;(包含)公共設施保留地(用地);
士林區中山北路六段２巷３８號,,114/01/17,4051.1,0,62.59,,透天厝,24,全/七層,房地(土地+建物)+車位,土:2 建:1車:5,9房2廳7衛,,無,有,其他,親友、員工、共有人或其他特殊關係間之交易;具重建或重劃、都更等效益;(包含)公共設施保留地(用地);
士林區中山北路六段２巷３８號,,114/01/17,4051.1,0,62.59,,透天厝,24,全/七層,房地(土地+建物)+車位,土:2 建:1車:5,9房2廳7衛,,無,有,其他,親友、員工、共有人或其他特殊關係間之交易;具重建或重劃、都更等效益;(包含)公共設施保留地(用地);
士林區中正路２４７巷３６號三樓,士林竣,114/01/17,5088,115.25,46.85,56.99%,住宅大樓(11層含以上有電梯),,三層/十一層,房地(土地+建物)+車位,土:1 建:1車:1,3房2廳2衛,220,有,有,住家用,預售屋、或土地及建物分件登記案件;
士林區中山北路七段１４巷８之１號三樓,芝柏園,114/01/16,2698,61.48,43.89,74.44%,華廈(10層含以下有電梯),42,三層/七層,房地(土地+建物),土:1 建:1車:0,4房2廳2衛,,無,有,住家用,含地下一層停車位編號3號使用權
士林區葫東街７巷３號二樓,,114/01/16,1148,55.35,20.74,100.00%,公寓(5樓含以下無電梯),51,二層/四層,房地(土地+建物),土:1 建:1車:0,1房2廳1衛,,無,無,住家用,陽台外推;其他增建;
士林區中山北路六段７５４巷２６之３號四樓,,114/01/16,1300,66.13,19.66,91.94%,公寓(5樓含以下無電梯),46,四層/五層,房地(土地+建物),土:1 建:1車:0,3房2廳1衛,,無,無,住家用,親友、員工、共有人或其他特殊關係間之交易;陽台外推;
士林區忠誠路二段１４０巷１８弄５號三樓,,114/01/15,1240,33.03,37.54,72.56%,公寓(5樓含以下無電梯),44,三層/五層,房地(土地+建物),土:1 建:1車:0,3房1廳2衛,,無,無,住家用,親友、員工、共有人或其他特殊關係間之交易;
士林區承德路四段１３０號,圓山諾貝爾,114/01/15,4300,105.48,40.77,85.12%,住宅大樓(11層含以上有電梯),40,一層/十二層,房地(土地+建物),土:1 建:1車:0,1房1廳1衛,,有,有,商業用,其他增建;
士林區士東路２５巷８弄７號五樓,,114/01/15,1380,33.84,40.78,82.95%,公寓(5樓含以下無電梯),40,五層/五層,房地(土地+建物),土:1 建:1車:0,4房2廳2衛,,無,無,住家用,親友、員工、共有人或其他特殊關係間之交易;頂樓加蓋;
士林區重慶北路四段１０８號十樓之５,日健闊,114/01/13,3500,70.74,49.48,65.07%,住宅大樓(11層含以上有電梯),1,十層/十六層,房地(土地+建物)+車位,土:1 建:1車:1,3房2廳2衛,,有,有,住家用,
士林區至誠路一段３０號四樓,,114/01/13,1886,47.84,39.42,87.73%,公寓(5樓含以下無電梯),46,四層/五層,房地(土地+建物),土:3 建:1車:0,3房2廳2衛,,無,無,住家用,陽台外推;
士林區社中街３４６巷２弄３號二樓,,114/01/12,555,27.02,20.54,100.00%,公寓(5樓含以下無電梯),53,二層/三層,房地(土地+建物),土:1 建:1車:0,2房1廳1衛,,無,無,住家用,親友、員工、共有人或其他特殊關係間之交易;
士林區士東路９１巷２６弄６號二樓之３,天母A+,114/01/12,950,82.71,11.49,48.83%,華廈(10層含以下有電梯),16,二層/七層,房地(土地+建物),土:1 建:1車:0,1房2廳2衛,,有,有,住家用,陽台外推;夾層;其他增建;
士林區士東路９１巷２６弄６號二樓之２,天母A+,114/01/12,1100,60.2,18.27,48.83%,華廈(10層含以下有電梯),16,二層/七層,房地(土地+建物)+車位,土:1 建:1車:1,1房2廳2衛,,有,有,住家用,陽台外推;夾層;其他增建;
士林區大南路３２５號七樓之８,新天地,114/01/12,1010,77.56,13.02,55.21%,住宅大樓(11層含以上有電梯),17,七層/十四層,房地(土地+建物),土:1 建:1車:0,1房1廳1衛,,有,有,商業用,其他增建;
士林區中正路１８７巷２５號四樓,,114/01/12,2350,75.38,31.18,90.53%,公寓(5樓含以下無電梯),40,四層/四層,房地(土地+建物),土:2 建:1車:0,3房2廳2衛,,無,無,住家用,陽台外推;
士林區中山北路五段８０９號,,114/01/12,2000,80.05,24.98,100.00%,公寓(5樓含以下無電梯),51,"一層,騎樓/四層",房地(土地+建物),土:1 建:1車:0,1廳1衛,,無,無,住家用,其他增建;
士林區基河路３９６巷１６號十樓,鄉林陽明,114/01/12,6876,97.99,70.17,58.86%,住宅大樓(11層含以上有電梯),15,十層/十五層,房地(土地+建物),土:1 建:1車:0,3房2廳2衛,,有,有,住家用,
士林區承德路四段４０巷７３號六樓之３,劍潭整宅B區,114/01/11,537.5,49.91,10.77,91.01%,公寓(5樓含以下無電梯),54,五層/五層,房地(土地+建物),土:1 建:1車:0,1房1廳1衛,,有,無,住家用,陽台外推;頂樓加蓋;其他增建;
士林區通河西街二段４２號地下,綠色華夏,114/01/11,460,31.21,14.74,71.70%,住宅大樓(11層含以上有電梯),30,地下層/十一層,房地(土地+建物),土:1 建:1車:0,1廳1衛,,有,有,商業用,
士林區德行東路９１號四樓,,114/01/11,1765,78.46,22.5,100.00%,公寓(5樓含以下無電梯),49,"四層,陽臺/四層",房地(土地+建物),土:1 建:1車:0,3房1廳1衛,,無,無,住家用,陽台外推;
士林區士東路８９巷１３號二樓之４,綠光新第,114/01/11,950,83.64,11.36,65.81%,華廈(10層含以下有電梯),30,二層/六層,房地(土地+建物),土:1 建:1車:0,1房1廳1衛,,有,有,住家用,陽台外推;
士林區社正路２６號六樓,成功首席,114/01/10,2780,62.71,49.08,56.70%,住宅大樓(11層含以上有電梯),5,六層/十三層,房地(土地+建物)+車位,土:1 建:1車:3,2房2廳1衛,540,有,有,住家用,
士林區文林路５００號十二樓之１,囍堂,114/01/10,2771,103.45,25.42,63.45%,住宅大樓(11層含以上有電梯),12,十二層/十三層,房地(土地+建物)+車位,土:1 建:1車:1,2房1廳1衛,180,有,有,住家用,親友、員工、共有人或其他特殊關係間之交易;
士林區中山北路七段１９０巷１８弄８號五樓,,114/01/10,2280,47.41,48.09,74.75%,公寓(5樓含以下無電梯),45,五層/五層,房地(土地+建物),土:1 建:1車:0,3房2廳2衛,,無,無,住家用,陽台外推;頂樓加蓋;
士林區福德路５７巷３９號,,114/01/10,60,0,0.74,,透天厝,65,全/--,房地(土地+建物),土:1 建:1車:0,3房2廳1衛,,無,無,住家用,親友、員工、共有人或其他特殊關係間之交易;
士林區大南路３２５號九樓之９,新天地,114/01/09,888,70.41,12.61,58.36%,住宅大樓(11層含以上有電梯),17,九層/十四層,房地(土地+建物),土:1 建:1車:0,,,有,有,商業用,
士林區延平北路五段２８５巷２９號二樓,,114/01/09,1020,71.94,14.18,100.00%,公寓(5樓含以下無電梯),60,二層/二層,房地(土地+建物),土:4 建:1車:0,6房3廳3衛,,無,無,住家用,頂樓加蓋;其他增建;
士林區格致路５５巷２６之２號,,114/01/09,1780,38.49,46.25,78.91%,公寓(5樓含以下無電梯),37,一層/三層,房地(土地+建物),土:1 建:1車:0,6房2廳3衛,,無,無,住家用,其他增建;
士林區中山北路七段８９號十一樓,國泰天母,114/01/09,23800,139.32,220.8,57.77%,住宅大樓(11層含以上有電梯),10,十一層/十九層,房地(土地+建物)+車位,土:1 建:1車:6,4房2廳5衛,"1,820",有,有,住家用,
士林區基河路４０號十二樓之１,北美館,114/01/09,220,80.99,2.72,58.91%,住宅大樓(11層含以上有電梯),26,十二層/十三層,房地(土地+建物)+車位,土:2 建:1車:1,2房2廳1衛,,有,有,住家用,親友、員工、共有人或其他特殊關係間之交易;
士林區社正路４５巷２９弄１９之２號三樓,,114/01/09,750,30.78,24.37,73.85%,公寓(5樓含以下無電梯),41,三層/五層,房地(土地+建物),土:1 建:1車:0,2房2廳1衛,,無,無,住家用,親友、員工、共有人或其他特殊關係間之交易;陽台外推;
士林區忠誠路一段７３號四樓,士林御花園,114/01/08,2378,61.33,38.77,76.37%,華廈(10層含以下有電梯),40,四層/七層,房地(土地+建物)+車位,土:1 建:1車:1,1房2廳2衛,,有,有,住家用,
士林區士東路８７號三樓,,114/01/07,2158,62.86,34.33,80.00%,公寓(5樓含以下無電梯),39,三層/五層,房地(土地+建物),土:1 建:1車:0,3房2廳2衛,,無,無,住家用,陽台外推;其他增建;
士林區後港街３７號,圓山諾貝爾,114/01/07,3150,110.5,28.51,83.70%,住宅大樓(11層含以上有電梯),40,一層/十二層,房地(土地+建物),土:1 建:1車:0,1房1廳1衛,,有,有,商業用,其他增建;
士林區德行東路９０巷１６號三樓,,114/01/06,2042,84.13,24.27,100.00%,公寓(5樓含以下無電梯),51,三層/四層,房地(土地+建物),土:3 建:1車:0,3房1廳1衛,,無,無,住家用,具重建或重劃、都更等效益;
士林區天母東路８巷４０弄３號三樓,,114/01/06,1860,68.55,27.13,91.29%,公寓(5樓含以下無電梯),41,三層/五層,房地(土地+建物),土:1 建:1車:0,3房2廳2衛,,無,無,住家用,親友、員工、共有人或其他特殊關係間之交易;陽台外推;
士林區士東路２巷１９號八樓,秋鴻大廈,114/01/05,4460,80.25,55.58,48.78%,華廈(10層含以下有電梯),21,八層/十層,房地(土地+建物)+車位,土:1 建:1車:1,3房2廳2衛,,有,有,住家用,其他增建;
士林區延平北路六段２１３號四樓,鄉林左岸,114/01/05,4930,71.71,85.48,57.41%,住宅大樓(11層含以上有電梯),9,四層/十一層,房地(土地+建物)+車位,土:4 建:1車:2,4房2廳2衛,580,有,有,住家用,
士林區中社路二段９９號四樓,,114/01/05,1660,52.89,31.38,100.00%,公寓(5樓含以下無電梯),49,四層/四層,房地(土地+建物),土:1 建:1車:0,3房2廳2衛,,無,無,住家用,頂樓加蓋;其他增建;
士林區中山北路五段７４６號十二樓之２,全陽豐會,114/01/04,3768,104.37,47.2,59.45%,住宅大樓(11層含以上有電梯),,十二層/十八層,房地(土地+建物)+車位,土:1 建:1車:1,3房2廳2衛,300,有,有,住家用,
士林區承德路四段４０巷１３７號三樓之１３,劍潭整宅B區,114/01/03,660,61.29,10.77,91.01%,公寓(5樓含以下無電梯),54,二層/五層,房地(土地+建物),土:1 建:1車:0,2房1廳1衛,,有,無,住家用,陽台外推;其他增建;
士林區承德路四段２９７巷３１號二樓,,114/01/03,900,57.35,15.69,100.00%,公寓(5樓含以下無電梯),55,二層/三層,房地(土地+建物),土:1 建:1車:0,3房1廳2衛,,無,無,住家用,親友、員工、共有人或其他特殊關係間之交易;陽台外推;
士林區德行東路９０巷２號四樓,,114/01/03,3220,71.02,45.34,79.32%,華廈(10層含以下有電梯),35,四層/六層,房地(土地+建物),土:1 建:1車:0,3房2廳2衛,,無,有,住家用,陽台外推;其他增建;
士林區延平北路五段６９號,澄品,114/01/03,625,93.36,6.69,53.37%,住宅大樓(11層含以上有電梯),8,一層/十二層,房地(土地+建物),土:2 建:2車:0,1廳1衛,,有,有,商業用,
士林區雨農路９０號十一樓,雨農山莊,114/01/02,500,58.26,8.58,51.99%,住宅大樓(11層含以上有電梯),20,十一層/十二層,房地(土地+建物)+車位,土:1 建:1車:1,3房2廳2衛,,有,有,住家用,親友、員工、共有人或其他特殊關係間之交易;
士林區忠誠路一段１１３號五樓,天母鉅星,114/01/01,500,26.93,18.57,79.41%,住宅大樓(11層含以上有電梯),35,五層/十二層,房地(土地+建物),土:1 建:1車:0,3房1廳2衛,,有,有,住家用,親友、員工、共有人或其他特殊關係間之交易;
士林區忠誠路一段１１３號五樓,天母鉅星,113/12/31,500,26.93,18.57,79.41%,住宅大樓(11層含以上有電梯),35,五層/十二層,房地(土地+建物),土:1 建:1車:0,3房1廳2衛,,有,有,住家用,親友、員工、共有人或其他特殊關係間之交易;
士林區福順里通河西街一段１２號,,113/12/31,562,24.22,23.2,100.00%,公寓(5樓含以下無電梯),55,三層/四層,房地(土地+建物),土:2 建:1車:0,,,無,無,住家用,親友、員工、共有人或其他特殊關係間之交易;
士林區中山北路五段５１２號二樓,欣翰士林官邸,113/12/31,19640,96.1,245.49,51.39%,住宅大樓(11層含以上有電梯),10,二層/十二層,房地(土地+建物)+車位,土:1 建:1車:5,,"1,075",有,有,辦公用,
士林區中山北路五段５１６號二樓,欣翰士林官邸,113/12/31,14360,95.93,169.75,49.75%,住宅大樓(11層含以上有電梯),10,二層/十二層,房地(土地+建物)+車位,土:1 建:1車:3,,645,有,有,辦公用,
士林區雨農路１０號二樓之４,,113/12/31,400,45.99,8.7,89.29%,公寓(5樓含以下無電梯),45,二層/四層,房地(土地+建物),土:4 建:1車:0,1房1廳1衛,,無,無,住家用,現況交屋，賣方不負瑕疵擔保責任
士林區承德路四段２７７巷３５號八樓之２,MOMA,113/12/31,2300,92.67,27.48,61.02%,華廈(10層含以下有電梯),15,八層/九層,房地(土地+建物)+車位,土:1 建:1車:1,2房2廳1衛,180,有,有,住家用,
士林區中山北路七段１９１巷２２號四樓,靜觀,113/12/31,12517.7,100,153.87,64.59%,住宅大樓(11層含以上有電梯),16,四層/十一層,房地(土地+建物)+車位,土:1 建:1車:3,4房2廳2衛,840,有,有,住家用,
士林區中山北路五段７４０巷２號四樓,,113/12/31,2340,73.24,31.95,88.17%,公寓(5樓含以下無電梯),44,四層/四層,房地(土地+建物),土:1 建:1車:0,3房2廳2衛,,無,無,住家用,頂樓加蓋;其他增建;
士林區士東路２６６巷５弄８號地下,,113/12/31,245,11.78,20.8,100.00%,公寓(5樓含以下無電梯),44,地下層/五層,房地(土地+建物),土:4 建:1車:0,3房2廳2衛,,有,無,其他,親友、員工、共有人或其他特殊關係間之交易;
士林區天母東路２２巷２１號十樓之１,天母華琪大廈仁座,113/12/31,541.4,21.12,25.64,74.68%,華廈(10層含以下有電梯),47,十層/十層,房地(土地+建物),土:1 建:1車:0,3房2廳2衛,,有,有,住家用,親友、員工、共有人或其他特殊關係間之交易;
士林區華齡街２２巷１５弄１３號五樓,,113/12/30,1500,42.56,35.25,78.98%,公寓(5樓含以下無電梯),45,五層/五層,房地(土地+建物),土:1 建:1車:0,3房1廳2衛,,無,無,住家用,親友、員工、共有人或其他特殊關係間之交易;頂樓加蓋;
士林區文林路６６１巷３９弄１０號二樓,,113/12/30,2020,66.81,30.23,100.00%,公寓(5樓含以下無電梯),49,"二層,陽臺/四層",房地(土地+建物),土:1 建:1車:0,3房2廳2衛,,無,無,住家用,陽台外推;
士林區後港街１３４巷６號十四樓,川騰仰士林,113/12/30,6880,81.25,84.68,53.92%,住宅大樓(11層含以上有電梯),1,十四層/二十二層,房地(土地+建物)+車位,土:1 建:1車:2,3房2廳2衛,,有,有,住家用,
士林區承德路四段６８號,,113/12/30,600,51.11,11.74,100.00%,公寓(5樓含以下無電梯),48,"一層,平台,騎樓/五層",房地(土地+建物),土:1 建:1車:0,,,無,無,其他,未登記建物:地下室親友、員工、共有人或其他特殊關係間之交易;其他增建;未登記建物;
士林區文林路７６５號六樓之５,寶殿大廈,113/12/30,1400,63.23,22.14,75.59%,住宅大樓(11層含以上有電梯),44,六層/十一層,房地(土地+建物),土:1 建:1車:0,3房2廳2衛,,有,有,住家用,
士林區中山北路六段７２８巷９弄６之１號二樓,,113/12/30,440,32.83,13.4,83.63%,公寓(5樓含以下無電梯),45,二層/五層,房地(土地+建物),土:1 建:1車:0,3房2廳2衛,,無,無,住家用,親友、員工、共有人或其他特殊關係間之交易;
士林區菁山路１０６之１號三樓,陽明一會/草山清境,113/12/30,5400,58.4,92.47,51.70%,華廈(10層含以下有電梯),8,三層/六層,房地(土地+建物)+車位,土:1 建:2車:2,2房2廳3衛,,有,有,住家用,親友、員工、共有人或其他特殊關係間之交易;
士林區基河路２４２號十二樓,慶澤園,113/12/30,5820,73.68,78.99,52.74%,住宅大樓(11層含以上有電梯),17,十二層/十二層,房地(土地+建物)+車位,土:1 建:1車:2,4房2廳2衛,,有,有,住家用,親友、員工、共有人或其他特殊關係間之交易;
士林區忠誠路一段４８號八樓,天母后冠,113/12/29,6868,85.89,79.96,53.37%,住宅大樓(11層含以上有電梯),25,八層/十四層,房地(土地+建物)+車位,土:1 建:1車:1,4房2廳2衛,350,有,有,住家用,陽台外推;其他增建;
士林區文林路６６１巷１１號二樓,,113/12/29,1870,67.78,27.59,84.10%,公寓(5樓含以下無電梯),48,二層/四層,房地(土地+建物),土:1 建:1車:0,3房2廳2衛,,無,無,住家用,陽台外推;其他增建;
士林區華齡街７８號三樓,,113/12/28,2018,65.98,30.59,83.03%,公寓(5樓含以下無電梯),45,三層/五層,房地(土地+建物),土:1 建:1車:0,3房2廳1衛,,無,無,住家用,陽台外推;其他增建;
士林區天母東路８巷４７之１號六樓,,113/12/27,2800,66.82,41.9,73.84%,華廈(10層含以下有電梯),43,六層/七層,房地(土地+建物),土:4 建:1車:0,3房2廳2衛,,有,有,住家用,
士林區承德路四段５８巷５６弄２號三樓,,113/12/27,2020,62.75,32.19,88.96%,公寓(5樓含以下無電梯),53,三層/四層,房地(土地+建物),土:1 建:1車:0,2房1廳2衛,,無,無,住家用,陽台外推;其他增建;
士林區天玉街７５巷５號三樓,,113/12/26,2675,66.06,40.5,85.67%,公寓(5樓含以下無電梯),46,三層/五層,房地(土地+建物),土:1 建:1車:0,3房2廳2衛,,無,無,住家用,陽台外推;其他增建;
士林區葫蘆街４０巷８號,,113/12/26,1700,74.19,22.91,100.00%,公寓(5樓含以下無電梯),51,一層/四層,房地(土地+建物),土:1 建:1車:0,4房2廳1衛,,無,無,住家用,其他增建;
士林區承德路四段２２８號等共有部分,誠璽大樓,113/12/26,56888,48.72,1167.77,45.41%,住宅大樓(11層含以上有電梯),11,"一層,二層/十二層",房地(土地+建物)+車位,土:1 建:12車:40,,,無,有,商業用,
士林區中正路２４７巷３６號十一樓,,113/12/26,5493,124.58,46.86,56.99%,住宅大樓(11層含以上有電梯),,十一層/十一層,房地(土地+建物)+車位,土:1 建:1車:1,3房2廳2衛,230,有,有,住家用,親友、員工、共有人或其他特殊關係間之交易;
士林區社子街１１２巷２０弄１４號三樓,,113/12/26,360,31.6,11.39,100.00%,公寓(5樓含以下無電梯),53,三層/三層,房地(土地+建物),土:1 建:1車:0,2房1廳1衛,,無,無,住家用,親友、員工、共有人或其他特殊關係間之交易;
士林區承德路四段６巷５１號,,113/12/26,750,63.67,11.78,100.00%,公寓(5樓含以下無電梯),57,一層/四層,房地(土地+建物),土:2 建:1車:0,2房1廳2衛,,無,無,住家用,"含土地增值稅或其他稅費277,075元;"
士林區德行西路１３５號二樓之１,,113/12/25,1480,64.01,23.12,89.52%,公寓(5樓含以下無電梯),48,二層/五層,房地(土地+建物),土:1 建:1車:0,2房2廳1衛,,無,無,住家用,陽台外推;
士林區延平北路八段１８７巷１弄９號,,113/12/25,650,35.81,18.15,100.00%,公寓(5樓含以下無電梯),55,一層/三層,房地(土地+建物),土:2 建:1車:0,2房1廳1衛,,無,無,住家用,
士林區華榮街３號,,113/12/25,2500,0,31.29,,透天厝,63,全/二層,房地(土地+建物),土:1 建:1車:0,3房1廳3衛,,無,無,住家用,內梯增建親友、員工、共有人或其他特殊關係間之交易;頂樓加蓋;其他增建;
士林區大北路８３號,,113/12/25,7350,0,71.94,,透天厝,55,全/三層,房地(土地+建物),土:1 建:1車:0,12房12衛,,無,無,住商用,頂樓加蓋;其他增建;
士林區社正路４５巷２９弄１１號二樓,,113/12/24,1290,37.59,34.32,80.74%,公寓(5樓含以下無電梯),42,二層/五層,房地(土地+建物),土:2 建:1車:0,3房2廳2衛,,無,無,住家用,親友、員工、共有人或其他特殊關係間之交易;
士林區中山北路七段４３巷２號二樓,,113/12/24,1820,68.16,26.7,87.30%,公寓(5樓含以下無電梯),47,二層/五層,房地(土地+建物),土:2 建:1車:0,3房2廳2衛,,無,無,住家用,陽台外推;其他增建;
士林區中庸二路８之２２號,過院來,113/12/24,9100,46.93,193.92,58.02%,華廈(10層含以下有電梯),17,"一層,二層,三層,四層,屋頂突出物,地下一層/五層",房地(土地+建物)+車位,土:1 建:2車:3,6房2廳7衛,,有,有,住家用,陽台外推;
士林區大南路３１１號三樓,,113/12/24,1450,60.54,23.95,96.48%,公寓(5樓含以下無電梯),55,三層/三層,房地(土地+建物),土:1 建:1車:0,1房1衛,,無,無,住家用,後陽台外推其他增建;
士林區社中街２５０巷６弄３號三樓,,113/12/24,1360,48.3,28.16,93.70%,公寓(5樓含以下無電梯),43,三層/五層,房地(土地+建物),土:1 建:1車:0,3房2廳1衛,,無,無,住家用,陽台外推;
士林區文林路５８７巷７弄４號三樓,,113/12/23,714,26.13,27.32,100.00%,公寓(5樓含以下無電梯),54,三層/四層,房地(土地+建物),土:1 建:1車:0,3房2廳1衛,,無,無,住家用,親友、員工、共有人或其他特殊關係間之交易;其他增建;
士林區延平北路六段１５８號二樓,,113/12/23,1290,51.11,25.24,100.00%,公寓(5樓含以下無電梯),56,二層/四層,房地(土地+建物),土:1 建:1車:0,3房2廳1衛,,無,無,住家用,陽台外推;其他增建;
士林區德行東路１９０巷６弄１號三樓,,113/12/23,2250,64.76,34.74,84.48%,公寓(5樓含以下無電梯),46,三層/四層,房地(土地+建物),土:2 建:1車:0,3房2廳2衛,,無,無,住家用,鐵鋁窗增建陽台外推;其他增建;
士林區通河街１４５號二樓,千維,113/12/22,2030,56.56,35.89,80.08%,華廈(10層含以下有電梯),39,二層/七層,房地(土地+建物),土:1 建:1車:0,3房2廳2衛,,無,有,住家用,陽台外推;其他增建;
士林區延平北路五段６９號五樓,澄品,113/12/22,1362,65.98,20.64,49.59%,住宅大樓(11層含以上有電梯),8,五層/十二層,房地(土地+建物),土:2 建:1車:0,2房2廳1衛,,有,有,住家用,夾層;其他增建;
士林區文林路６６１巷１５號二樓,,113/12/22,1268.2,27.3,46.45,71.14%,華廈(10層含以下有電梯),33,"二層,三層/五層",房地(土地+建物)+車位,土:1 建:1車:1,7房3廳4衛,,無,有,住家用,親友、員工、共有人或其他特殊關係間之交易;
士林區承德路四段８０巷４５號,,113/12/21,2088,78.54,26.59,100.00%,公寓(5樓含以下無電梯),55,"一層,騎樓/四層",房地(土地+建物),土:1 建:1車:0,2廳1衛,,無,無,住家用,其他增建;
士林區中山北路六段２９０巷２９弄１８號二樓,,113/12/21,2260,72.09,31.35,86.03%,公寓(5樓含以下無電梯),34,二層/五層,房地(土地+建物),土:2 建:1車:0,3房2廳2衛,,無,無,住家用,其他增建;
士林區德行東路３２６號,,113/12/21,300,23.56,12.74,47.46%,公寓(5樓含以下無電梯),42,一層/五層,房地(土地+建物),土:1 建:1車:0,2房1廳2衛,,無,無,其他,親友、員工、共有人或其他特殊關係間之交易;
士林區中山北路七段１４巷５０弄２３號四樓,,113/12/21,2158,58.37,36.97,80.68%,公寓(5樓含以下無電梯),39,四層/五層,房地(土地+建物),土:1 建:1車:0,3房2廳2衛,,無,無,住家用,鐵窗增建其他增建;
士林區承德路四段３５８號四樓,歐香名廈,113/12/20,1850,54.94,33.67,74.78%,住宅大樓(11層含以上有電梯),37,四層/十二層,房地(土地+建物),土:1 建:1車:0,2房2廳2衛,,有,有,住家用,陽台外推;其他增建;
士林區文林路６６１巷３９弄２７號五樓,,113/12/20,2200,70.54,31.19,86.94%,公寓(5樓含以下無電梯),47,五層/五層,房地(土地+建物),土:2 建:1車:0,3房2廳2衛,,無,無,住家用,頂樓加蓋;
士林區葫蘆街１１巷９號三樓,,113/12/20,1100,36.82,29.87,79.83%,公寓(5樓含以下無電梯),44,三層/五層,房地(土地+建物),土:1 建:1車:0,3房2廳1衛,,無,無,住家用,
士林區華齡街１７巷１０號二樓,,113/12/20,1550,53.71,28.86,100.00%,公寓(5樓含以下無電梯),54,二層/四層,房地(土地+建物),土:1 建:1車:0,3房2廳1衛,,無,無,住家用,其他增建;
士林區中山北路七段２９號五樓,龍殿華廈,113/12/20,1250,37.67,33.18,94.70%,華廈(10層含以下有電梯),46,五層/七層,房地(土地+建物),土:1 建:1車:0,3房2廳2衛,,有,有,住家用,親友、員工、共有人或其他特殊關係間之交易;
士林區中山北路五段７７７巷３號,,113/12/20,3100,86.41,35.88,92.72%,公寓(5樓含以下無電梯),50,一層/四層,房地(土地+建物),土:2 建:1車:0,3房2廳2衛,,無,無,住家用,
士林區社子街１１６號二樓,,113/12/20,800,39.48,20.26,100.00%,公寓(5樓含以下無電梯),51,二層/四層,房地(土地+建物),土:1 建:1車:0,3房2廳2衛,,無,無,住家用,
士林區中山北路七段１４巷３０弄１０號三樓,,113/12/19,2900,76.36,37.98,100.00%,公寓(5樓含以下無電梯),49,"三層,陽臺/四層",房地(土地+建物),土:1 建:1車:0,4房2廳2衛,,無,無,住家用,具重建或重劃、都更等效益;
士林區中正路３０５巷１７之１號四樓,,113/12/19,1570,70.59,22.24,93.85%,公寓(5樓含以下無電梯),43,四層/四層,房地(土地+建物),土:1 建:1車:0,2房2衛,,無,無,住家用,陽台外推;頂樓加蓋;其他增建;
士林區承德路四段５８巷４６弄８號三樓,,113/12/19,1950,65.47,29.78,96.65%,公寓(5樓含以下無電梯),54,三層/四層,房地(土地+建物),土:1 建:1車:0,3房2廳2衛,,無,無,住家用,陽台外推;其他增建;
士林區天母東路１０５巷５７號四樓,天和山城,113/12/19,1288,52.54,24.51,91.31%,公寓(5樓含以下無電梯),46,四層/四層,房地(土地+建物),土:1 建:1車:0,3房1廳1衛,,有,無,住家用,陽台外推;頂樓加蓋;
士林區福華路１６５巷６號二樓,,113/12/19,1000,39.85,25.09,100.00%,公寓(5樓含以下無電梯),49,"二層,陽臺/四層",房地(土地+建物),土:1 建:1車:0,3房2廳1衛,,無,無,住家用,親友、員工、共有人或其他特殊關係間之交易;
士林區雨農路９０號十一樓,雨農山莊,113/12/18,500,58.26,8.58,51.99%,住宅大樓(11層含以上有電梯),20,十一層/十二層,房地(土地+建物)+車位,土:1 建:1車:1,3房2廳2衛,,有,有,住家用,親友、員工、共有人或其他特殊關係間之交易;
士林區中正路６０１號五樓之３,台北市百齡,113/12/18,500,40.83,12.25,82.02%,住宅大樓(11層含以上有電梯),45,五層/十二層,房地(土地+建物),土:2 建:1車:0,1房1廳1衛,,有,有,住家用,親友、員工、共有人或其他特殊關係間之交易;
士林區中山北路六段７５４巷１４之１號五樓,,113/12/18,2030,60.35,33.64,78.89%,公寓(5樓含以下無電梯),46,五層/五層,房地(土地+建物),土:1 建:1車:0,3房2廳2衛,,無,無,住家用,
士林區仰德大道三段１２５巷５弄１５之７號三樓,,113/12/16,1752,40.5,43.26,75.33%,公寓(5樓含以下無電梯),46,三層/四層,房地(土地+建物),土:1 建:1車:0,3房2廳1衛,,無,無,住家用,
士林區天母北路２８巷３９號五樓之９,天母小西華,113/12/16,1020,109.44,9.32,50.93%,華廈(10層含以下有電梯),17,五層/九層,房地(土地+建物),土:1 建:1車:0,1房1廳1衛,,有,有,住家用,陽台外推;夾層;其他增建;
士林區承德路四段４０巷２號四樓之１０,劍潭整宅B區,113/12/16,630,57.9,10.88,91.10%,公寓(5樓含以下無電梯),54,三層/五層,房地(土地+建物),土:1 建:1車:0,2房1廳1衛,,有,無,住家用,陽台外推;其他增建;
士林區延平北路五段２８０號八樓,中興大廈,113/12/16,485.7,13.64,35.61,88.29%,華廈(10層含以下有電梯),45,八層/九層,房地(土地+建物),土:1 建:1車:0,4房2廳2衛,,有,有,商業用,"含土地增值稅或其他稅費558,266元;親友、員工、共有人或其他特殊關係間之交易;"
士林區天母北路５７號二樓,敦親園,113/12/16,1200,30.98,38.73,76.69%,華廈(10層含以下有電梯),38,二層/七層,房地(土地+建物),土:2 建:1車:0,3房2廳2衛,,無,有,住家用,親友、員工、共有人或其他特殊關係間之交易;
士林區磺溪街４７巷２號三樓,,113/12/16,1515,72.33,20.95,88.95%,公寓(5樓含以下無電梯),42,三層/五層,房地(土地+建物),土:1 建:1車:0,3房2廳2衛,,無,無,住家用,親友、員工、共有人或其他特殊關係間之交易;
士林區中山北路六段１５７巷１１號十五樓之７,天母樂活,113/12/16,3877,99.9,48.66,55.12%,住宅大樓(11層含以上有電梯),16,十五層/十五層,房地(土地+建物)+車位,土:1 建:1車:1,2房2廳1衛,300,有,有,商業用,陽台外推;
士林區基河路１２８號九樓之８,基河之星,113/12/15,725,85.2,8.51,56.59%,住宅大樓(11層含以上有電梯),28,九層/十一層,房地(土地+建物),土:1 建:1車:0,1房1廳1衛,,有,有,住家用,陽台外推;
士林區天母東路１０５巷３５號二樓之５,萬祥樓,113/12/15,1478,52.02,28.41,74.51%,華廈(10層含以下有電梯),47,二層/七層,房地(土地+建物),土:1 建:1車:0,2房2廳1衛,,有,有,住家用,陽台外推;其他增建;
士林區中社路二段３號,,113/12/15,1520,73.03,20.81,100.00%,公寓(5樓含以下無電梯),49,一層/四層,房地(土地+建物),土:1 建:1車:0,3房2廳2衛,,無,無,住家用,露台增建其他增建;
士林區格致路３２號,,113/12/15,2000,0,12.34,,透天厝,63,全/二層,房地(土地+建物),土:1 建:1車:0,2房2廳1衛,,無,無,住商用,其他增建;
士林區芝玉路二段２０巷６號五樓,,113/12/15,1570,66.25,23.7,81.59%,公寓(5樓含以下無電梯),41,五層/五層,房地(土地+建物),土:2 建:1車:0,2房2廳1衛,,無,無,住家用,陽台外推;
士林區通河街３２５巷６６之３號,劍潭國宅D區,113/12/14,590,66.16,8.92,89.15%,公寓(5樓含以下無電梯),54,三層/五層,房地(土地+建物),土:1 建:1車:0,1房1廳1衛,,無,無,住家用,陽台外推;其他增建;
士林區中山北路七段３８巷１２弄２號二樓,,113/12/14,2170,57.55,37.71,76.27%,華廈(10層含以下有電梯),44,二層/七層,房地(土地+建物),土:1 建:1車:0,3房2廳2衛,,無,有,住家用,陽台外推;其他增建;
士林區士東路８６號十四樓,璞氏集,113/12/14,7688,118.13,85.55,55.65%,住宅大樓(11層含以上有電梯),7,十四層/十四層,房地(土地+建物)+車位,土:1 建:1車:2,4房2廳2衛,500,有,有,住家用,
士林區士商路４０巷１０號三樓,麒麟門,113/12/14,1200,46.3,25.92,81.01%,公寓(5樓含以下無電梯),46,三層/四層,房地(土地+建物),土:5 建:1車:0,3房2廳1衛,,無,無,住家用,
士林區德行東路２１２巷１２號,,113/12/13,9200,0,36.97,,透天厝,50,全/二層,房地(土地+建物),土:2 建:1車:0,5房3廳2衛,,無,無,住家用,頂樓加蓋;
士林區社子街２５巷１弄７號,,113/12/13,1020,54.26,18.8,100.00%,公寓(5樓含以下無電梯),53,一層/三層,房地(土地+建物),土:2 建:1車:0,,,無,無,住家用,其他增建;
士林區中山北路七段２１６巷５之３號四樓,福星公爵,113/12/13,3368,59.54,56.57,69.01%,華廈(10層含以下有電梯),39,四層/六層,房地(土地+建物)+車位,土:1 建:1車:1,4房2廳2衛,,有,有,住家用,
士林區重慶北路四段４９巷５３號七樓,萊茵首席,113/12/12,1800,87.45,23.94,52.01%,華廈(10層含以下有電梯),4,七層/七層,房地(土地+建物)+車位,土:1 建:1車:1,2房1廳1衛,180,有,有,辦公用,
士林區德行西路５０號十三樓之３,萬象之都,113/12/12,1650,112.58,14.66,53.31%,住宅大樓(11層含以上有電梯),17,十三層/十三層,房地(土地+建物),土:3 建:1車:0,3廳1衛,,有,有,商業用,陽台外推;其他增建;
士林區士東路２６６巷１１弄１１之１號四樓,,113/12/12,1880,57.92,32.46,87.55%,公寓(5樓含以下無電梯),43,四層/五層,房地(土地+建物),土:4 建:1車:0,3房2廳2衛,,無,無,住家用,含其他增建:鐵鋁窗增建陽台外推;其他增建;
士林區德行東路１０４巷９弄５號二樓,忠義新村,113/12/12,1200,58.73,20.43,90.50%,公寓(5樓含以下無電梯),43,二層/五層,房地(土地+建物),土:1 建:1車:0,3房2廳2衛,,無,無,住家用,親友、員工、共有人或其他特殊關係間之交易;
士林區社子街１２５巷５號二樓,,113/12/11,600,22.93,26.17,100.00%,公寓(5樓含以下無電梯),48,"二層,陽臺/四層",房地(土地+建物),土:1 建:1車:0,3房1廳2衛,,無,無,住家用,親友、員工、共有人或其他特殊關係間之交易;陽台外推;
士林區福國路１００號十四樓之７,雙子星,113/12/11,600,78.12,7.68,80.27%,住宅大樓(11層含以上有電梯),46,十四層/十四層,房地(土地+建物),土:1 建:1車:0,3房2廳2衛,,無,無,住家用,
士林區士東路２８６巷１之１３號二樓,天母綠庭,113/12/11,3100,57.69,53.74,69.93%,公寓(5樓含以下無電梯),36,"二層,三層/五層",房地(土地+建物)+車位,土:1 建:1車:1,3房2廳2衛,,有,無,住家用,
士林區福港街３７巷５號四樓,,113/12/11,350,31.44,11.13,100.00%,公寓(5樓含以下無電梯),53,四層/四層,房地(土地+建物),土:1 建:1車:0,3房1廳1衛,,無,無,住家用,親友、員工、共有人或其他特殊關係間之交易;
士林區德行東路１９９號六樓,,113/12/10,2500,50.92,49.1,75.71%,華廈(10層含以下有電梯),40,六層/七層,房地(土地+建物),土:1 建:1車:0,3房2廳2衛,,有,有,住家用,親友、員工、共有人或其他特殊關係間之交易;
士林區中正路２１３巷２２號二樓,,113/12/09,1800,106.87,16.84,100.00%,公寓(5樓含以下無電梯),61,二層/二層,房地(土地+建物),土:2 建:1車:0,1房1廳1衛,,無,無,住家用,親友、員工、共有人或其他特殊關係間之交易;(包含)公共設施保留地(用地);
士林區中正路２１３巷２４號二樓,,113/12/09,1800,106.87,16.84,100.00%,公寓(5樓含以下無電梯),61,二層/二層,房地(土地+建物),土:2 建:1車:0,1房1廳1衛,,無,無,住家用,親友、員工、共有人或其他特殊關係間之交易;(包含)公共設施保留地(用地);
士林區永平街９巷９號五樓,,113/12/09,245,20.1,12.19,100.00%,公寓(5樓含以下無電梯),44,五層/五層,房地(土地+建物),土:1 建:1車:0,3房1廳1衛,,無,無,住家用,親友、員工、共有人或其他特殊關係間之交易;
士林區雨聲街１５巷３號四樓,,113/12/09,2188,67.2,32.56,78.20%,公寓(5樓含以下無電梯),42,四層/五層,房地(土地+建物),土:1 建:1車:0,3房2廳2衛,,無,無,住家用,陽台外推;其他增建;
士林區雨農路７６號四樓,雨農山莊,113/12/09,2960,44.27,66.86,52.82%,住宅大樓(11層含以上有電梯),20,四層/十二層,房地(土地+建物)+車位,土:1 建:1車:1,4房2廳2衛,,有,有,住家用,親友、員工、共有人或其他特殊關係間之交易;
士林區忠誠路二段５號十四樓,新光仰賢華廈,113/12/08,6830,83.2,93.68,66.99%,住宅大樓(11層含以上有電梯),38,十四層/十四層,房地(土地+建物)+車位,土:3 建:1車:1,4房2廳3衛,300,有,有,住家用,陽台外推;
士林區天玉街１３號十二樓,縱橫天母,113/12/08,4450,86.26,64.57,57.79%,住宅大樓(11層含以上有電梯),18,十二層/十五層,房地(土地+建物)+車位,土:1 建:1車:2,2廳1衛,600,有,有,住家用,陽台外推;其他增建;
士林區天玉街１３號十三樓,縱橫天母,113/12/08,4150,86.26,54.6,57.79%,住宅大樓(11層含以上有電梯),18,十三層/十五層,房地(土地+建物)+車位,土:1 建:1車:1,3房2衛,300,有,有,住家用,陽台外推;其他增建;
士林區中山北路五段８６０巷８號四樓,遠宏雙橡園,113/12/08,5980,93.9,75.47,65.39%,住宅大樓(11層含以上有電梯),17,四層/十一層,房地(土地+建物)+車位,土:2 建:1車:1,3房2廳2衛,300,有,有,住家用,其他增建：天井增建。陽台外推;其他增建;
士林區中正路１０４巷１弄２之１號二樓之５,,113/12/08,990,99.81,9.92,67.76%,華廈(10層含以下有電梯),29,"二層,電梯樓梯間/五層",房地(土地+建物),土:1 建:1車:0,1房1衛,,無,有,住家用,陽台外推;
士林區中山北路七段２１６巷５之１號,福星公爵,113/12/08,1950,50.29,38.78,79.23%,華廈(10層含以下有電梯),39,一層/六層,房地(土地+建物),土:1 建:1車:0,2房2廳2衛,,有,有,住家用,其他增建;
士林區通河街４７號四樓,,113/12/08,1268,60.56,20.94,94.12%,公寓(5樓含以下無電梯),45,四層/五層,房地(土地+建物),土:1 建:1車:0,2房1廳1衛,,無,無,住家用,陽台外推;
士林區基河路３１６號八樓,達麗陽明大苑,113/12/08,3282,118.76,34.77,60.84%,住宅大樓(11層含以上有電梯),1,八層/十九層,房地(土地+建物)+車位,土:1 建:1車:1,2房2廳2衛,300,有,有,住家用,
士林區文林路７６５號十一樓之３,寶殿大廈,113/12/08,918,35.01,26.22,74.14%,住宅大樓(11層含以上有電梯),44,十一層/十一層,房地(土地+建物),土:1 建:1車:0,2房2廳1衛,,有,有,住家用,親友、員工、共有人或其他特殊關係間之交易;
士林區文林路７６５號十一樓之７,寶殿大廈,113/12/08,1290,30,43,73.46%,住宅大樓(11層含以上有電梯),44,十一層/十一層,房地(土地+建物),土:1 建:1車:0,4房2廳2衛,,有,有,住家用,親友、員工、共有人或其他特殊關係間之交易;
士林區格致路２０巷１號四樓之６,華崗,113/12/08,410,58.25,7.04,59.30%,華廈(10層含以下有電梯),23,四層/九層,房地(土地+建物),土:1 建:1車:0,1房1廳1衛,,有,有,商業用,陽台外推;夾層;
士林區文林路７１４巷１１號三樓,,113/12/07,1900,74.31,25.57,100.00%,公寓(5樓含以下無電梯),52,三層/四層,房地(土地+建物),土:1 建:1車:0,4房2廳1衛,,無,無,住家用,其他增建;
士林區中山北路五段５２２號七樓,欣翰士林官邸,113/12/07,19000,96.71,232.24,50.23%,住宅大樓(11層含以上有電梯),10,七層/十二層,房地(土地+建物)+車位,土:1 建:1車:5,1廳,"1,600",有,有,辦公用,
士林區天母西路２２巷２５號,,113/12/07,2920,66.53,43.89,85.51%,公寓(5樓含以下無電梯),46,一層/五層,房地(土地+建物),土:1 建:1車:0,3房2廳2衛,,無,無,住家用,陽台外推;其他增建;
士林區大北路１２號二樓,,113/12/06,1100,46.15,23.84,90.41%,公寓(5樓含以下無電梯),35,二層/五層,房地(土地+建物),土:1 建:1車:0,3房1廳2衛,,無,無,住家用,親友、員工、共有人或其他特殊關係間之交易;陽台外推;
士林區永平街７５巷２７號五樓,,113/12/06,1470,53.49,27.48,88.10%,公寓(5樓含以下無電梯),44,五層/五層,房地(土地+建物),土:7 建:1車:0,3房2廳1衛,,無,無,住家用,陽台外推;頂樓加蓋;其他增建;
士林區福國路１９之２號二樓,紫金,113/12/06,1668,77.96,21.4,82.45%,住宅大樓(11層含以上有電梯),46,二層/十一層,房地(土地+建物),土:1 建:1車:0,1廳1衛,,有,有,住家用,陽台外推;其他增建;
士林區德行東路１０９巷６３弄１號四樓,,113/12/05,2080,61.79,33.66,91.79%,公寓(5樓含以下無電梯),45,四層/五層,房地(土地+建物),土:2 建:1車:0,3房2廳2衛,,無,無,住家用,
士林區中山北路五段７５７號十二樓,天母仰格,113/12/05,6898,98.81,78.27,55.34%,住宅大樓(11層含以上有電梯),1,十二層/十七層,房地(土地+建物)+車位,土:1 建:1車:1,3房2廳2衛,330,有,有,住家用,
士林區天母北路３６巷４號五樓,,113/12/04,1250,43.4,28.8,82.08%,公寓(5樓含以下無電梯),46,五層/五層,房地(土地+建物),土:2 建:1車:0,2房1廳1衛,,無,無,住家用,頂樓加蓋;
士林區天母北路３６巷２號五樓,,113/12/04,1250,44.03,28.39,81.67%,公寓(5樓含以下無電梯),46,五層/五層,房地(土地+建物),土:2 建:1車:0,2房1廳1衛,,無,無,住家用,頂樓加蓋;
士林區通河西街二段１０８巷２弄７號四樓,,113/12/04,1150,57.35,20.05,89.33%,公寓(5樓含以下無電梯),50,四層/四層,房地(土地+建物),土:1 建:1車:0,2房1廳1衛,,無,無,住家用,陽台外推;頂樓加蓋;其他增建;
士林區士東路２６６巷１６弄８號,,113/12/04,2200,79.95,27.52,85.06%,公寓(5樓含以下無電梯),40,一層/五層,房地(土地+建物),土:2 建:1車:0,3房2廳1衛,,無,無,住家用,其他增建;
士林區文昌路１６４號,,113/12/03,900,67.04,13.42,100.00%,公寓(5樓含以下無電梯),50,"一層,騎樓/四層",房地(土地+建物),土:1 建:1車:0,,,無,無,住家用,親友、員工、共有人或其他特殊關係間之交易;
士林區福林路１００巷１１弄５９號五樓,士林官邸,113/12/03,5280,89.35,65.98,67.00%,華廈(10層含以下有電梯),16,五層/七層,房地(土地+建物)+車位,土:1 建:1車:1,4房2廳2衛,280,有,有,住家用,
士林區重慶北路四段２２８號,,113/12/03,1400,33.9,41.29,74.19%,住宅大樓(11層含以上有電梯),40,一層/十二層,房地(土地+建物)+車位,土:2 建:1車:2,,,有,有,商業用,本案係持分買賣親友、員工、共有人或其他特殊關係間之交易;
士林區後港街１３４巷２號九樓,川騰仰士林,113/12/02,6100,65.5,93.14,55.89%,住宅大樓(11層含以上有電梯),1,九層/二十二層,房地(土地+建物)+車位,土:1 建:1車:2,4房2廳2衛,,無,有,住家用,親友、員工、共有人或其他特殊關係間之交易;
士林區忠誠路二段２１巷４５弄９號四樓,,113/12/02,1428,53.04,26.93,87.81%,公寓(5樓含以下無電梯),41,四層/五層,房地(土地+建物),土:1 建:1車:0,3房2廳1衛,,無,無,住家用,
士林區士東路８９巷１３號六樓之２,綠光新第,113/12/02,1105,82,13.48,54.05%,華廈(10層含以下有電梯),30,六層/六層,房地(土地+建物),土:1 建:1車:0,,,有,有,住家用,
士林區雨農路１０號三樓之４,,113/12/02,400,45.99,8.7,89.29%,公寓(5樓含以下無電梯),45,三層/四層,房地(土地+建物),土:4 建:1車:0,1房1廳1衛,,無,無,住家用,
士林區延平北路五段１７８號二樓,,113/12/01,1700,52.96,32.1,100.00%,公寓(5樓含以下無電梯),57,二層/四層,房地(土地+建物),土:2 建:1車:0,2廳1衛,,無,無,住家用,其他增建;
士林區德行西路５０號三樓之９,萬象之都,113/12/01,1080,77.55,13.93,52.74%,住宅大樓(11層含以上有電梯),17,三層/十三層,房地(土地+建物),土:3 建:1車:0,1房1衛,,有,有,商業用,親友、員工、共有人或其他特殊關係間之交易;
士林區倫等街５４巷２６號,,113/12/01,1480,74.81,19.78,100.00%,公寓(5樓含以下無電梯),49,"一層,平台/四層",房地(土地+建物),土:1 建:1車:0,2房2廳1衛,,無,無,住家用,其他增建;
士林區前港街３６號四樓,,113/12/01,1600,44.44,36.01,82.07%,公寓(5樓含以下無電梯),42,四層/五層,房地(土地+建物),土:1 建:1車:0,3房2廳2衛,,無,無,住家用,親友、員工、共有人或其他特殊關係間之交易;
士林區環河北路三段１６５號四樓,,113/12/01,1500,53.01,28.3,73.50%,公寓(5樓含以下無電梯),43,四層/五層,房地(土地+建物),土:2 建:1車:0,2房2廳2衛,,無,無,住家用,
士林區天母東路１０５巷５１號四樓,天和山城,113/11/30,1838,44.32,41.47,87.48%,公寓(5樓含以下無電梯),46,四層/四層,房地(土地+建物),土:1 建:1車:0,3房2廳2衛,,無,無,住家用,陽台外推;其他增建;
士林區延平北路五段８３巷１５號三樓,,113/11/30,1050,55.63,18.88,100.00%,公寓(5樓含以下無電梯),53,三層/四層,房地(土地+建物),土:3 建:1車:0,3房2廳1衛,,無,無,住家用,其他增建;
士林區天玉街１號五樓,,113/11/30,2850,71.94,39.62,80.33%,華廈(10層含以下有電梯),45,五層/七層,房地(土地+建物),土:1 建:1車:0,4房2廳2衛,,有,有,住家用,陽台外推;其他增建;
士林區中山北路七段１１４巷４１弄１９號六樓之３,龍吟山莊,113/11/30,2580,47.53,59.73,95.72%,華廈(10層含以下有電梯),43,六層/七層,房地(土地+建物)+車位,土:3 建:1車:1,4房2廳2衛,300,有,有,住家用,陽台外推;其他增建;
士林區福港街２６７之５號五樓,劍潭雅園,113/11/30,2380,58.5,40.69,72.79%,華廈(10層含以下有電梯),47,五層/六層,房地(土地+建物),土:1 建:1車:0,4房2廳2衛,,有,有,住家用,
士林區通河東街一段１７９號四樓,,113/11/30,840,47.03,17.86,90.45%,公寓(5樓含以下無電梯),42,四層/五層,房地(土地+建物),土:1 建:1車:0,3房3衛,,無,無,工業用,陽台外推;
士林區延平北路八段９６巷４５號二樓,,113/11/29,850,37.47,22.68,93.73%,公寓(5樓含以下無電梯),55,二層/四層,房地(土地+建物),土:1 建:1車:0,2房2廳1衛,,無,無,住家用,
士林區延平北路八段９６巷４５號,,113/11/29,1000,47.83,20.91,100.00%,公寓(5樓含以下無電梯),56,一層/四層,房地(土地+建物),土:1 建:1車:0,2房2廳1衛,,無,無,住家用,
士林區中山北路五段７４０巷１８號三樓,,113/11/29,2525,61.26,41.22,88.25%,公寓(5樓含以下無電梯),47,三層/五層,房地(土地+建物),土:1 建:1車:0,3房2廳2衛,,無,無,住家用,
士林區士東路５４巷７號二樓,,113/11/29,4110,72.42,56.75,66.86%,公寓(5樓含以下無電梯),37,二層/五層,房地(土地+建物)+車位,土:2 建:1車:1,3房2廳2衛,,無,無,住家用,親友、員工、共有人或其他特殊關係間之交易;
士林區社子街１４６巷１６號,,113/11/29,1500,0,33.5,,透天厝,56,全/二層,房地(土地+建物),土:1 建:1車:0,5房2廳4衛,,無,無,住家用,親友、員工、共有人或其他特殊關係間之交易;
士林區磺溪街５５巷９號四樓,,113/11/29,2780,71.1,39.1,85.98%,公寓(5樓含以下無電梯),42,四層/五層,房地(土地+建物),土:1 建:1車:0,3房2廳2衛,,無,無,住家用,
士林區芝玉路二段６１巷６號四樓,路易凡爾賽,113/11/28,4000,69.5,57.56,47.45%,住宅大樓(11層含以上有電梯),23,"四層,五層/十四層",房地(土地+建物)+車位,土:1 建:1車:3,5房2廳3衛,,有,有,住家用,親友、員工、共有人或其他特殊關係間之交易;
士林區中山北路七段１１４巷４１弄１６之１號三樓,,113/11/28,2780,41.21,67.46,88.70%,華廈(10層含以下有電梯),40,三層/七層,房地(土地+建物)+車位,土:1 建:1車:1,4房2廳2衛,,無,有,住家用,
士林區忠誠路二段５０巷２號三樓,,113/11/28,2500,65.17,38.36,82.94%,公寓(5樓含以下無電梯),39,三層/五層,房地(土地+建物),土:1 建:1車:0,4房2廳2衛,,無,無,住家用,
士林區通河東街一段１６７巷２弄６號,,113/11/27,1710,70.25,24.34,100.00%,公寓(5樓含以下無電梯),55,一層/三層,房地(土地+建物),土:1 建:1車:0,1廳1衛,,無,無,住家用,法定空地其他增建;
士林區中山北路七段１４巷３６之２號七樓,僑資華廈,113/11/27,2850,78.5,36.31,77.33%,華廈(10層含以下有電梯),47,七層/七層,房地(土地+建物),土:4 建:1車:0,3房2廳2衛,,有,有,住家用,陽台外推;頂樓加蓋;其他增建;
士林區士商路１１４號,,113/11/27,6300,105.27,59.85,84.10%,公寓(5樓含以下無電梯),47,一層/四層,房地(土地+建物),土:3 建:2車:0,1房1廳2衛,,無,無,住家用,士商路114號房地價格3339萬元正，承德路4段277巷90號2樓房地價格2961萬元正具重建或重劃、都更等效益;
士林區延平北路五段２４４巷２１弄１５之１號四樓,,113/11/27,1567,49.02,31.97,90.75%,公寓(5樓含以下無電梯),44,四層/五層,房地(土地+建物),土:1 建:1車:0,3房2廳2衛,,無,無,住家用,鐵鋁窗增建陽台外推;其他增建;
士林區中山北路六段４４１巷３０號十六樓之３,御上天母,113/11/26,7168,147.66,64.9,55.56%,住宅大樓(11層含以上有電梯),1,十六層/十七層,房地(土地+建物)+車位,土:1 建:1車:2,,720,有,有,住家用,毛胚屋;
士林區中山北路五段６８９號七樓,中山華廈,113/11/26,4838,68.76,78.57,86.50%,住宅大樓(11層含以上有電梯),39,七層/十二層,房地(土地+建物)+車位,土:1 建:1車:1,5房2廳2衛,200,有,有,商業用,
士林區雨聲街６３號三樓,,113/11/26,2400,57.84,41.49,82.80%,華廈(10層含以下有電梯),38,三層/七層,房地(土地+建物),土:1 建:1車:0,4房2廳2衛,,無,有,住家用,親友、員工、共有人或其他特殊關係間之交易;
士林區福壽街４３號五樓之１,築禾韻,113/11/26,1960,91.63,21.39,51.75%,華廈(10層含以下有電梯),9,五層/七層,房地(土地+建物),土:2 建:1車:0,2房1廳1衛,,有,有,住家用,"雨遮,上下樓層內梯陽台外推;夾層;"
士林區前港街２６巷９號,,113/11/26,262,48.77,5.37,100.00%,公寓(5樓含以下無電梯),52,一層/三層,房地(土地+建物),土:2 建:1車:0,2房2廳1衛,,無,無,住家用,親友、員工、共有人或其他特殊關係間之交易;
士林區前港街２６巷６號三樓,,113/11/26,282,49.48,5.7,91.99%,公寓(5樓含以下無電梯),56,三層/三層,房地(土地+建物),土:2 建:1車:0,2房2廳1衛,,無,無,住家用,親友、員工、共有人或其他特殊關係間之交易;
士林區前港街２６巷９號,,113/11/26,262,48.77,5.37,100.00%,公寓(5樓含以下無電梯),52,一層/三層,房地(土地+建物),土:2 建:1車:0,2房2廳1衛,,無,無,住家用,親友、員工、共有人或其他特殊關係間之交易;
士林區中山北路六段１９５巷８號十三樓之２,,113/11/25,3108,108.71,36.85,59.84%,住宅大樓(11層含以上有電梯),17,十三層/十四層,房地(土地+建物)+車位,土:1 建:1車:1,1房2廳1衛,300,有,有,住家用,
士林區德行東路６１巷１６之１號四樓,,113/11/25,2150,59.02,36.43,82.33%,公寓(5樓含以下無電梯),39,四層/五層,房地(土地+建物),土:1 建:1車:0,3房2廳2衛,,有,無,住家用,
士林區文昌路１７９巷７號,,113/11/25,1700,67.15,25.32,84.99%,公寓(5樓含以下無電梯),47,一層/四層,房地(土地+建物),土:1 建:1車:0,4房1廳1衛,,無,無,住家用,其他增建;
士林區德行東路９０巷２７弄６號三樓,,113/11/25,910,28.98,31.4,81.12%,公寓(5樓含以下無電梯),41,三層/五層,房地(土地+建物),土:1 建:1車:0,3房1廳2衛,,無,無,住家用,親友、員工、共有人或其他特殊關係間之交易;
士林區忠誠路一段８９號四樓,士林御花園,113/11/25,600,26.23,22.88,78.71%,華廈(10層含以下有電梯),40,四層/七層,房地(土地+建物),土:1 建:1車:0,3房2廳2衛,,有,有,住家用,親友、員工、共有人或其他特殊關係間之交易;
士林區中山北路五段７５５號四樓,天母仰格,113/11/24,5810,86.99,74.79,54.65%,住宅大樓(11層含以上有電梯),1,四層/十七層,房地(土地+建物)+車位,土:1 建:1車:1,3房2廳2衛,330,有,有,住家用,
士林區士東路２６６巷３弄９之１號三樓,,113/11/24,466.5,50.01,9.33,91.18%,公寓(5樓含以下無電梯),45,三層/五層,房地(土地+建物),土:5 建:1車:0,3房2廳1衛,,無,無,住家用,親友、員工、共有人或其他特殊關係間之交易;陽台外推;
士林區德行東路３６５巷１９號三樓,,113/11/24,2450,69.92,35.04,81.17%,公寓(5樓含以下無電梯),42,三層/五層,房地(土地+建物),土:1 建:1車:0,3房2廳2衛,,無,無,住家用,其他增建;
士林區重慶北路四段１０８號十一樓之５,日健闊,113/11/24,3220,79.65,49.48,65.07%,住宅大樓(11層含以上有電梯),1,十一層/十六層,房地(土地+建物)+車位,土:1 建:1車:1,2房2廳2衛,250,有,有,住家用,
士林區天母東路８１巷２０弄２６號,滿園春,113/11/24,660,14.61,45.18,66.02%,公寓(5樓含以下無電梯),40,一層/五層,房地(土地+建物),土:1 建:1車:0,3房1廳2衛,,有,無,住家用,親友、員工、共有人或其他特殊關係間之交易;
士林區天母東路５０巷２０號八樓之４,華琪,113/11/23,2280,74.75,30.5,84.47%,華廈(10層含以下有電梯),47,八層/八層,房地(土地+建物),土:1 建:1車:0,3房2廳2衛,,無,有,住家用,陽台外推;
士林區基河路３０號二樓之５,北美館,113/11/23,892,103,8.66,65.11%,住宅大樓(11層含以上有電梯),26,二層/十三層,房地(土地+建物),土:2 建:1車:0,1廳1衛,,有,有,住家用,陽台外推;其他增建;
士林區環河北路三段１０７號十一樓之１,天星花園,113/11/23,1600,70,25.92,67.39%,住宅大樓(11層含以上有電梯),21,十一層/十三層,房地(土地+建物)+車位,土:2 建:2車:1,2房2廳1衛,200,有,有,住家用,其他增建;
士林區社中街３８０號三樓,,113/11/22,524,36.38,14.4,100.00%,公寓(5樓含以下無電梯),53,三層/三層,房地(土地+建物),土:1 建:1車:0,2房1廳1衛,,無,無,住家用,親友、員工、共有人或其他特殊關係間之交易;
士林區中山北路六段４０５巷８８號二樓之３,新美齊心岳,113/11/22,5858,111.84,72.52,62.16%,住宅大樓(11層含以上有電梯),1,二層/十四層,房地(土地+建物)+車位,土:1 建:1車:3,3房2廳2衛,750,有,有,住家用,
士林區社子街２２巷６０弄６號四樓,,113/11/22,1200,45.08,26.62,100.00%,公寓(5樓含以下無電梯),55,四層/四層,房地(土地+建物),土:1 建:1車:0,3房1廳1衛,,無,無,住家用,
士林區小西街４３號一樓,,113/11/22,2368,56.33,42.04,62.73%,公寓(5樓含以下無電梯),43,一層/五層,房地(土地+建物),土:2 建:1車:0,4房2廳2衛,,無,無,其他,其他增建;
士林區承德路四段１２巷２３號二樓,,113/11/22,1600,54.37,29.43,100.00%,公寓(5樓含以下無電梯),,二層/四層,房地(土地+建物),土:1 建:1車:0,3房1廳1衛,,無,無,住家用,
士林區後港街１８５號五樓,,113/11/22,3200,47.73,67.04,73.91%,公寓(5樓含以下無電梯),36,五層/五層,房地(土地+建物),土:1 建:1車:0,5房1廳2衛,,無,無,工業用,陽台外推;其他增建;
士林區忠誠路一段１３３號七樓,德悅天映月,113/11/21,11108,108.94,120.96,53.54%,住宅大樓(11層含以上有電梯),12,七層/十四層,房地(土地+建物)+車位,土:1 建:1車:3,4房2廳3衛,700,有,有,住家用,
士林區延平北路八段１８７巷３弄６號,,113/11/20,850,39.73,21.39,86.76%,公寓(5樓含以下無電梯),55,一層/三層,房地(土地+建物),土:1 建:1車:0,1房1衛,,無,無,住家用,
士林區天母北路５６號二十三樓之１,聯上天母,113/11/20,2924,110.21,35.68,58.05%,住宅大樓(11層含以上有電梯),4,二十三層/二十四層,房地(土地+建物)+車位,土:1 建:1車:1,1房1廳1衛,285,有,有,住家用,
士林區中正路３６５巷２８號,,113/11/20,2800,68.98,40.59,84.03%,公寓(5樓含以下無電梯),36,一層/五層,房地(土地+建物),土:4 建:1車:0,3房2廳2衛,,無,無,住家用,親友、員工、共有人或其他特殊關係間之交易;
士林區士商路１４３號九樓,藝術陽明,113/11/19,5700,90.6,73.4,58.31%,住宅大樓(11層含以上有電梯),21,九層/十二層,房地(土地+建物)+車位,土:1 建:2車:2,4房2廳2衛,560,有,有,住家用,陽台外推;其他增建;
士林區承德路四段２８３號八樓,陽明廣場,113/11/19,2550,60.01,42.5,74.68%,住宅大樓(11層含以上有電梯),38,八層/十二層,房地(土地+建物),土:2 建:1車:0,4房1廳2衛,,有,有,住家用,
士林區福國路１５巷１５號三樓,,113/11/18,1880,80.4,23.38,96.56%,公寓(5樓含以下無電梯),51,三層/四層,房地(土地+建物),土:1 建:1車:0,2房2廳1衛,,無,無,住家用,
士林區中正路１２２號六樓之１,士林儷園,113/11/18,5780,76.6,75.45,74.33%,華廈(10層含以下有電梯),28,"六層,電梯樓梯間/九層",房地(土地+建物)+車位,土:1 建:1車:1,4房2廳2衛,,有,有,住家用,陽台外推;其他增建;
士林區中正路６０１號三樓之８,台北市百齡,113/11/18,1660,61.04,27.19,68.23%,住宅大樓(11層含以上有電梯),45,三層/十二層,房地(土地+建物),土:2 建:1車:0,3房1廳2衛,,有,有,商業用,陽台外推;其他增建;
士林區德行東路１０４巷９弄８號三樓,,113/11/18,640,40.91,15.64,90.50%,公寓(5樓含以下無電梯),43,三層/五層,房地(土地+建物),土:5 建:1車:0,3房2廳2衛,,無,無,住家用,
士林區社中街３４６巷４弄２４號二樓,,113/11/18,1200,38.42,31.23,81.81%,公寓(5樓含以下無電梯),38,二層/五層,房地(土地+建物),土:1 建:1車:0,3房1廳1衛,,無,無,住家用,親友、員工、共有人或其他特殊關係間之交易;
士林區社中街３４６巷４弄２２號二樓,,113/11/18,1200,38.42,31.23,81.81%,公寓(5樓含以下無電梯),38,二層/五層,房地(土地+建物),土:1 建:1車:0,3房1廳1衛,,無,無,住家用,親友、員工、共有人或其他特殊關係間之交易;
士林區天母西路４８之３號三樓,天母齊豐華廈,113/11/18,2785,67.26,41.41,76.85%,華廈(10層含以下有電梯),44,三層/七層,房地(土地+建物),土:5 建:1車:0,3房2廳2衛,,有,有,住家用,陽台外推;
士林區承德路四段２７７巷９０號三樓,,113/11/18,1888,63.09,29.92,84.10%,公寓(5樓含以下無電梯),47,三層/四層,房地(土地+建物),土:3 建:1車:0,3房1廳1衛,,無,無,住家用,天井其他增建;
士林區大西路７１號三樓,麗緻文林,113/11/17,4880,71.83,67.94,66.10%,華廈(10層含以下有電梯),24,三層/九層,房地(土地+建物)+車位,土:1 建:1車:1,4房2廳2衛,,有,有,住家用,其他增建;
士林區中山北路七段１９０巷８之４號七樓,陽德大廈,113/11/16,2080,63.32,32.85,75.11%,華廈(10層含以下有電梯),43,七層/七層,房地(土地+建物),土:1 建:1車:0,5房3廳3衛,,有,有,住家用,陽台外推;頂樓加蓋;未登記建物;
士林區天玉街７３號五樓,,113/11/16,2750,57.87,47.52,78.56%,公寓(5樓含以下無電梯),46,五層/五層,房地(土地+建物),土:1 建:1車:0,4房2廳2衛,,無,無,住家用,陽台外推;其他增建;
士林區士東路６６號四樓,士東芷園,113/11/16,3300,87,37.93,76.32%,華廈(10層含以下有電梯),39,四層/七層,房地(土地+建物),土:1 建:1車:0,3房2廳2衛,,無,有,住家用,陽台外推;其他增建;
士林區德行東路３６６號,宏國芝園,113/11/16,5000,0,95.94,,透天厝,37,全/五層,房地(土地+建物),土:1 建:1車:0,6房2廳3衛,,有,無,住家用,陽台外推;其他增建;
士林區士商路４０巷６號,麒麟門,113/11/16,1480,57.1,25.92,81.01%,公寓(5樓含以下無電梯),45,一層/四層,房地(土地+建物),土:5 建:1車:0,3房1廳3衛,,無,無,住家用,其他增建;
士林區社子街１４６巷６號二樓,,113/11/15,497.5,28.43,17.5,100.00%,公寓(5樓含以下無電梯),56,二層/二層,房地(土地+建物),土:1 建:1車:0,2房1廳1衛,,無,無,住家用,親友、員工、共有人或其他特殊關係間之交易;頂樓加蓋;其他增建;
士林區延平北路五段２１３巷２３號,葫蘆公寓,113/11/15,1520,55.99,27.15,100.00%,公寓(5樓含以下無電梯),52,二層/四層,房地(土地+建物),土:1 建:1車:0,3房2廳1衛,,有,無,住家用,由買方負擔增值稅
士林區小西街２７之７號五樓,士林銅城華廈,113/11/15,1500,48.4,30.99,72.82%,華廈(10層含以下有電梯),43,五層/七層,房地(土地+建物),土:1 建:1車:0,3房1廳2衛,,無,有,住家用,親友、員工、共有人或其他特殊關係間之交易;陽台外推;
士林區社中街１５６巷１５號二樓,,113/11/15,1820.2,56.09,32.45,90.86%,公寓(5樓含以下無電梯),53,二層/四層,房地(土地+建物),土:3 建:1車:0,,,無,無,住家用,具重建或重劃、都更等效益;政府機關標讓售;
士林區重慶北路四段４９巷１５弄５６號一樓之１１,,113/11/15,111.2,19.21,5.79,86.36%,公寓(5樓含以下無電梯),46,一層/五層,房地(土地+建物),土:1 建:1車:0,3房2廳1衛,,無,無,商業用,地清或未辦繼承標售;
士林區通河街３２３巷６７之２號,劍潭國宅D區,113/11/15,600,67.28,8.92,89.15%,公寓(5樓含以下無電梯),54,二層/五層,房地(土地+建物),土:1 建:1車:0,1房1廳1衛,,無,無,住家用,天井增建 花台陽台外推;其他增建;
士林區文林路７６３號六樓之１０,寶殿大廈,113/11/13,2630,68,38.68,73.41%,住宅大樓(11層含以上有電梯),44,六層/十一層,房地(土地+建物),土:1 建:1車:0,3房2廳2衛,,有,有,住家用,陽台外推;其他增建;
士林區天母東路２２巷２１號三樓之２,天母華琪大廈仁座,113/11/13,1958,64.18,30.51,80.55%,華廈(10層含以下有電梯),47,三層/十層,房地(土地+建物),土:1 建:1車:0,3房2廳2衛,,有,有,住家用,陽台外推;其他增建;
士林區中正路２０１巷１８號,,113/11/13,8500,0,38.27,,透天厝,61,全/二層,房地(土地+建物),土:1 建:1車:0,5房2廳3衛,,無,無,住家用,頂樓增建
士林區中山北路五段８５０巷２６號二樓,,113/11/13,2436,66.25,36.77,84.57%,公寓(5樓含以下無電梯),44,二層/五層,房地(土地+建物),土:1 建:1車:0,3房2廳2衛,,無,無,住家用,陽台外推;其他增建;
士林區士東路９１巷９號二樓,,113/11/12,2550,66.95,38.09,87.37%,公寓(5樓含以下無電梯),45,二層/五層,房地(土地+建物),土:1 建:1車:0,3房2廳2衛,,無,無,住家用,陽台加窗陽台外推;其他增建;
士林區德行東路２０３巷８號四樓,,113/11/12,1750,48.72,35.92,87.44%,公寓(5樓含以下無電梯),45,四層/五層,房地(土地+建物),土:1 建:1車:0,5房5衛,,無,無,住家用,
士林區中山北路七段１９０巷２４號地下一層,靜盧,113/11/12,310,29.11,10.65,91.16%,華廈(10層含以下有電梯),47,地下一層/七層,房地(土地+建物),土:2 建:1車:0,2房1衛,,無,有,其他,其他增建;
士林區中山北路七段１１４巷３６弄１８號二樓,太平洋晴園,113/11/12,2700,72.03,37.49,79.17%,華廈(10層含以下有電梯),43,二層/七層,房地(土地+建物),土:4 建:1車:0,3房2廳2衛,,有,有,住家用,陽台外推;
士林區士東路２００巷５８弄１７號三樓,滿庭芳,113/11/12,2566,72.63,35.33,77.92%,華廈(10層含以下有電梯),40,三層/七層,房地(土地+建物),土:1 建:1車:0,3房2廳2衛,,無,有,住家用,
士林區通河東街一段１２４巷２號二樓,,113/11/12,1250,46.96,26.62,100.00%,公寓(5樓含以下無電梯),52,二層/三層,房地(土地+建物),土:1 建:1車:0,2房2廳1衛,,無,無,住家用,
士林區福德路３１巷１１號四樓之９,小貴馥,113/11/12,900,85.35,10.55,49.97%,華廈(10層含以下有電梯),13,四層/八層,房地(土地+建物),土:1 建:1車:0,1房1廳1衛,,有,有,住家用,親友、員工、共有人或其他特殊關係間之交易;夾層;
士林區雨農路１７之１號五樓,,113/11/12,4500,61.6,73.05,77.22%,華廈(10層含以下有電梯),41,五層/七層,房地(土地+建物)+車位,土:1 建:1車:1,2房1廳2衛,,有,有,住家用,
士林區中山北路五段７５３號十一樓,天母仰格,113/11/12,5390,68.49,78.69,47.49%,住宅大樓(11層含以上有電梯),1,十一層/十七層,房地(土地+建物)+車位,土:1 建:1車:1,3房2廳2衛,,有,有,住家用,親友、員工、共有人或其他特殊關係間之交易;
士林區後港街１３４巷２號三樓,川騰仰士林,113/11/11,880.3,72.28,12.18,56.94%,住宅大樓(11層含以上有電梯),,三層/二十二層,房地(土地+建物)+車位,土:1 建:1車:1,4房2廳2衛,,無,有,住家用,本案係持分買賣。親友、員工、共有人或其他特殊關係間之交易;
士林區中正路６０１號二樓之８,台北市百齡,113/11/10,1438,69.81,20.6,65.35%,住宅大樓(11層含以上有電梯),45,二層/十二層,房地(土地+建物),土:2 建:2車:0,2房1廳1衛,,有,有,辦公用,陽台外推;
士林區光華路２６巷７號七樓,豪宮大廈,113/11/10,370,37.05,9.99,72.10%,華廈(10層含以下有電梯),46,七層/七層,房地(土地+建物),土:2 建:1車:0,1房1衛,,有,有,住家用,陽台外推;
士林區通河東街一段４５號十樓,劍潭秀堤,113/11/09,3000,57.28,52.37,54.31%,華廈(10層含以下有電梯),17,十層/十層,房地(土地+建物)+車位,土:3 建:1車:1,3房2廳2衛,,有,有,住家用,
士林區延平北路五段１３６巷８弄１８號,,113/11/09,1812,0,27.83,,透天厝,58,全/二層,房地(土地+建物),土:1 建:1車:0,4房2廳,,無,無,住家用,頂樓加蓋;其他增建;
士林區前港街２６巷６號三樓,,113/11/08,282,49.48,5.7,91.99%,公寓(5樓含以下無電梯),56,三層/三層,房地(土地+建物),土:2 建:1車:0,2房2廳1衛,,無,無,住家用,親友、員工、共有人或其他特殊關係間之交易;
士林區前港街２６巷６號三樓,,113/11/07,282,49.48,5.7,91.99%,公寓(5樓含以下無電梯),56,三層/三層,房地(土地+建物),土:2 建:1車:0,2房2廳1衛,,無,無,住家用,親友、員工、共有人或其他特殊關係間之交易;
士林區中山北路七段１４巷２號十二樓,,113/11/06,3580,69.63,51.41,72.42%,住宅大樓(11層含以上有電梯),45,十二層/十二層,房地(土地+建物),土:1 建:1車:0,3房2廳2衛,,有,有,住家用,
士林區後港街１３４巷２號三樓,川騰仰士林,113/11/06,197.8,16.24,12.18,56.94%,住宅大樓(11層含以上有電梯),,三層/二十二層,房地(土地+建物)+車位,土:1 建:1車:1,4房2廳2衛,,無,有,住家用,本案係屬都更權利變換安置戶之移轉案件應補金額。
士林區忠誠路二段９８巷７弄６號二樓,靜安樹語,113/11/06,9030,130.74,75.22,58.89%,住宅大樓(11層含以上有電梯),,二層/十四層,房地(土地+建物)+車位,土:1 建:1車:1,3房2廳2衛,350,有,有,住家用,
士林區中山北路六段４１８號,,113/11/06,2007.5,81.74,24.56,100.00%,公寓(5樓含以下無電梯),53,"一層,騎樓/四層",房地(土地+建物),土:1 建:2車:0,,,無,無,商業用,其他增建;
士林區延平北路五段８３巷１６號二樓,,113/11/05,1450,60.11,24.12,100.00%,公寓(5樓含以下無電梯),52,二層/四層,房地(土地+建物),土:3 建:1車:0,3房1廳1衛,,無,無,住家用,陽台外推;
士林區士東路２６６巷６弄９號地下,,113/11/04,950,33.43,28.42,100.00%,公寓(5樓含以下無電梯),43,地下層/五層,房地(土地+建物),土:1 建:1車:0,4房4衛,,無,無,其他,其他增建;
士林區福國路５６巷２號三樓,天母儷園,113/11/04,5030,104.73,56.15,64.72%,華廈(10層含以下有電梯),20,三層/七層,房地(土地+建物)+車位,土:3 建:1車:1,4房2廳2衛,350,有,有,住家用,陽台外推;其他增建;
士林區福國路６１號四樓,天母築萃,113/11/03,5500,103.48,63.37,60.72%,住宅大樓(11層含以上有電梯),11,四層/十五層,房地(土地+建物)+車位,土:2 建:2車:1,2房2廳2衛,350,有,有,住家用,
士林區華岡路４３號,,113/11/03,2000,46.71,42.82,90.55%,公寓(5樓含以下無電梯),46,一層/四層,房地(土地+建物),土:2 建:1車:0,2廳1衛,,無,無,商業用,其他增建;
士林區德行東路１０９巷９６號二樓,,113/11/03,2410,70.29,34.29,85.78%,公寓(5樓含以下無電梯),45,二層/五層,房地(土地+建物),土:1 建:1車:0,3房2廳2衛,,無,無,住家用,陽台外推;
士林區中山北路五段７５７號十五樓,天母仰格,113/11/02,6650,105.09,71.72,55.13%,住宅大樓(11層含以上有電梯),1,十五層/十七層,房地(土地+建物)+車位,土:1 建:1車:1,3房2廳2衛,350,有,有,住家用,
士林區中正路６９９號四樓,忠誠,113/11/02,1800,52.63,34.2,69.51%,住宅大樓(11層含以上有電梯),41,四層/十二層,房地(土地+建物),土:1 建:1車:0,3房2廳2衛,,有,有,住家用,陽台外推;其他增建;
士林區大南路３２７之１號,新天地,113/11/02,3200,64.14,49.89,64.46%,住宅大樓(11層含以上有電梯),17,一層/十四層,房地(土地+建物)+車位,土:1 建:1車:1,4房2廳1衛,,有,有,商業用,夾層;其他增建;
士林區中山北路七段８１巷７號八樓,天母星鑽,113/11/02,7450,72.12,120.45,72.47%,住宅大樓(11層含以上有電梯),32,"八層,九層/十九層",房地(土地+建物)+車位,土:1 建:1車:2,5房3廳3衛,500,有,有,住家用,
士林區承德路四段４０巷１０５號四樓之６,劍潭整宅B區,113/11/02,600,46.34,12.95,92.52%,公寓(5樓含以下無電梯),54,三層/五層,房地(土地+建物),土:1 建:1車:0,2房1廳1衛,,有,無,住家用,
士林區至誠路二段１２９號四樓,,113/11/01,1388,62.76,22.12,96.79%,公寓(5樓含以下無電梯),46,四層/四層,房地(土地+建物),土:1 建:1車:0,2房2廳1衛,,無,無,住家用,其他增建;
士林區社子街２２巷６７號八樓之１,江南春,113/11/01,2090,38.03,54.96,66.87%,華廈(10層含以下有電梯),30,八層/九層,房地(土地+建物),土:1 建:1車:0,3房2廳2衛,,有,有,住家用,契稅、代書費由乙方(即賣方)負擔。土地分價新台幣1463萬元整、建物分價新台幣627萬元整。親友、員工、共有人或其他特殊關係間之交易;
士林區劍潭路１２號九樓之５,圓山凡登,113/11/01,1530,98.43,24.51,57.03%,住宅大樓(11層含以上有電梯),16,九層/十四層,房地(土地+建物)+車位,土:2 建:1車:1,1房1廳1衛,280,有,有,住家用,
士林區承德路四段２巷１７號九樓,,113/11/01,4090,100.73,49.98,60.27%,華廈(10層含以下有電梯),,九層/十層,房地(土地+建物)+車位,土:1 建:1車:1,,300,有,有,住家用,毛胚屋;
士林區承德路四段２巷２１號十樓,,113/10/30,4980,105.98,56.37,60.67%,華廈(10層含以下有電梯),,十層/十層,房地(土地+建物)+車位,土:1 建:1車:1,,315,有,有,住家用,毛胚屋;
士林區天母東路６７之１號六樓,羅浮宮,113/10/30,4680,86.54,54.08,78.98%,華廈(10層含以下有電梯),40,六層/七層,房地(土地+建物),土:1 建:1車:0,4房2廳2衛,,有,有,住家用,陽台外推;其他增建;
士林區大南路４１５號,凱旋名門,113/10/30,3268,115.19,28.37,85.19%,華廈(10層含以下有電梯),34,一層/十層,房地(土地+建物),土:2 建:1車:0,1廳1衛,,有,有,商業用,平台外移、空地加蓋。其他增建;
士林區重慶北路四段４９巷１５弄５６號三樓之６,,113/10/30,1100,46.68,23.56,80.49%,公寓(5樓含以下無電梯),46,三層/五層,房地(土地+建物),土:1 建:1車:0,3房1廳1衛,,無,無,住家用,
士林區通河西街二段１０８巷２弄６號三樓,,113/10/30,824,39.56,20.83,100.00%,公寓(5樓含以下無電梯),50,三層/三層,房地(土地+建物),土:1 建:1車:0,3房1廳2衛,,無,無,住家用,親友、員工、共有人或其他特殊關係間之交易;
士林區忠誠路一段１７１巷１０弄１０號,蘭雅新城,113/10/28,4468,90.57,49.33,87.50%,華廈(10層含以下有電梯),32,一層/十層,房地(土地+建物),土:1 建:1車:0,3房1廳3衛,,有,有,商業用,其他增建;
士林區大南路２８５巷１３之１號二樓,,113/10/28,1390,46.05,30.18,80.78%,公寓(5樓含以下無電梯),41,二層/五層,房地(土地+建物),土:1 建:1車:0,3房1廳1衛,,無,無,商業用,陽台外推;
士林區大東路１５之２８號,,113/10/28,1580,70.23,22.5,100.00%,公寓(5樓含以下無電梯),57,"一層,騎樓/三層",房地(土地+建物),土:1 建:1車:0,,,無,無,住家用,
士林區承德路四段２９４號六樓,圓山福第,113/10/27,3000,68.65,43.7,76.32%,住宅大樓(11層含以上有電梯),36,六層/十二層,房地(土地+建物),土:1 建:1車:0,4房2廳2衛,,有,有,住家用,其他增建;
士林區中山北路六段４０５巷１８號五樓,,113/10/27,2450,62.78,39.02,87.46%,公寓(5樓含以下無電梯),46,五層/五層,房地(土地+建物),土:1 建:1車:0,3房3廳3衛,,無,無,住家用,陽台外推;頂樓加蓋;其他增建;
士林區永平街８０巷１３號二樓,,113/10/27,1288,49.88,25.82,93.49%,公寓(5樓含以下無電梯),48,二層/三層,房地(土地+建物),土:1 建:1車:0,2房1廳1衛,,無,無,住家用,
士林區德行東路１０９巷６４弄８號五樓,,113/10/27,3668,79.89,45.91,54.01%,華廈(10層含以下有電梯),24,五層/六層,房地(土地+建物)+車位,土:1 建:1車:1,3房2廳2衛,250,無,有,住家用,陽台外推;
士林區忠誠路一段１１２號六樓,,113/10/26,3838,87.81,43.71,84.40%,華廈(10層含以下有電梯),38,六層/八層,房地(土地+建物),土:1 建:1車:0,3房2廳1衛,,無,有,住家用,
士林區中正路６０１號十一樓之１０、十一樓之１１,台北市百齡,113/10/26,1700,66.5,25.56,69.42%,住宅大樓(11層含以上有電梯),45,十一層/十二層,房地(土地+建物),土:2 建:1車:0,2房2廳2衛,,有,有,辦公用,陽台外推;
士林區承德路四段２７７巷４５號,,113/10/26,3900,0,61.59,,透天厝,55,全/三層,房地(土地+建物),土:1 建:1車:0,6房3廳3衛,,無,無,住家用,急買急賣;
士林區忠誠路一段１７３巷３８號六樓,美學地圖,113/10/25,5550,79.75,69.6,65.23%,住宅大樓(11層含以上有電梯),19,六層/十四層,房地(土地+建物)+車位,土:1 建:1車:1,4房2廳2衛,,有,有,住家用,陽台外推;其他增建;
士林區天母東路１０５巷９弄８號三樓,天母桓琚,113/10/25,3188,83.82,38.03,60.22%,住宅大樓(11層含以上有電梯),,三層/十二層,房地(土地+建物),土:1 建:1車:0,3房2廳2衛,,有,有,住家用,
士林區永平街７５巷２１之１號三樓,,113/10/25,1670,59.21,28.21,84.76%,公寓(5樓含以下無電梯),44,三層/五層,房地(土地+建物),土:7 建:1車:0,3房2廳2衛,,無,無,住家用,其他增建;
士林區中山北路七段１９０巷２０號三樓,長春,113/10/25,3018,56.49,58.26,96.76%,華廈(10層含以下有電梯),45,三層/七層,房地(土地+建物)+車位,土:1 建:1車:1,4房2廳2衛,280,有,有,住家用,親友、員工、共有人或其他特殊關係間之交易;陽台外推;
士林區後港街１４１號十三樓之２,圓山森鄰,113/10/25,5570,66.04,91.9,62.05%,住宅大樓(11層含以上有電梯),15,十三層/十四層,房地(土地+建物)+車位,土:1 建:1車:2,4房2廳3衛,520,有,有,商業用,分管停車位編號:282、283號
士林區文昌路１６９巷１０號,,113/10/25,1800,61.8,29.13,100.00%,公寓(5樓含以下無電梯),51,四層/四層,房地(土地+建物),土:1 建:1車:0,3房1廳1衛,,無,無,住家用,
士林區芝玉路二段２０巷１４號五樓,,113/10/25,2500,65.53,38.15,89.08%,公寓(5樓含以下無電梯),41,五層/五層,房地(土地+建物),土:2 建:1車:0,4房3廳3衛,,無,無,住家用,親友、員工、共有人或其他特殊關係間之交易;頂樓加蓋;
士林區基河路３５２號五樓,宏泰陽明,113/10/24,3408,71.85,47.43,63.13%,華廈(10層含以下有電梯),27,五層/八層,房地(土地+建物)+車位,土:1 建:1車:1,2房2廳2衛,,有,有,住家用,陽台外推;其他增建;
士林區格致路２０巷１號四樓之１４,華崗,113/10/24,375,52.6,7.13,57.32%,華廈(10層含以下有電梯),23,四層/九層,房地(土地+建物),土:1 建:1車:0,1房1廳1衛,,有,有,商業用,陽台外推;夾層;
士林區忠誠路二段９８巷７弄２號六樓,靜安樹語,113/10/24,6788,117.27,57.88,59.85%,住宅大樓(11層含以上有電梯),,六層/十四層,房地(土地+建物)+車位,土:1 建:1車:1,3房2廳2衛,,有,有,住家用,
士林區社中街１５６巷２４弄１４號五樓,,113/10/24,454,17.09,26.57,85.08%,公寓(5樓含以下無電梯),44,五層/五層,房地(土地+建物),土:1 建:1車:0,3房1廳1衛,,無,無,住家用,親友、員工、共有人或其他特殊關係間之交易;
士林區中山北路六段４４１巷３０號六樓之２,御上天母,113/10/23,9938,127,101.85,56.87%,住宅大樓(11層含以上有電梯),1,六層/十七層,房地(土地+建物)+車位,土:1 建:1車:3,,"1,050",有,有,住家用,毛胚屋;
士林區中山北路七段１４巷７號六樓,,113/10/23,4800,71.81,71.32,89.93%,華廈(10層含以下有電梯),41,六層/七層,房地(土地+建物)+車位,土:1 建:1車:1,4房2廳2衛,250,無,有,住家用,其他增建;
士林區天母北路２８巷３９號九樓,天母小西華,113/10/22,3080,82.16,37.49,45.61%,華廈(10層含以下有電梯),17,九層/九層,房地(土地+建物)+車位,土:1 建:1車:1,3房2廳1衛,,有,有,住家用,親友、員工、共有人或其他特殊關係間之交易;
士林區中山北路七段１９０巷８之２號六樓,陽德大廈,113/10/22,2270,67.22,33.77,75.47%,華廈(10層含以下有電梯),43,六層/七層,房地(土地+建物),土:1 建:1車:0,3房2廳2衛,,無,有,住家用,陽台外推;其他增建;
士林區中山北路七段６３巷２３號三樓,天母國堡,113/10/21,700,57.61,12.15,100.00%,公寓(5樓含以下無電梯),49,"三層,陽臺/四層",房地(土地+建物),土:3 建:1車:0,3房2廳2衛,,無,無,住家用,出售不動產1/3含土地增值稅或其他稅費;親友、員工、共有人或其他特殊關係間之交易;
士林區文林路７６５號十樓之５,寶殿大廈,113/10/21,2745,61.98,44.29,75.59%,住宅大樓(11層含以上有電梯),44,十層/十一層,房地(土地+建物),土:1 建:1車:0,4房2廳2衛,,有,有,住家用,陽台外推;其他增建;
士林區中正路２１２巷１０弄４號二樓,,113/10/21,2400,61.12,39.27,87.17%,公寓(5樓含以下無電梯),47,二層/四層,房地(土地+建物),土:2 建:1車:0,3房2廳2衛,,有,無,商業用,親友、員工、共有人或其他特殊關係間之交易;
士林區劍潭路５５巷１０號二樓,,113/10/21,2655,68.28,38.88,74.61%,華廈(10層含以下有電梯),39,二層/七層,房地(土地+建物),土:1 建:1車:0,3房2廳2衛,,無,有,住家用,
士林區士東路２６６巷３弄８號五樓之１,,113/10/20,960,71.06,13.51,80.47%,公寓(5樓含以下無電梯),44,五層/五層,房地(土地+建物),土:5 建:2車:0,2房1廳1衛,,無,無,住家用,陽台外推;其他增建;
士林區美崙街１１４號四樓,,113/10/18,2857,63.01,45.34,75.38%,華廈(10層含以下有電梯),43,四層/七層,房地(土地+建物),土:2 建:1車:0,3房2廳2衛,,有,有,住家用,
士林區天玉街３８巷１２號三樓之３,天母蘭桂坊,113/10/18,600,86.28,6.95,58.29%,住宅大樓(11層含以上有電梯),28,三層/十一層,房地(土地+建物),土:1 建:1車:0,1房1廳1衛,,有,有,住家用,陽台外推;其他增建;
士林區天母北路６２號三樓,富安天母住宅,113/10/18,450,25.9,17.37,41.04%,住宅大樓(11層含以上有電梯),27,三層/十三層,房地(土地+建物),土:1 建:1車:0,2房1廳1衛,,有,有,住家用,親友、員工、共有人或其他特殊關係間之交易;
士林區承德路四段２巷１７號八樓,,113/10/18,3993,98.02,49.98,60.27%,華廈(10層含以下有電梯),,八層/十層,房地(土地+建物)+車位,土:1 建:1車:1,,305,有,有,住家用,含裝潢費;
士林區士東路３８號四樓,,113/10/18,2168,60.45,35.87,91.00%,公寓(5樓含以下無電梯),41,四層/五層,房地(土地+建物),土:1 建:1車:0,3房2廳2衛,,無,無,住家用,親友、員工、共有人或其他特殊關係間之交易;
士林區天玉街３８巷１９弄６號三樓,,113/10/17,1950,63.52,30.7,89.09%,公寓(5樓含以下無電梯),47,三層/五層,房地(土地+建物),土:2 建:1車:0,3房2廳2衛,,無,無,住家用,陽台向外加蓋鐵窗陽台外推;其他增建;
士林區天母東路７０號十一樓,,113/10/17,3050,80.62,37.83,72.65%,住宅大樓(11層含以上有電梯),35,十一層/十二層,房地(土地+建物),土:1 建:1車:0,3房2廳2衛,,有,有,住家用,
士林區永平街３６巷５號,,113/10/17,1320,43.05,30.66,88.11%,公寓(5樓含以下無電梯),44,一層/四層,房地(土地+建物),土:1 建:1車:0,3房1廳2衛,,無,無,住家用,親友、員工、共有人或其他特殊關係間之交易;
士林區倫等街４８巷２號三樓,,113/10/16,844,46.2,18.27,100.00%,公寓(5樓含以下無電梯),51,三層/三層,房地(土地+建物),土:2 建:1車:0,2房2廳1衛,,無,無,住家用,親友、員工、共有人或其他特殊關係間之交易;頂樓加蓋;
士林區天母東路３６之２號十一樓,,113/10/16,4200,65.28,64.34,59.06%,住宅大樓(11層含以上有電梯),38,十一層/十二層,房地(土地+建物)+車位,土:1 建:1車:1,4房2廳2衛,,有,有,住家用,
士林區忠誠路二段９８巷７弄６號十二樓,靜安樹語,113/10/15,8000,106.36,75.22,58.89%,住宅大樓(11層含以上有電梯),,十二層/十四層,房地(土地+建物)+車位,土:1 建:1車:1,3房2廳2衛,,無,有,住家用,
士林區忠誠路二段１１０號十一樓,天母鬱金香,113/10/15,5100,83.89,60.79,74.40%,住宅大樓(11層含以上有電梯),38,十一層/十四層,房地(土地+建物),土:1 建:1車:0,4房2廳3衛,,有,有,住家用,陽台外推;其他增建;
士林區芝玉路一段２２６號三樓之３,遠雄天母,113/10/15,6300,88.24,82.54,59.81%,住宅大樓(11層含以上有電梯),16,三層/十八層,房地(土地+建物)+車位,土:1 建:1車:3,3房2廳2衛,650,有,有,住家用,
士林區通河西街二段１２１號五樓,,113/10/14,1580,46.06,34.3,78.47%,公寓(5樓含以下無電梯),38,五層/五層,房地(土地+建物),土:1 建:1車:0,3房2廳2衛,,無,無,住家用,頂樓加蓋;其他增建;
士林區福德路５７巷５號,,113/10/14,2680,134.93,19.86,100.00%,公寓(5樓含以下無電梯),63,"一層,騎樓/二層",房地(土地+建物),土:1 建:1車:0,,,無,無,住家用,地清或未辦繼承標售;
士林區小西街４５之２號,,113/10/14,1398,0,26.2,,透天厝,64,全/--,房地(土地+建物),土:2 建:1車:0,7房3廳3衛,,無,無,住家用,親友、員工、共有人或其他特殊關係間之交易;頂樓加蓋;其他增建;
士林區中山北路六段３５０號四樓,,113/10/13,2330,82.67,28.18,89.57%,華廈(10層含以下有電梯),25,"四層,電梯樓梯間/七層",房地(土地+建物),土:1 建:1車:0,2房1廳1衛,,無,有,住家用,陽台外推;其他增建;
士林區天玉街３８巷１８弄２７號四樓,,113/10/12,2080,54.68,38.04,89.42%,公寓(5樓含以下無電梯),48,四層/五層,房地(土地+建物),土:1 建:1車:0,3房2廳2衛,,無,無,住家用,陽台外推;
士林區忠誠路二段９８巷７弄８號十一樓,靜安樹語,113/10/12,11368,135.99,95.96,58.47%,住宅大樓(11層含以上有電梯),,十一層/十四層,房地(土地+建物)+車位,土:1 建:1車:2,1廳3衛,720,無,有,住家用,
士林區社中街３４６巷４弄２４號四樓,,113/10/12,1500,48.03,31.23,81.81%,公寓(5樓含以下無電梯),38,四層/五層,房地(土地+建物),土:1 建:1車:0,3房2廳1衛,,無,無,住家用,其他增建;
士林區重慶北路四段４９巷１１號一樓,,113/10/12,1920,66.28,28.97,86.47%,公寓(5樓含以下無電梯),48,一層/四層,房地(土地+建物),土:1 建:1車:0,2房1廳1衛,,無,無,其他,其他增建;
士林區中正路５２７號九樓,圓山之星,113/10/12,1640,61.32,26.75,69.37%,住宅大樓(11層含以上有電梯),38,九層/十一層,房地(土地+建物),土:1 建:1車:0,2房1廳1衛,,有,有,住家用,
士林區天母西路３號八樓之８,天母國際,113/10/11,1420,54.57,26.02,77.60%,住宅大樓(11層含以上有電梯),47,八層/十一層,房地(土地+建物),土:2 建:1車:0,2房2廳1衛,,有,有,商業用,本約簽約費、實價登錄費、塗銷費、增值稅等皆由買方負擔。
士林區基河路４０號十一樓之７,北美館,113/10/11,771,100.62,7.66,73.79%,住宅大樓(11層含以上有電梯),26,十一層/十三層,房地(土地+建物),土:2 建:1車:0,1廳1衛,,有,有,住家用,
士林區華齡街１７６號三樓,,113/10/08,1250,48.09,25.99,87.38%,公寓(5樓含以下無電梯),40,三層/五層,房地(土地+建物),土:1 建:1車:0,3房1廳1衛,,無,無,住家用,
士林區中山北路七段１４巷３１弄７號七樓,隱奕,113/10/07,5750,80.8,78.55,58.43%,華廈(10層含以下有電梯),15,七層/九層,房地(土地+建物)+車位,土:1 建:1車:1,3房2廳3衛,300,有,有,住家用,車位編號11號
士林區天玉街１０８號三樓,,113/10/07,1212,37.15,32.63,89.76%,公寓(5樓含以下無電梯),46,三層/五層,房地(土地+建物),土:1 建:1車:0,2房2廳2衛,,無,無,住家用,親友、員工、共有人或其他特殊關係間之交易;陽台外推;
士林區中正路２１２巷７弄２號,,113/10/07,3800,82.34,46.15,82.07%,華廈(10層含以下有電梯),40,一層/六層,房地(土地+建物),土:1 建:1車:0,3房2廳2衛,,無,有,商業用,
士林區中正路２１２巷７弄２號地下樓,,113/10/07,1200,28.88,41.55,91.93%,華廈(10層含以下有電梯),40,地下層/六層,房地(土地+建物),土:1 建:1車:0,,,無,有,其他,
士林區忠誠路二段９８巷７弄２號十樓,靜安樹語,113/10/06,6550,133.52,49.06,59.85%,住宅大樓(11層含以上有電梯),,十層/十四層,房地(土地+建物),土:1 建:1車:0,3房2廳2衛,,有,有,住家用,
士林區社正路４５巷９號五樓,,113/10/05,1400,45.63,30.68,90.84%,公寓(5樓含以下無電梯),44,五層/五層,房地(土地+建物),土:1 建:1車:0,3房2廳2衛,,無,無,住家用,
士林區劍潭路６號四樓之１,北美館,113/10/05,2550,96.58,26.4,66.00%,住宅大樓(11層含以上有電梯),26,四層/十三層,房地(土地+建物)+車位,土:2 建:1車:1,1房2廳1衛,,有,有,住家用,其他增建;
士林區大南路３２５號六樓,新天地,113/10/02,1300,55.01,23.63,58.50%,住宅大樓(11層含以上有電梯),17,六層/十四層,房地(土地+建物)+車位,土:1 建:1車:1,1房1廳1衛,,有,有,商業用,
士林區美崙街８４巷６號,,113/10/02,2688,0,26.59,,透天厝,59,全/二層,房地(土地+建物),土:1 建:1車:0,3房2廳2衛,,無,無,住家用,頂樓加蓋;
士林區華齡街１７巷２８弄８號三樓,,113/10/01,1500,48.06,31.21,100.00%,公寓(5樓含以下無電梯),55,三層/四層,房地(土地+建物),土:1 建:1車:0,4房2廳1衛,,無,無,住家用,其他增建;
士林區中山北路六段４４１巷３０號三樓之３,御上天母,113/10/01,5658,123.86,53.48,56.67%,住宅大樓(11層含以上有電梯),1,三層/十七層,房地(土地+建物)+車位,土:1 建:1車:1,,350,有,有,住家用,毛胚屋;
士林區中正路２０１巷２６號,,113/10/01,4000,0,30.76,,透天厝,60,全/二層,房地(土地+建物),土:1 建:1車:0,5房3廳3衛,,無,無,住家用,
士林區忠誠路一段１７７號二樓,銅城華夏,113/10/01,3530,75.37,46.83,78.79%,華廈(10層含以下有電梯),41,二層/七層,房地(土地+建物),土:1 建:1車:0,4房2廳2衛,,有,有,住家用,
士林區德行東路９０巷２１弄２號四樓,,113/10/01,2600,62.24,41.77,80.54%,公寓(5樓含以下無電梯),41,四層/五層,房地(土地+建物),土:1 建:1車:0,3房2廳2衛,,無,無,住家用,
士林區天玉街１２３號二樓,家居雲門,113/09/30,6540,99.97,93.64,62.79%,華廈(10層含以下有電梯),17,二層/五層,房地(土地+建物)+車位,土:1 建:1車:3,3房2廳2衛,900,有,有,住家用,陽台外推;其他增建;
士林區天母北路５６號二十一樓之１,聯上天母,113/09/29,2806,110.02,34.97,59.83%,住宅大樓(11層含以上有電梯),4,二十一層/二十四層,房地(土地+建物)+車位,土:1 建:1車:1,1房1廳1衛,250,有,有,住家用,
士林區延平北路五段３１１號,,113/09/29,3850,143.79,26.77,100.00%,公寓(5樓含以下無電梯),54,"一層,騎樓/四層",房地(土地+建物),土:2 建:1車:0,2廳1衛,,無,無,住商用,其他增建;
士林區通河街１７１號七樓,中山華園,113/09/29,2025,66.31,30.54,67.61%,華廈(10層含以下有電梯),41,七層/七層,房地(土地+建物),土:1 建:1車:0,4房3廳2衛,,有,有,住家用,陽台外推;頂樓加蓋;其他增建;
士林區社子街１４６巷３６號二樓,,113/09/29,1500,50.15,29.91,85.00%,公寓(5樓含以下無電梯),42,二層/五層,房地(土地+建物),土:3 建:1車:0,3房2廳2衛,,無,無,住家用,陽台加凸鐵窗。其他增建;
士林區大西路７４巷５號,,113/09/28,1510,88.27,17.11,100.00%,公寓(5樓含以下無電梯),53,一層/四層,房地(土地+建物),土:1 建:1車:0,1廳1衛,,無,無,住家用,其他增建;
士林區至善路二段４２１巷１４號,,113/09/27,18000,0,240.07,,透天厝,8,全/三層,房地(土地+建物)+車位,土:2 建:1車:8,,,有,有,住家用,
士林區後港街１８９號,典藏大樓,113/09/27,4920,44.22,114.14,59.48%,華廈(10層含以下有電梯),10,"一層,地下一層/七層",房地(土地+建物)+車位,土:1 建:1車:3,,560,有,有,商業用,含租約;
士林區永公路３５３號,,113/09/27,4888,0,69.67,,透天厝,55,全/二層,房地(土地+建物)+車位,土:1 建:1車:1,3房2廳3衛,,無,無,住家用,附屬建物停車場現作為室內使用。
士林區福國路１５巷１２號二樓,,113/09/26,1200,37.85,31.71,64.36%,華廈(10層含以下有電梯),43,二層/七層,房地(土地+建物),土:4 建:1車:0,2房2廳2衛,,無,有,住家用,親友、員工、共有人或其他特殊關係間之交易;
士林區承德路四段４０巷５０號五樓,劍潭整宅B區,113/09/26,650,59.74,10.88,91.10%,公寓(5樓含以下無電梯),54,四層/五層,房地(土地+建物),土:1 建:1車:0,2房1廳1衛,,無,無,住家用,
士林區中山北路六段４４１巷３０號十樓之３,御上天母,113/09/25,6300,138.84,53.48,56.67%,住宅大樓(11層含以上有電梯),1,十層/十七層,房地(土地+建物)+車位,土:1 建:1車:1,,350,有,有,住家用,毛胚屋
士林區中山北路六段４４１巷３０號十四樓,御上天母,113/09/25,6980,146.17,64.06,56.75%,住宅大樓(11層含以上有電梯),1,十四層/十七層,房地(土地+建物)+車位,土:1 建:1車:2,,720,有,有,住家用,毛胚屋;
士林區中山北路六段４４１巷３０號十四樓之１,御上天母,113/09/25,11608,145.27,104.32,54.90%,住宅大樓(11層含以上有電梯),1,十四層/十七層,房地(土地+建物)+車位,土:1 建:1車:3,,"1,080",無,有,住家用,毛胚屋;
士林區中山北路七段２２１號三樓,逸品山莊,113/09/25,1100,67.52,16.29,79.24%,華廈(10層含以下有電梯),37,三層/七層,房地(土地+建物),土:1 建:1車:0,4房2廳4衛,,無,有,住家用,本房地為持分買賣親友、員工、共有人或其他特殊關係間之交易;
士林區延平北路六段１３３號,,113/09/25,2450,93.57,26.18,80.73%,公寓(5樓含以下無電梯),40,一層/五層,房地(土地+建物),土:1 建:1車:0,1廳1衛,,無,無,商業用,親友、員工、共有人或其他特殊關係間之交易;
士林區通河東街一段３２號,,113/09/25,1250,57.75,21.64,100.00%,公寓(5樓含以下無電梯),47,三層/四層,房地(土地+建物),土:1 建:1車:0,2房1廳1衛,,無,無,住家用,
士林區中正路１０４巷２弄９號,,113/09/25,2428,92.98,26.11,87.63%,公寓(5樓含以下無電梯),38,一層/五層,房地(土地+建物),土:2 建:1車:0,4房1廳3衛,,無,無,住家用,含增建或未登記建物其他增建;受民情風俗因素影響;
士林區雨聲街４巷２號二樓,,113/09/25,2238,69.01,32.43,87.91%,公寓(5樓含以下無電梯),47,二層/二層,房地(土地+建物),土:1 建:1車:0,3房2廳2衛,,無,無,住家用,
士林區延平北路五段８３巷２５號,,113/09/25,350,37.18,9.41,100.00%,公寓(5樓含以下無電梯),52,一層/四層,房地(土地+建物),土:1 建:1車:0,,,無,無,住家用,親友、員工、共有人或其他特殊關係間之交易;
士林區中山北路七段２３２巷１弄５１號,,113/09/24,40,0,2.05,,透天厝,88,全/一層,房地(土地+建物),土:1 建:1車:0,1房1廳1衛,,無,無,住家用,地清或未辦繼承標售;
士林區基河路１２８號八樓之９,基河之星,113/09/23,725,85.2,8.51,56.59%,住宅大樓(11層含以上有電梯),28,八層/十一層,房地(土地+建物),土:1 建:1車:0,1房1廳1衛,,有,有,住家用,陽台外推;其他增建;
士林區中山北路五段８１１巷３２號四樓之２,,113/09/23,600,63.98,9.38,71.39%,華廈(10層含以下有電梯),32,四層/五層,房地(土地+建物),土:1 建:1車:0,,,無,有,住家用,
士林區中山北路七段２４之１號六樓,天母開發,113/09/23,2500,26.05,95.96,79.58%,華廈(10層含以下有電梯),39,六層/七層,房地(土地+建物),土:1 建:2車:0,3房2廳3衛,,有,有,住家用,親友、員工、共有人或其他特殊關係間之交易;
士林區中山北路七段１４巷５９弄７號四樓,羅馬儷園,113/09/22,1950,58.98,33.06,82.18%,公寓(5樓含以下無電梯),40,四層/五層,房地(土地+建物),土:1 建:1車:0,3房2廳2衛,,有,無,住家用,陽台外推;其他增建;
士林區社正路６４巷１弄１２號一樓,,113/09/22,197,57.53,3.42,100.00%,公寓(5樓含以下無電梯),56,一層/三層,房地(土地+建物),土:1 建:1車:0,2房2廳1衛,,無,無,住家用,親友、員工、共有人或其他特殊關係間之交易;
士林區福德路３１巷１１號二樓之１７,小貴馥,113/09/22,1238,123.12,10.06,49.37%,華廈(10層含以下有電梯),13,二層/八層,房地(土地+建物),土:1 建:1車:0,1房1廳1衛,,有,有,住家用,夾層;
士林區中庸一路１４巷１０號二樓,,113/09/22,2000,49.25,40.61,70.75%,公寓(5樓含以下無電梯),19,二層/四層,房地(土地+建物),土:1 建:1車:0,7房7衛,,無,無,住家用,
士林區天母東路４９號五樓,雅盧聯合,113/09/21,2397.1,31.99,74.93,92.56%,華廈(10層含以下有電梯),39,五層/七層,房地(土地+建物)+車位,土:1 建:1車:1,4房2廳3衛,,無,有,住家用,本案係二親等間買賣親友、員工、共有人或其他特殊關係間之交易;
士林區中山北路六段１９５巷１５號十九樓,仰德195,113/09/21,15200,136.95,126.31,60.19%,住宅大樓(11層含以上有電梯),5,十九層/二十一層,房地(土地+建物)+車位,土:1 建:1車:2,3房2廳5衛,700,有,有,住家用,
士林區中正路３９９巷５號二樓,,113/09/21,1123,48.36,23.22,87.60%,公寓(5樓含以下無電梯),50,二層/四層,房地(土地+建物),土:1 建:1車:0,2房1廳1衛,,無,無,住家用,陽台外推;其他增建;
士林區中正路３９９巷１弄８號二樓,,113/09/21,1129,48.38,23.33,87.66%,公寓(5樓含以下無電梯),50,二層/四層,房地(土地+建物),土:1 建:1車:0,2房1廳1衛,,無,無,住家用,陽台外推;其他增建;
士林區福華路２２號,,113/09/19,4988,104.62,47.68,67.60%,華廈(10層含以下有電梯),27,"一層,二層/六層",房地(土地+建物),土:1 建:1車:0,3房2廳3衛,,無,有,住家用,陽台外推;其他增建;
士林區中山北路六段１９５巷１０號六樓,,113/09/19,6180,93.9,65.81,47.50%,華廈(10層含以下有電梯),14,六層/七層,房地(土地+建物)+車位,土:2 建:1車:2,4房2廳2衛,280,有,有,住家用,陽台外推;其他增建;
士林區中山北路七段８１巷３１號三樓,,113/09/19,3840,65.81,58.35,64.55%,華廈(10層含以下有電梯),28,"三層,電梯樓梯間/六層",房地(土地+建物)+車位,土:1 建:1車:1,3房2廳2衛,200,無,有,住家用,
士林區重慶北路四段４９巷４０弄６號三樓,,113/09/19,1260,51.72,24.36,100.00%,公寓(5樓含以下無電梯),53,三層/四層,房地(土地+建物),土:1 建:1車:0,3房2廳1衛,,無,無,住家用,其他增建;
士林區社子街４１號三樓,三福富貴家園甲棟,113/09/19,1500,52.7,28.46,76.84%,華廈(10層含以下有電梯),30,三層/八層,房地(土地+建物),土:1 建:1車:0,3房2廳2衛,,有,有,住家用,
士林區延平北路五段２２４巷２９號,,113/09/19,1380,76.15,18.12,100.00%,公寓(5樓含以下無電梯),63,"一層,騎樓/二層",房地(土地+建物),土:1 建:1車:0,2房1廳1衛,,無,無,住家用,其他增建;
士林區中山北路七段１１４巷３號六樓,天母豪門,113/09/18,2650,60.1,44.09,34.35%,華廈(10層含以下有電梯),26,六層/六層,房地(土地+建物)+車位,土:2 建:1車:1,2房2廳1衛,,有,有,住家用,陽台外推;
士林區至善路二段１５８號六樓,至善天下,113/09/18,4460,59.56,74.88,49.93%,住宅大樓(11層含以上有電梯),28,六層/十六層,房地(土地+建物)+車位,土:3 建:1車:1,3房2廳3衛,280,有,有,商業用,鐵鋁窗增建陽台外推;其他增建;
士林區至誠路二段３５號五樓,,113/09/18,2078,60.9,34.12,83.07%,公寓(5樓含以下無電梯),42,五層/五層,房地(土地+建物),土:1 建:1車:0,3房2廳2衛,,無,無,住家用,頂樓加蓋;
士林區天母東路２２巷２３號八樓之５,天母華琪大廈仁座,113/09/17,1190,80.88,14.71,75.86%,華廈(10層含以下有電梯),47,八層/十層,房地(土地+建物),土:1 建:1車:0,1房1廳1衛,,有,有,住家用,陽台外推;
士林區延平北路五段１６３巷４４號二樓,,113/09/17,1668,47.06,35.45,90.54%,公寓(5樓含以下無電梯),43,二層/五層,房地(土地+建物),土:1 建:1車:0,3房2廳2衛,,無,無,住家用,其他增建;
士林區中山北路六段１８６巷６號六樓,震大明玉,113/09/17,5220,68.36,76.36,62.28%,華廈(10層含以下有電梯),20,六層/七層,房地(土地+建物)+車位,土:1 建:1車:2,4房2廳2衛,,有,有,住家用,陽台外推;其他增建;
士林區社中街３７５號,,113/09/16,520,29.75,17.48,,公寓(5樓含以下無電梯),48,"一層,平台/四層",房地(土地+建物),土:1 建:1車:0,2房2廳1衛,,無,無,其他,親友、員工、共有人或其他特殊關係間之交易;
士林區福國路９５號三樓之１３,,113/09/16,2370,70.91,33.42,88.70%,華廈(10層含以下有電梯),47,三層/八層,房地(土地+建物),土:1 建:1車:0,4房1廳4衛,,有,有,住家用,陽台外推;
士林區重慶北路四段２２０巷２１弄１０號二樓,,113/09/16,865,68.31,12.66,100.00%,公寓(5樓含以下無電梯),55,二層/三層,房地(土地+建物),土:1 建:1車:0,2房1廳1衛,,無,無,住家用,親友、員工、共有人或其他特殊關係間之交易;具重建或重劃、都更等效益;
士林區重慶北路四段２２０巷２１弄１０號,,113/09/16,865,68.31,12.66,100.00%,公寓(5樓含以下無電梯),55,三層/三層,房地(土地+建物),土:1 建:1車:0,2房1廳1衛,,無,無,住家用,親友、員工、共有人或其他特殊關係間之交易;頂樓加蓋;具重建或重劃、都更等效益;
士林區雨聲街２巷１號二樓,,113/09/15,2888,92.13,31.35,84.33%,公寓(5樓含以下無電梯),47,二層/二層,房地(土地+建物),土:1 建:1車:0,3房2廳2衛,,無,無,住家用,陽台外推;頂樓加蓋;
士林區基河路４０號四樓之６,北美館,113/09/14,1485,106.01,14.01,66.23%,住宅大樓(11層含以上有電梯),26,四層/十三層,房地(土地+建物),土:2 建:1車:0,,,有,有,住家用,陽台外推;
士林區德行東路８９號四樓,,113/09/14,1310,59.3,22.09,100.00%,公寓(5樓含以下無電梯),49,"四層,陽臺/四層",房地(土地+建物),土:1 建:1車:0,2房1廳1衛,,無,無,住家用,頂樓加蓋;
士林區天母西路４３號,,113/09/14,5200,127.81,40.69,61.63%,公寓(5樓含以下無電梯),46,一層/五層,房地(土地+建物),土:4 建:1車:0,1衛,,無,無,住商用,其他增建;
士林區德行東路９１號四樓,,113/09/14,1310,58.23,22.5,100.00%,公寓(5樓含以下無電梯),49,"四層,陽臺/四層",房地(土地+建物),土:1 建:1車:0,2房1廳1衛,,無,無,住家用,
士林區承德路四段１１０號三樓之３,圓山大廈B棟自治,113/09/14,2300,72.12,31.89,78.33%,華廈(10層含以下有電梯),47,三層/七層,房地(土地+建物),土:1 建:1車:0,2房2廳1衛,,有,有,住家用,陽台外推;
士林區福林路１００巷６２號四樓,士林官邸,113/09/13,4908,76.42,64.23,67.76%,華廈(10層含以下有電梯),15,四層/六層,房地(土地+建物)+車位,土:1 建:1車:1,4房2廳2衛,,有,有,住家用,其他增建;
士林區中正路３００號,,113/09/13,13500,0,79.92,,透天厝,60,全/三層,房地(土地+建物),土:1 建:1車:0,4房3衛,,無,無,住家用,內梯增建頂樓加蓋;其他增建;
士林區後港街１３４巷２號十五樓,川騰仰士林,113/09/12,614,64.58,9.51,55.27%,住宅大樓(11層含以上有電梯),,十五層/二十二層,房地(土地+建物)+車位,土:1 建:1車:2,6房4廳4衛,,無,有,住家用,本案係屬都更權利變換安置戶移轉案件。每個建號格局為3房2廳2衛。
士林區重慶北路四段２２２號十一樓之３,士科京璽,113/09/12,2100,63.48,33.08,52.44%,住宅大樓(11層含以上有電梯),7,十一層/十四層,房地(土地+建物)+車位,土:2 建:1車:1,1房1廳1衛,,有,有,住家用,
士林區至善路二段１７０號二樓,至善天下,113/09/12,6800,62.55,108.72,54.01%,住宅大樓(11層含以上有電梯),28,二層/十六層,房地(土地+建物)+車位,土:3 建:1車:2,4房2廳3衛,,有,有,商業用,
士林區美崙街６２巷３２號二樓,,113/09/12,1800,50.98,35.31,84.72%,公寓(5樓含以下無電梯),45,二層/五層,房地(土地+建物),土:1 建:1車:0,3房2廳2衛,,無,無,住家用,二親等買賣件親友、員工、共有人或其他特殊關係間之交易;陽台外推;
士林區後港街１３４巷６號十二樓,川騰仰士林,113/09/11,1088,77.26,14.08,53.93%,住宅大樓(11層含以上有電梯),,十二層/二十二層,房地(土地+建物)+車位,土:1 建:1車:2,4房2廳2衛,,無,有,住家用,本案係屬都更權利變換安置戶之移轉案件。
士林區延平北路五段５０號九樓,,113/09/11,2750,63.37,43.4,59.42%,住宅大樓(11層含以上有電梯),11,九層/十三層,房地(土地+建物),土:2 建:1車:0,3房2廳2衛,,有,有,住家用,
士林區中正路７０７巷１５之１號十二樓,忠誠,113/09/11,1760,56.12,31.36,66.48%,住宅大樓(11層含以上有電梯),41,十二層/十二層,房地(土地+建物),土:3 建:1車:0,2房2廳1衛,,有,有,住家用,
士林區天母東路１０５巷９弄１５號五樓,天母融園三富,113/09/11,2680,73.52,36.45,83.76%,公寓(5樓含以下無電梯),43,五層/五層,房地(土地+建物),土:1 建:1車:0,3房2廳2衛,,無,無,住家用,頂樓加蓋;
士林區忠誠路二段１７８巷１５號五樓,天母蘭亭,113/09/10,5400,89.97,70.27,68.35%,華廈(10層含以下有電梯),31,五層/九層,房地(土地+建物)+車位,土:1 建:1車:1,3房3廳2衛,350,有,有,住家用,陽台外推;其他增建;
士林區菁山路９９巷４９號,,113/09/10,2350,0,58.27,,透天厝,30,全/二層,房地(土地+建物),土:1 建:1車:0,5房2廳4衛,,無,無,住家用,親友、員工、共有人或其他特殊關係間之交易;
士林區德行西路３６號五樓之９,萬象之都,113/09/10,1640,112.99,14.51,53.83%,住宅大樓(11層含以上有電梯),16,五層/十三層,房地(土地+建物),土:3 建:1車:0,1廳1衛,,有,有,商業用,陽台外推;
士林區天母西路５０巷２０之１號六樓,天母強者薔薇華廈,113/09/10,4950,77.67,63.73,53.14%,住宅大樓(11層含以上有電梯),28,"六層,電梯樓梯間/十一層",房地(土地+建物)+車位,土:1 建:1車:1,4房2廳2衛,300,有,有,住家用,
士林區天母東路６９巷３之１號二樓,,113/09/10,540.5,22.75,23.76,75.55%,華廈(10層含以下有電梯),43,二層/七層,房地(土地+建物),土:1 建:1車:0,3房2廳2衛,,無,有,住家用,親友、員工、共有人或其他特殊關係間之交易;
士林區天母東路８號三十三樓之１,華固天鑄,113/09/09,33400,158.54,210.67,53.64%,住宅大樓(11層含以上有電梯),8,三十三層/三十八層,房地(土地+建物)+車位,土:2 建:1車:4,5房2廳5衛,,有,有,住家用,車位編號：地下二層255號，地下三層126、127、128號
士林區承德路四段３巷１９號二樓,,113/09/09,170,50.9,3.34,100.00%,公寓(5樓含以下無電梯),,二層/二層,房地(土地+建物),土:2 建:1車:0,2房2廳1衛,,無,無,,親友、員工、共有人或其他特殊關係間之交易;
士林區天母西路２２巷１２號二樓,,113/09/08,3500,54.69,63.99,98.09%,華廈(10層含以下有電梯),45,二層/六層,房地(土地+建物)+車位,土:1 建:1車:1,4房2廳2衛,,有,有,住家用,親友、員工、共有人或其他特殊關係間之交易;
士林區中山北路五段８５０巷４號,,113/09/08,3160,70.58,44.77,42.63%,公寓(5樓含以下無電梯),41,一層/五層,房地(土地+建物),土:1 建:1車:0,2房3廳2衛,,無,無,住家用,其他增建;
士林區中山北路六段４４１巷３０號五樓,御上天母,113/09/07,6100,133.94,53.48,56.67%,住宅大樓(11層含以上有電梯),1,五層/十七層,房地(土地+建物)+車位,土:1 建:1車:1,,360,有,有,住家用,毛胚屋;
士林區德行東路３３１巷４０號三樓,,113/09/07,2060,65.99,31.22,87.93%,公寓(5樓含以下無電梯),45,三層/五層,房地(土地+建物),土:2 建:1車:0,3房2廳2衛,,無,無,住家用,陽台外推;其他增建;
士林區延平北路六段３９２巷６號八樓之２,,113/09/07,968,63.47,15.25,61.48%,住宅大樓(11層含以上有電梯),19,八層/十一層,房地(土地+建物),土:1 建:1車:0,1房1廳1衛,,有,有,住家用,
士林區中山北路六段２９０巷１７號五樓,,113/09/07,2500,52.76,47.38,90.28%,公寓(5樓含以下無電梯),39,五層/五層,房地(土地+建物),土:1 建:1車:0,3房2廳2衛,,無,無,住家用,親友、員工、共有人或其他特殊關係間之交易;頂樓加蓋;
士林區環河北路三段１０７號五樓之１,天星花園,113/09/07,800,30.87,25.92,52.01%,住宅大樓(11層含以上有電梯),20,五層/十三層,房地(土地+建物)+車位,土:2 建:2車:1,2房1廳1衛,,有,有,住家用,親友、員工、共有人或其他特殊關係間之交易;
士林區社中街３９１號四樓,,113/09/06,1150,54.05,21.27,100.00%,公寓(5樓含以下無電梯),50,四層/四層,房地(土地+建物),土:1 建:1車:0,2房2廳1衛,,無,無,住家用,含頂樓增建(棚架)
士林區天母東路３６之４號五樓,,113/09/06,4100,75.52,61.17,95.55%,住宅大樓(11層含以上有電梯),38,五層/十二層,房地(土地+建物)+車位,土:1 建:1車:1,4房2廳2衛,350,有,有,商業用,陽台外推;其他增建;
士林區東山路１３８號九樓,,113/09/06,7500,72.75,103.1,59.32%,華廈(10層含以下有電梯),22,九層/十層,房地(土地+建物)+車位,土:1 建:1車:4,5房2廳3衛,,有,有,住家用,
士林區中山北路七段１１４巷５９號三樓,,113/09/06,1600,45.08,35.49,88.78%,公寓(5樓含以下無電梯),48,三層/四層,房地(土地+建物),土:1 建:1車:0,3房2廳2衛,,無,無,住家用,本約標的物有滲漏水，位置在臥室牆面角落，浴室地板，賣方對上列滲漏水無須修繕，由買方自行承受負擔
士林區福港街２６號,,113/09/06,300,56.38,5.32,75.90%,公寓(5樓含以下無電梯),39,一層/五層,房地(土地+建物),土:1 建:1車:0,3房2廳1衛,,無,無,商業用,親友、員工、共有人或其他特殊關係間之交易;
士林區忠誠路二段４１巷３８號二樓,,113/09/06,1340,64.36,20.82,83.29%,公寓(5樓含以下無電梯),40,二層/五層,房地(土地+建物),土:1 建:1車:0,3房2廳2衛,,無,無,住家用,親友、員工、共有人或其他特殊關係間之交易;
士林區重慶北路四段２３４號六樓,,113/09/05,1310,69,18.98,74.79%,住宅大樓(11層含以上有電梯),39,六層/十二層,房地(土地+建物),土:2 建:1車:0,5房5衛,,無,有,住家用,買賣1/2
士林區忠誠路二段２１巷６９弄６號二樓,,113/09/05,1242,70.79,17.54,81.52%,公寓(5樓含以下無電梯),51,二層/四層,房地(土地+建物),土:1 建:1車:0,2房1廳1衛,,無,無,住家用,陽台外推;
士林區仰德大道三段１２５巷５弄２９號二樓,,113/09/04,1968,34.31,57.35,81.47%,公寓(5樓含以下無電梯),46,二層/四層,房地(土地+建物)+車位,土:1 建:1車:1,2房2廳1衛,,有,無,住家用,鐵鋁窗增建陽台外推;其他增建;
士林區至善路二段１８０號七樓,至善天下,113/09/04,5700,48,118.75,49.19%,住宅大樓(11層含以上有電梯),28,七層/十六層,房地(土地+建物)+車位,土:3 建:1車:2,3房2廳3衛,,有,有,住家用,親友、員工、共有人或其他特殊關係間之交易;
士林區天玉街１２７號三樓,家居雲門,113/09/04,2130,7.97,267.23,45.67%,華廈(10層含以下有電梯),17,三層/五層,房地(土地+建物)+車位,土:1 建:3車:2,4房2廳2衛,,有,有,住家用,親友、員工、共有人或其他特殊關係間之交易;
士林區天玉街１２７號三樓,家居雲門,113/09/04,3500,13.1,267.23,53.96%,華廈(10層含以下有電梯),17,三層/五層,房地(土地+建物)+車位,土:1 建:3車:5,4房2廳2衛,,有,有,住家用,親友、員工、共有人或其他特殊關係間之交易;
士林區承德路四段１２巷３０號三樓,,113/09/03,1375,62.41,22.03,100.00%,公寓(5樓含以下無電梯),56,三層/四層,房地(土地+建物),土:2 建:1車:0,3房2廳1衛,,無,無,,陽台外推;其他增建;
士林區中山北路六段４４１巷３０號五樓之３,御上天母,113/09/03,6200,128.35,64.08,56.72%,住宅大樓(11層含以上有電梯),,五層/十七層,房地(土地+建物)+車位,土:1 建:1車:2,,700,有,有,住家用,毛胚屋
士林區大南路３３１號九樓,新天地,113/09/03,3950,65.71,60.12,61.87%,住宅大樓(11層含以上有電梯),17,九層/十四層,房地(土地+建物)+車位,土:1 建:1車:1,4房2廳2衛,,有,有,商業用,
士林區福壽街４５號七樓,築禾韻,113/09/03,4980,87.07,63.07,54.02%,華廈(10層含以下有電梯),9,"七層,見其他登記事項/七層",房地(土地+建物)+車位,土:2 建:1車:2,4房4廳2衛,320,有,有,住家用,陽台外推;夾層;其他增建;
士林區幸福街１８巷１０號,,113/09/03,1240,0,13.07,,透天厝,59,全/二層,房地(土地+建物),土:1 建:1車:0,2房1廳2衛,,無,無,住家用,親友、員工、共有人或其他特殊關係間之交易;
士林區社中街４２６巷１４號,,113/09/02,650,28.54,22.77,89.96%,公寓(5樓含以下無電梯),47,一層/四層,房地(土地+建物),土:1 建:1車:0,2房1廳1衛,,無,無,住家用,親友、員工、共有人或其他特殊關係間之交易;
士林區中庸一路１１之３號六樓,登峰造極,113/09/02,2750,36.39,84.31,97.19%,住宅大樓(11層含以上有電梯),30,六層/十四層,房地(土地+建物)+車位,土:2 建:1車:2,3房2廳2衛,400,有,有,住家用,
士林區承德路四段４３號,圓山金城,113/09/02,2510,72.11,34.81,89.93%,住宅大樓(11層含以上有電梯),28,一層/十四層,房地(土地+建物)+車位,土:1 建:1車:1,2廳1衛,,有,有,住家用,其他增建;
士林區中山北路六段４０５巷８８號八樓,新美齊心岳,113/09/02,8650,121.67,82.42,58.88%,住宅大樓(11層含以上有電梯),1,八層/十四層,房地(土地+建物)+車位,土:1 建:1車:2,3房2廳3衛,800,有,有,住家用,
士林區天母北路９巷３號三樓,,113/09/02,1852,66.37,27.9,90.71%,公寓(5樓含以下無電梯),45,三層/四層,房地(土地+建物),土:1 建:1車:0,2房2廳2衛,,無,無,住家用,陽台外推;其他增建;
士林區天玉街３８巷１２號四樓之２,天母蘭桂坊,113/09/02,1640,86.47,18.97,51.07%,住宅大樓(11層含以上有電梯),27,四層/十一層,房地(土地+建物)+車位,土:1 建:1車:1,2房2廳1衛,180,有,有,住家用,陽台外推;夾層;其他增建;
士林區忠誠路二段１３０巷１２號三樓,,113/09/02,1500,59.54,25.19,83.29%,公寓(5樓含以下無電梯),46,三層/五層,房地(土地+建物),土:1 建:1車:0,2房2廳1衛,,無,無,住家用,親友、員工、共有人或其他特殊關係間之交易;
士林區中山北路六段４０５巷１２號五樓,,113/09/02,1900,55.87,34.01,89.93%,公寓(5樓含以下無電梯),46,五層/五層,房地(土地+建物),土:1 建:1車:0,3房1廳2衛,,無,無,住家用,親友、員工、共有人或其他特殊關係間之交易;
士林區德行東路１０４巷３１號二樓,,113/08/31,2580,69.45,37.15,86.41%,公寓(5樓含以下無電梯),46,二層/四層,房地(土地+建物),土:2 建:1車:0,4房1廳2衛,,無,無,住家用,
士林區倫等街４８巷３９號二樓,,113/08/31,1155,55.21,20.92,100.00%,公寓(5樓含以下無電梯),48,"二層,陽臺/四層",房地(土地+建物),土:2 建:1車:0,2房2廳1衛,,無,無,住家用,陽台外推;其他增建;
士林區中正路６０１號二樓之７,台北市百齡,113/08/31,1120,66.32,16.89,66.13%,住宅大樓(11層含以上有電梯),45,二層/十二層,房地(土地+建物),土:2 建:2車:0,1房1廳1衛,,有,有,辦公用,陽台外推;其他增建;
士林區天母東路２２巷２３號五樓之１,天母華琪大廈仁座,113/08/31,2468,71.83,34.36,80.67%,華廈(10層含以下有電梯),47,五層/十層,房地(土地+建物),土:1 建:1車:0,3房2廳2衛,,有,有,住家用,陽台外推;其他增建;
士林區克強路１０巷９弄２１號四樓,,113/08/31,2238,74.58,30.01,83.71%,公寓(5樓含以下無電梯),47,四層/四層,房地(土地+建物),土:2 建:1車:0,3房2廳2衛,,無,無,住家用,頂樓加蓋;
士林區天母東路８號十一樓之１,華固天鑄,113/08/30,26000,141.53,196.35,53.75%,住宅大樓(11層含以上有電梯),8,十一層/三十八層,房地(土地+建物)+車位,土:2 建:1車:2,4房2廳4衛,560,有,有,住家用,
士林區德行東路３７號四樓,,113/08/30,3700,74.45,49.69,81.74%,華廈(10層含以下有電梯),40,四層/七層,房地(土地+建物),土:2 建:1車:0,4房2廳2衛,,有,有,住家用,
士林區天玉街３８巷１９弄６號四樓,,113/08/30,1725,56.19,30.7,89.09%,公寓(5樓含以下無電梯),47,四層/五層,房地(土地+建物),土:2 建:1車:0,3房2廳2衛,,無,無,住家用,其他增建;
士林區德行東路３５８巷２３弄１號,,113/08/29,1800,37.96,47.42,91.55%,公寓(5樓含以下無電梯),36,"一層,二層,三層/五層",房地(土地+建物),土:1 建:1車:0,4房2廳3衛,,無,無,住家用,親友、員工、共有人或其他特殊關係間之交易;
士林區忠誠路二段９８巷７弄８號九樓,靜安樹語,113/08/28,8390,100,95.96,58.47%,住宅大樓(11層含以上有電梯),,九層/十四層,房地(土地+建物)+車位,土:1 建:1車:2,3房2廳3衛,560,無,有,住家用,親友、員工、共有人或其他特殊關係間之交易;
士林區中山北路七段２３０之２號二樓,,113/08/28,1000,22.37,44.7,74.62%,華廈(10層含以下有電梯),40,二層/五層,房地(土地+建物),土:1 建:1車:0,3房2廳2衛,,有,有,住家用,親友、員工、共有人或其他特殊關係間之交易;
士林區德行西路３６號七樓之７,萬象之都,113/08/28,1368,112.11,12.2,51.56%,住宅大樓(11層含以上有電梯),16,七層/十三層,房地(土地+建物),土:3 建:1車:0,1廳1衛,,有,有,商業用,陽台外推;
士林區天玉街２７巷１號三樓,,113/08/28,2150,64.96,33.1,81.26%,公寓(5樓含以下無電梯),43,三層/五層,房地(土地+建物),土:1 建:1車:0,2房2廳2衛,,無,無,住家用,陽台外推;其他增建;
士林區天母北路９巷１０號二樓,信義謙石,113/08/27,3420,104.37,35.1,59.77%,華廈(10層含以下有電梯),7,二層/七層,房地(土地+建物)+車位,土:1 建:1車:1,2房2廳2衛,230,有,有,住家用,
士林區天母東路３８之５號二樓,,113/08/27,4100,71.5,57.34,75.75%,住宅大樓(11層含以上有電梯),38,二層/十二層,房地(土地+建物)+車位,土:2 建:1車:1,4房2廳2衛,300,有,有,商業用,陽台外推;
士林區忠誠路一段１１３號十二樓,天母鉅星,113/08/27,3048,79.98,38.11,79.93%,住宅大樓(11層含以上有電梯),35,十二層/十二層,房地(土地+建物),土:1 建:1車:0,2房2廳2衛,,有,有,住家用,陽台外推;
士林區中山北路六段４０５巷３６號三樓,,113/08/27,3215,74.57,43.11,82.71%,華廈(10層含以下有電梯),40,三層/七層,房地(土地+建物),土:1 建:1車:0,3房2廳2衛,,無,有,住家用,陽台外推;其他增建;
士林區中山北路六段４５０巷３弄９號五樓,,113/08/26,1960,59.99,32.67,84.50%,公寓(5樓含以下無電梯),39,五層/五層,房地(土地+建物),土:1 建:1車:0,3房2廳2衛,,無,無,住家用,陽台外推;頂樓加蓋;其他增建;
士林區福港街１９巷４號二樓,,113/08/26,1535,57.62,26.64,100.00%,公寓(5樓含以下無電梯),54,二層/四層,房地(土地+建物),土:1 建:1車:0,3房2廳1衛,,無,無,住商用,其他增建;
士林區中山北路六段４４１巷３０號十二樓之２,御上天母,113/08/26,10800,138.88,101.85,56.87%,住宅大樓(11層含以上有電梯),,十二層/十七層,房地(土地+建物)+車位,土:1 建:1車:3,,"1,080",有,有,住家用,毛胚屋
士林區前街９８之１號四樓,,113/08/26,900,40.52,22.21,100.00%,公寓(5樓含以下無電梯),50,四層/四層,房地(土地+建物),土:2 建:1車:0,2房1廳1衛,,無,無,住家用,親友、員工、共有人或其他特殊關係間之交易;
士林區東山路１３６之１號六樓,,113/08/26,6250,68.16,91.7,51.17%,華廈(10層含以下有電梯),22,六層/十層,房地(土地+建物)+車位,土:1 建:1車:3,4房2廳2衛,,有,有,住家用,本案買賣車位包含3個停車位；建號12654登載車位編號13號，現況並無該車位可停駛使用。其他增建;
士林區福壽街４３號三樓之１,築禾韻,113/08/25,2350,65.79,35.72,51.74%,華廈(10層含以下有電梯),9,三層/七層,房地(土地+建物)+車位,土:2 建:1車:3,1房2廳1衛,,有,有,住家用,其他增建;
士林區忠誠路一段１００巷１５弄６號二樓,,113/08/25,2110,61.16,34.5,72.44%,公寓(5樓含以下無電梯),31,二層/五層,房地(土地+建物),土:1 建:1車:0,3房2廳2衛,,無,無,住家用,
士林區中山北路六段４０５巷４９號二樓,,113/08/25,3400,73.51,46.26,73.79%,華廈(10層含以下有電梯),40,二層/七層,房地(土地+建物),土:2 建:1車:0,4房2廳2衛,,有,有,住家用,陽台外推;其他增建;
士林區中山北路七段１１４巷５號三樓,,113/08/25,1700,53.07,32.03,88.19%,公寓(5樓含以下無電梯),44,三層/四層,房地(土地+建物),土:3 建:1車:0,3房2廳2衛,,無,無,住家用,其他增建;
士林區德行東路３２４號三樓,,113/08/25,300,35.62,8.42,89.69%,公寓(5樓含以下無電梯),42,三層/五層,房地(土地+建物),土:1 建:1車:0,3房2廳2衛,,無,無,住家用,親友、員工、共有人或其他特殊關係間之交易;
士林區德行東路３２４號三樓,,113/08/25,1200,47.51,25.26,89.71%,公寓(5樓含以下無電梯),42,三層/五層,房地(土地+建物),土:1 建:1車:0,3房2廳2衛,,無,無,住家用,親友、員工、共有人或其他特殊關係間之交易;
士林區承德路四段４０巷１號三樓之８,劍潭整宅貳期,113/08/24,581,62.56,9.29,89.58%,華廈(10層含以下有電梯),52,三層/五層,房地(土地+建物),土:1 建:1車:0,1房1廳1衛,,有,有,住家用,陽台外推;其他增建;
士林區忠誠路一段１４７巷１０號七樓,精忠新城丙基地,113/08/24,3700,98.07,37.73,70.33%,住宅大樓(11層含以上有電梯),27,七層/十二層,房地(土地+建物)+車位,土:1 建:1車:1,3房2廳2衛,,有,有,住家用,其他增建;
士林區中山北路七段１９０巷１４號二樓,琴棋華廈,113/08/24,3250,65.15,49.89,76.37%,華廈(10層含以下有電梯),39,二層/七層,房地(土地+建物),土:1 建:1車:0,4房2廳2衛,,無,有,住家用,陽台外推;其他增建;
士林區重慶北路四段７９號三樓之４,台北市大興,113/08/24,1100,62.63,17.56,78.26%,華廈(10層含以下有電梯),46,三層/七層,房地(土地+建物),土:1 建:1車:0,2房2廳1衛,,有,有,住家用,陽台外推;
士林區中山北路七段１９０巷２６弄１２號二樓,義豐庭,113/08/23,2800,54.29,51.57,86.87%,華廈(10層含以下有電梯),45,二層/七層,房地(土地+建物),土:1 建:1車:0,3房2廳2衛,,有,有,住家用,親友、員工、共有人或其他特殊關係間之交易;
士林區中山北路七段２３２巷１０號七樓,,113/08/23,2900,66.22,43.79,73.61%,華廈(10層含以下有電梯),42,七層/七層,房地(土地+建物),土:2 建:1車:0,4房3廳3衛,,無,有,住家用,陽台外推;頂樓加蓋;其他增建;
士林區前街７７號,,113/08/23,1900,84,22.62,91.95%,公寓(5樓含以下無電梯),47,一層/四層,房地(土地+建物),土:2 建:1車:0,3廳1衛,,無,無,住商用,其他增建;
士林區天母東路８巷２７之５號,天母華琪大廈忠孝座,113/08/23,3800,118.74,32,94.16%,華廈(10層含以下有電梯),48,"一層,騎樓/七層",房地(土地+建物),土:2 建:1車:0,1衛,,有,有,商業用,
士林區承德路四段１２巷７２號四樓,,113/08/23,1200,50.32,23.85,100.00%,公寓(5樓含以下無電梯),54,四層/四層,房地(土地+建物),土:1 建:1車:0,2房1廳1衛,,無,無,住家用,頂樓加蓋;
士林區通河東街一段１０５巷１弄１１號四樓,,113/08/22,1569,50,31.38,83.21%,公寓(5樓含以下無電梯),47,四層/四層,房地(土地+建物),土:1 建:1車:0,3房2廳1衛,,無,無,住家用,陽台外推;頂樓加蓋;其他增建;
士林區和豐街４２之３號四樓,,113/08/22,1850,50.46,36.66,88.76%,公寓(5樓含以下無電梯),39,四層/五層,房地(土地+建物),土:1 建:1車:0,3房2廳2衛,,有,無,住家用,其他增建;
士林區福國路１００號八樓之５,雙子星,113/08/22,2600,70.35,36.96,80.81%,住宅大樓(11層含以上有電梯),45,八層/十四層,房地(土地+建物),土:1 建:1車:0,3房2廳2衛,,有,有,住家用,
士林區承德路四段３２６號十一樓,餘白,113/08/22,6700,95.6,80.57,57.29%,住宅大樓(11層含以上有電梯),12,十一層/十四層,房地(土地+建物)+車位,土:2 建:1車:2,3房2廳2衛,450,有,有,住家用,其他增建;
士林區中正路６９４號四樓之２,永新大廈,113/08/21,1000,47.12,21.22,72.07%,華廈(10層含以下有電梯),26,四層/九層,房地(土地+建物),土:3 建:1車:0,2房1廳1衛,,有,有,住家用,鄰居間之交易親友、員工、共有人或其他特殊關係間之交易;
士林區德行西路８０號二樓,,113/08/21,4650,97.67,47.61,73.76%,華廈(10層含以下有電梯),40,二層/七層,房地(土地+建物),土:2 建:1車:0,3房2廳2衛,,有,有,住家用,陽台外推;
士林區明溪街３５巷４號,,113/08/21,1750,55.76,31.38,100.00%,公寓(5樓含以下無電梯),49,一層/四層,房地(土地+建物),土:2 建:1車:0,4房2廳2衛,,無,無,住家用,增建一房及廚房其他增建;
士林區劍潭路９５號,,113/08/21,2800,92.21,30.36,100.00%,公寓(5樓含以下無電梯),54,一層/四層,房地(土地+建物),土:3 建:1車:0,,,無,無,住家用,
士林區德行東路１０９巷８３弄７號二樓,,113/08/21,2000,68.96,29,86.23%,公寓(5樓含以下無電梯),46,二層/五層,房地(土地+建物),土:1 建:1車:0,3房2廳2衛,,無,無,住家用,陽台加窗增建其他增建;
士林區福林路３２９巷２弄４９號,,113/08/21,2900,0,24.8,,透天厝,53,全/二層,房地(土地+建物),土:1 建:1車:0,2房1廳1衛,,無,無,住家用,
士林區社中街３８４巷２弄１１號二樓,,113/08/20,800,31.35,25.52,90.48%,公寓(5樓含以下無電梯),45,二層/四層,房地(土地+建物),土:2 建:1車:0,3房1廳1衛,,無,無,住家用,親友、員工、共有人或其他特殊關係間之交易;
士林區仰德大道二段４３號,,113/08/20,9622,0,166.89,,透天厝,24,全/二層,房地(土地+建物),土:1 建:1車:0,,,無,無,農業用,親友、員工、共有人或其他特殊關係間之交易;
士林區環河北路三段２０３號十樓,京水灩,113/08/20,3000,51.69,58.04,56.88%,住宅大樓(11層含以上有電梯),12,十層/十一層,房地(土地+建物)+車位,土:2 建:1車:1,2房2廳2衛,,有,有,住家用,陽台外推;
士林區仰德大道三段２５０巷１１弄５１號,,113/08/20,19966.5,0,94.34,,透天厝,22,全/二層,房地(土地+建物),土:4 建:1車:0,,,無,無,住家用,親友、員工、共有人或其他特殊關係間之交易;
士林區中山北路六段４３號七樓,國揚天母,113/08/20,7200,105.85,75.38,55.70%,住宅大樓(11層含以上有電梯),12,七層/十三層,房地(土地+建物)+車位,土:1 建:1車:1,3房2廳2衛,300,有,有,住家用,
士林區永平里１１鄰８１號,,113/08/19,1270.5,0,18.77,,透天厝,58,全/一層,房地(土地+建物),土:1 建:1車:0,,,無,無,工業用,
士林區中山北路七段８２巷７號二樓,,113/08/19,3650,75.38,48.42,74.80%,華廈(10層含以下有電梯),45,二層/七層,房地(土地+建物),土:2 建:1車:0,4房2廳2衛,,無,有,住家用,其他增建;
士林區中正路３０５巷１６號三樓,,113/08/19,2468,78.36,31.5,88.13%,公寓(5樓含以下無電梯),43,三層/五層,房地(土地+建物),土:2 建:1車:0,3房2廳2衛,,無,無,住家用,
士林區通河街３２５巷２之１號,劍潭國宅D區,113/08/19,200,36.77,5.44,91.16%,公寓(5樓含以下無電梯),54,一層/五層,房地(土地+建物),土:1 建:1車:0,2房1廳1衛,,有,無,住家用,親友、員工、共有人或其他特殊關係間之交易;
士林區東山路１２６號,,113/08/18,2468,49.55,49.81,39.98%,公寓(5樓含以下無電梯),40,一層/五層,房地(土地+建物),土:1 建:1車:0,1廳1衛,,無,無,商業用,其他增建;
士林區社正路４３號五樓,喬崴MIT,113/08/17,1710,70.05,24.41,52.59%,華廈(10層含以下有電梯),9,五層/九層,房地(土地+建物),土:1 建:1車:0,1房1廳1衛,,有,有,住家用,
士林區福港街２３３號五樓,,113/08/17,1600,50.05,31.97,69.85%,公寓(5樓含以下無電梯),41,五層/五層,房地(土地+建物),土:1 建:1車:0,5房5衛,,無,無,住家用,陽台外推;
士林區士東路２６６巷５弄１０之１號三樓,,113/08/17,1880,57.92,32.46,87.55%,公寓(5樓含以下無電梯),43,三層/五層,房地(土地+建物),土:4 建:1車:0,3房2廳2衛,,無,無,住家用,雨遮鐵鋁窗增建其他增建;
士林區士東路８９巷１６弄１４號,,113/08/17,7623,0,38.57,,透天厝,53,全/二層,房地(土地+建物),土:1 建:1車:0,2房3廳1衛,,無,無,住家用,頂樓加蓋;其他增建;
士林區磺溪街３５巷１６號二樓,,113/08/16,2888,80.6,35.83,82.17%,公寓(5樓含以下無電梯),37,二層/五層,房地(土地+建物),土:1 建:1車:0,1房2廳1衛,,有,無,住家用,陽台外推;其他增建;
士林區中山北路六段４４１巷３０號十五樓之１,御上天母,113/08/16,11265,145.53,101.85,56.87%,住宅大樓(11層含以上有電梯),,十五層/十七層,房地(土地+建物)+車位,土:1 建:1車:3,,"1,080",有,有,住家用,毛胚屋;
士林區中山北路六段４４１巷３０號十五樓,御上天母,113/08/16,6646,146.68,53.48,56.67%,住宅大樓(11層含以上有電梯),,十五層/十七層,房地(土地+建物)+車位,土:1 建:1車:1,,360,有,有,住家用,毛胚屋;
士林區美崙街６７號三樓,,113/08/16,1850,75.63,24.46,100.00%,公寓(5樓含以下無電梯),54,三層/三層,房地(土地+建物),土:1 建:1車:0,2房1廳1衛,,無,無,住家用,頂樓加蓋;
士林區士東路２６６巷１２弄１０之１號五樓,,113/08/16,1840,62.37,29.5,84.66%,公寓(5樓含以下無電梯),40,五層/五層,房地(土地+建物),土:1 建:1車:0,3房2廳2衛,,無,無,住家用,
士林區延平北路六段３６８巷２７號三樓,,113/08/15,1250,39.16,31.92,86.86%,公寓(5樓含以下無電梯),44,三層/五層,房地(土地+建物),土:4 建:1車:0,3房2廳1衛,,無,無,住家用,
士林區芝玉路一段２０２號六樓,,113/08/15,4800,70.76,67.84,56.37%,住宅大樓(11層含以上有電梯),29,六層/十九層,房地(土地+建物)+車位,土:1 建:1車:1,3房2廳2衛,,有,有,住家用,
士林區德行西路８７號四樓,,113/08/14,2200,68.69,32.03,93.48%,公寓(5樓含以下無電梯),46,四層/五層,房地(土地+建物),土:4 建:1車:0,3房2廳2衛,,無,無,住家用,
士林區德行西路８８號四樓之６,,113/08/14,1710,70.24,24.35,39.18%,華廈(10層含以下有電梯),4,四層/八層,房地(土地+建物)+車位,土:1 建:1車:1,1房1廳1衛,,有,有,住家用,親友、員工、共有人或其他特殊關係間之交易;
士林區芝玉路一段１９７巷８號,,113/08/14,1200,17.08,70.25,44.97%,公寓(5樓含以下無電梯),40,一層/五層,房地(土地+建物),土:1 建:1車:0,2房2廳2衛,,無,無,住家用,親友、員工、共有人或其他特殊關係間之交易;
士林區天母東路８巷２７號六樓之７,天母華琪大廈忠孝座,113/08/13,3267,58.55,55.8,95.93%,華廈(10層含以下有電梯),48,六層/七層,房地(土地+建物),土:2 建:1車:0,5房2廳3衛,,有,有,住家用,
士林區福林路２４１巷４號七樓,仁鄰,113/08/13,1720,53.99,31.86,66.27%,華廈(10層含以下有電梯),39,七層/七層,房地(土地+建物),土:1 建:1車:0,3房2廳1衛,,無,有,住家用,親友、員工、共有人或其他特殊關係間之交易;
士林區中正路３３５巷４３號二樓,,113/08/13,1750,69.18,25.3,86.92%,公寓(5樓含以下無電梯),46,二層/四層,房地(土地+建物),土:1 建:1車:0,2房1廳1衛,,無,無,住家用,陽台外推;
士林區天母西路４１巷２號二樓之６,,113/08/13,1280,74.64,17.15,50.10%,華廈(10層含以下有電梯),32,二層/六層,房地(土地+建物),土:1 建:1車:0,1房1廳1衛,,有,有,住家用,"含土地增值稅或其他稅費115,333元;"
士林區社中街２６４巷１弄９號五樓,,113/08/12,1350,52.24,25.84,85.61%,公寓(5樓含以下無電梯),42,五層/五層,房地(土地+建物),土:1 建:1車:0,4房2廳2衛,,無,無,住家用,陽台外推;頂樓加蓋;
士林區德行西路３６號十樓之２,萬象之都,113/08/12,1310,106.32,12.32,52.52%,住宅大樓(11層含以上有電梯),16,十層/十三層,房地(土地+建物),土:3 建:1車:0,1房1廳1衛,,有,有,商業用,陽台外推;夾層;
士林區社中街２６４巷１弄９號五樓,,113/08/12,1300,50.3,25.84,85.61%,公寓(5樓含以下無電梯),42,五層/五層,房地(土地+建物),土:1 建:1車:0,4房2廳2衛,,無,無,住家用,陽台外推;頂樓加蓋;
士林區忠誠路二段３號十一樓,新光仰賢華廈,113/08/12,5480,89.85,71.77,72.36%,住宅大樓(11層含以上有電梯),38,十一層/十四層,房地(土地+建物)+車位,土:3 建:1車:1,3房2廳2衛,300,有,有,住家用,陽台外推;其他增建;
士林區中山北路七段８２巷１５號二樓,,113/08/12,2450,70.69,34.66,87.64%,公寓(5樓含以下無電梯),45,二層/五層,房地(土地+建物),土:1 建:1車:0,3房2廳2衛,,無,無,住家用,其他增建;
士林區忠義街９１巷２１號三樓,,113/08/12,2810,71.72,39.18,89.18%,公寓(5樓含以下無電梯),38,三層/五層,房地(土地+建物),土:1 建:1車:0,3房2廳2衛,,無,無,住家用,陽台外推;
士林區菁山路５３之１號三樓,陽明帝景,113/08/12,3500,52.62,74.1,63.63%,華廈(10層含以下有電梯),15,三層/五層,房地(土地+建物)+車位,土:1 建:1車:1,2房2廳2衛,250,有,有,住家用,
士林區中山北路七段１９０巷２４號地下一層,靜盧,113/08/11,360,26.93,13.37,91.18%,華廈(10層含以下有電梯),47,地下一層/七層,房地(土地+建物),土:2 建:1車:0,,,有,有,其他,建物格局：有1衛浴。 其他增建：陽台增建。其他增建;
士林區基河路１２８號五樓之３,基河之星,113/08/11,710,87.22,8.14,59.16%,住宅大樓(11層含以上有電梯),28,五層/十一層,房地(土地+建物),土:1 建:1車:0,,,有,有,住家用,
士林區葫蘆街１２０號三樓,,113/08/11,1680,62.46,26.9,86.74%,公寓(5樓含以下無電梯),45,三層/五層,房地(土地+建物),土:2 建:1車:0,2房2廳1衛,,無,無,住家用,前陽台、後陽台其他增建;
士林區中山北路六段４４１巷３０號八樓,御上天母,113/08/11,6850,135.35,74.7,56.77%,住宅大樓(11層含以上有電梯),,八層/十七層,房地(土地+建物)+車位,土:1 建:1車:3,,"1,050",有,有,住家用,毛胚屋;
士林區重慶北路四段１０８號五樓之５,日健闊,113/08/11,2835,57.3,49.48,65.07%,住宅大樓(11層含以上有電梯),1,五層/十六層,房地(土地+建物)+車位,土:1 建:1車:1,3房2廳2衛,,有,有,住家用,
士林區福港街２６７之５號,劍潭雅園,113/08/10,1300,61.43,21.16,72.37%,華廈(10層含以下有電梯),47,一層/六層,房地(土地+建物),土:1 建:1車:0,2房1廳1衛,,有,有,住家用,其他增建;
士林區士東路２巷１５號二樓,秋鴻大廈,113/08/10,4130,76.86,53.73,47.09%,華廈(10層含以下有電梯),21,二層/十層,房地(土地+建物)+車位,土:1 建:1車:1,3房2廳2衛,,有,有,住家用,陽台外推;其他增建;
士林區德行東路９０巷２７弄１號二樓,,113/08/09,2260,75,30.14,89.26%,公寓(5樓含以下無電梯),43,二層/五層,房地(土地+建物),土:4 建:1車:0,3房2廳2衛,,無,無,住家用,陽台外推;其他增建;
士林區德行西路９３巷６弄５號,,113/08/09,3218,88.4,36.4,91.50%,公寓(5樓含以下無電梯),46,一層/五層,房地(土地+建物),土:1 建:1車:0,3房2廳2衛,,無,無,住家用,其他增建;
士林區前街２１巷７號四樓,,113/08/08,1750,64.28,27.22,98.73%,公寓(5樓含以下無電梯),45,四層/五層,房地(土地+建物),土:7 建:1車:0,3房2廳1衛,,無,無,住家用,陽台外推;
士林區社子街３６號三樓,,113/08/08,1880,64.77,29.02,76.06%,華廈(10層含以下有電梯),30,三層/六層,房地(土地+建物),土:1 建:1車:0,3房2廳2衛,,無,有,住家用,陽台外推;其他增建;
士林區德行東路２９號四樓,富森天母大廈,113/08/08,1945,112.76,19.67,44.91%,華廈(10層含以下有電梯),3,四層/七層,房地(土地+建物)+車位,土:1 建:1車:1,1房1廳1衛,160,有,有,住家用,
士林區中社路二段５４號二樓,,113/08/07,1300,61.69,21.07,100.00%,公寓(5樓含以下無電梯),48,二層/四層,房地(土地+建物),土:1 建:1車:0,2房2廳2衛,,無,無,住家用,
士林區中正路６３４號四樓,,113/08/07,1075,41.33,26.01,86.09%,公寓(5樓含以下無電梯),41,四層/五層,房地(土地+建物),土:1 建:1車:0,2房2廳1衛,,無,無,住家用,
士林區福德路５７巷２２號四樓,,113/08/07,800,36.68,21.81,100.00%,公寓(5樓含以下無電梯),49,"四層,陽臺/四層",房地(土地+建物),土:2 建:1車:0,3房2廳2衛,,無,無,住家用,親友、員工、共有人或其他特殊關係間之交易;頂樓加蓋;
士林區磺溪街５５巷１９號地下室,,113/08/06,5088,53.86,94.46,91.28%,公寓(5樓含以下無電梯),41,地下層/五層,房地(土地+建物),土:1 建:2車:0,4房2廳3衛,,無,無,其他,夾層;其他增建;
士林區重慶北路四段２２０巷２１弄３１號四樓,,113/08/06,320,20.16,15.87,100.00%,公寓(5樓含以下無電梯),51,四層/四層,房地(土地+建物),土:1 建:1車:0,3房1廳1衛,,無,無,住家用,親友、員工、共有人或其他特殊關係間之交易;
士林區至善路二段４６０巷１８號,,113/08/06,6800,0,84.8,,透天厝,49,全/二層,房地(土地+建物)+車位,土:5 建:1車:1,4房4廳5衛,,有,無,住家用,親友、員工、共有人或其他特殊關係間之交易;
士林區社子街２５巷３弄７號三樓,,113/08/05,1111,55.32,20.08,95.23%,公寓(5樓含以下無電梯),52,三層/四層,房地(土地+建物),土:1 建:1車:0,3房1廳1衛,,無,無,住家用,頂樓加蓋;
士林區社子街１２５巷２７號三樓,,113/08/05,1250,62.01,20.16,100.00%,公寓(5樓含以下無電梯),52,三層/三層,房地(土地+建物),土:1 建:1車:0,3房1廳1衛,,無,無,住家用,頂樓加蓋;
士林區福國路９５號六樓之２１,,113/08/05,825,74.39,11.09,100.00%,華廈(10層含以下有電梯),47,六層/八層,房地(土地+建物),土:1 建:1車:0,1房1廳1衛,,有,有,住家用,親友、員工、共有人或其他特殊關係間之交易;
士林區社中街２３１巷２３號四樓,社園,113/08/05,1840,40.97,44.91,80.14%,公寓(5樓含以下無電梯),46,四層/四層,房地(土地+建物),土:1 建:1車:0,3房2廳2衛,,無,無,住家用,頂樓加蓋;
士林區福港街２２１號四樓,,113/08/04,1700,55.8,30.47,86.07%,公寓(5樓含以下無電梯),43,四層/五層,房地(土地+建物),土:1 建:1車:0,3房2廳2衛,,無,無,住家用,其他增建;
士林區天玉街８１巷４號三樓,,113/08/04,2400,64.49,37.22,90.47%,公寓(5樓含以下無電梯),46,三層/五層,房地(土地+建物),土:1 建:1車:0,3房2廳2衛,,無,無,住家用,陽台外推;其他增建;
士林區芝玉路一段１９７巷１２號二樓,,113/08/04,2150,63.2,34.02,88.13%,公寓(5樓含以下無電梯),40,二層/五層,房地(土地+建物),土:1 建:1車:0,3房2廳2衛,,無,無,住家用,增建部分:雨遮跟鐵鋁窗其他增建;
士林區天母北路４７號四樓,,113/08/04,2828,73.86,38.29,77.54%,華廈(10層含以下有電梯),40,四層/七層,房地(土地+建物),土:1 建:1車:0,4房2廳2衛,,有,有,住家用,陽台外推;其他增建;
士林區德行東路１０９巷１１２號二樓,東坡居,113/08/03,3450,74.76,46.15,84.92%,華廈(10層含以下有電梯),40,二層/七層,房地(土地+建物),土:1 建:1車:0,4房2廳2衛,,有,有,住家用,陽台外推;其他增建;
士林區天母東路６９巷１１之６號六樓,僑資華廈,113/08/03,3750,72.73,51.56,78.82%,華廈(10層含以下有電梯),47,六層/八層,房地(土地+建物),土:4 建:1車:0,4房2廳2衛,,有,有,住家用,陽台外推;其他增建;
士林區通河街２１號二樓,圓山迎春風,113/08/03,2660,86.78,37.75,48.95%,華廈(10層含以下有電梯),12,二層/八層,房地(土地+建物)+車位,土:1 建:1車:1,2房2廳1衛,280,有,有,住家用,夾層;
士林區社子街２５巷３弄９號,,113/08/03,1820,92.38,19.7,100.00%,公寓(5樓含以下無電梯),52,一層/四層,房地(土地+建物),土:1 建:1車:0,3房2廳1衛,,無,無,住家用,其他增建;
士林區德行東路２９號二樓,富森天母大廈,113/08/03,1800,113.71,15.83,44.91%,華廈(10層含以下有電梯),3,二層/七層,房地(土地+建物),土:1 建:1車:0,1房1廳1衛,,有,有,住家用,
士林區福港街２５９巷１３弄４號,,113/08/02,2200,49.65,44.31,46.34%,公寓(5樓含以下無電梯),42,一層/五層,房地(土地+建物),土:1 建:1車:0,3房1廳1衛,,無,無,住商用,親友、員工、共有人或其他特殊關係間之交易;
士林區華齡街１８號三樓,,113/08/01,1680,70.15,23.95,100.00%,公寓(5樓含以下無電梯),51,三層/四層,房地(土地+建物),土:3 建:1車:0,3房2廳1衛,,無,無,住家用,其他增建;
士林區葫蘆街４７巷４號四樓,,113/08/01,1320,45.21,29.2,100.00%,公寓(5樓含以下無電梯),48,"四層,陽臺/四層",房地(土地+建物),土:1 建:1車:0,3房2廳1衛,,無,無,住家用,陽台外推;頂樓加蓋;其他增建;
士林區士東路２８６巷３弄１２號三樓,,113/08/01,2238,71.14,31.46,87.79%,公寓(5樓含以下無電梯),40,三層/五層,房地(土地+建物),土:1 建:1車:0,3房2廳2衛,,無,無,住家用,陽台外推;其他增建;
士林區承德路四段１巷１７號九樓,劍潭湖濱,113/08/01,1600,53.57,29.87,68.54%,華廈(10層含以下有電梯),43,九層/九層,房地(土地+建物),土:4 建:1車:0,4房2廳2衛,,有,有,住家用,
士林區中山北路六段４４１巷３０號十六樓,御上天母,113/08/01,6980,151.81,54.29,55.52%,住宅大樓(11層含以上有電梯),,十六層/十七層,房地(土地+建物)+車位,土:1 建:1車:1,,350,有,有,住家用,毛胚屋
士林區士東路２巷１１弄１７號四樓,時代大廈,113/08/01,2700,60.98,44.28,72.63%,華廈(10層含以下有電梯),42,四層/七層,房地(土地+建物),土:1 建:1車:0,4房2廳2衛,,有,有,住家用,親友、員工、共有人或其他特殊關係間之交易;
士林區天母西路２２巷２２號五樓,,113/08/01,1280,42,30.48,74.11%,公寓(5樓含以下無電梯),43,五層/五層,房地(土地+建物),土:5 建:1車:0,3房2廳2衛,,無,無,住家用,親友、員工、共有人或其他特殊關係間之交易;
士林區重慶北路四段１９０巷５弄７號三樓,,113/07/31,1450,48.05,30.18,84.71%,公寓(5樓含以下無電梯),55,三層/四層,房地(土地+建物),土:1 建:1車:0,3房2廳1衛,,無,無,住家用,陽台外推;
士林區天母東路６９巷２７號七樓,陽明曼陀林,113/07/31,3400,82.62,41.15,87.45%,華廈(10層含以下有電梯),38,七層/七層,房地(土地+建物),土:1 建:1車:0,3房3廳3衛,,有,有,住家用,陽台外推;頂樓加蓋;
士林區中山北路六段４４１巷３０號六樓之３,御上天母,113/07/30,6090,126.01,64.09,56.74%,住宅大樓(11層含以上有電梯),,六層/十七層,房地(土地+建物)+車位,土:1 建:1車:2,,690,有,有,住家用,
士林區中山北路六段４４１巷３０號十六樓之１,御上天母,113/07/30,11338,150.11,100.38,57.96%,住宅大樓(11層含以上有電梯),,十六層/十七層,房地(土地+建物)+車位,土:1 建:1車:3,,"1,050",有,有,住家用,毛胚屋;
士林區福國路１５巷２２號,東新大廈,113/07/30,2300,52.88,43.49,86.59%,華廈(10層含以下有電梯),46,一層/七層,房地(土地+建物),土:1 建:1車:0,1房1廳1衛,,無,有,住家用,親友、員工、共有人或其他特殊關係間之交易;
士林區通河東街二段１０巷５弄１９號二樓,,113/07/30,1310,47.43,27.62,97.93%,公寓(5樓含以下無電梯),50,二層/四層,房地(土地+建物),土:1 建:1車:0,3房2廳2衛,,無,無,住家用,親友、員工、共有人或其他特殊關係間之交易;
士林區承德路四段１８７號七樓,圓山皇家,113/07/29,3500,97.98,35.72,70.09%,住宅大樓(11層含以上有電梯),24,七層/十二層,房地(土地+建物),土:1 建:2車:0,3房2廳2衛,,有,有,住家用,陽台外推;其他增建;
士林區雨農路３２巷１６號二樓,,113/07/28,4200,73.68,65.65,50.20%,住宅大樓(11層含以上有電梯),10,二層/十三層,房地(土地+建物)+車位,土:1 建:1車:1,2房2廳2衛,210,有,有,住家用,陽台外推;其他增建;
士林區天玉街３９巷４號二樓,,113/07/28,3800,62.73,60.58,69.13%,華廈(10層含以下有電梯),39,二層/七層,房地(土地+建物)+車位,土:2 建:1車:1,2房2廳2衛,300,無,有,住家用,陽台外推;
士林區菁山路１００號二樓,陽明山泉,113/07/28,1720,42.21,40.75,56.11%,住宅大樓(11層含以上有電梯),25,"二層,三層/十一層",房地(土地+建物)+車位,土:1 建:1車:1,3房2廳2衛,,有,有,住家用,
士林區中山北路六段４４１巷３０號二樓之１,御上天母,113/07/27,10300,127.58,104.35,54.88%,住宅大樓(11層含以上有電梯),,二層/十七層,房地(土地+建物)+車位,土:1 建:1車:3,,"1,050",有,有,住家用,
士林區天母西路４１巷４號三樓,,113/07/27,2200,49.85,44.13,86.09%,公寓(5樓含以下無電梯),44,三層/五層,房地(土地+建物),土:1 建:1車:0,4房2廳2衛,,無,無,住家用,陽台外推;
士林區德行東路２５８號三樓之３,日日好日,113/07/26,6588,91.85,89.24,59.00%,住宅大樓(11層含以上有電梯),2,"二層,三層/十四層",房地(土地+建物)+車位,土:1 建:2車:2,3衛,650,有,有,住家用,
士林區芝玉路二段８４巷２號十一樓,翡翠天母,113/07/26,4680,77.82,60.14,68.76%,住宅大樓(11層含以上有電梯),24,十一層/十三層,房地(土地+建物)+車位,土:2 建:1車:1,3房2廳2衛,,有,有,住家用,
士林區德行西路３６號十二樓之１４,萬象之都,113/07/26,2270,70.41,32.24,32.80%,住宅大樓(11層含以上有電梯),16,十二層/十三層,房地(土地+建物)+車位,土:3 建:1車:1,1房1廳1衛,280,有,有,商業用,陽台外推;
士林區社子街２２巷６７號五樓之２,江南春,113/07/26,2150,47.29,45.47,74.08%,華廈(10層含以下有電梯),30,五層/九層,房地(土地+建物)+車位,土:1 建:1車:1,3房2廳2衛,,有,有,住家用,
士林區承德路四段６巷９５號四樓,,113/07/26,2514.5,85.85,36.19,50.31%,華廈(10層含以下有電梯),,四層/七層,房地(土地+建物)+車位,土:1 建:1車:1,2房2廳1衛,200,有,有,住家用,黃○○於113年7月21日與王○○簽訂預售屋承購權利買賣契約，契約總價為新台幣貳仟陸佰捌拾捌萬元整預售屋、或土地及建物分件登記案件;
士林區磺溪街４７巷２２號五樓,,113/07/26,830,30.81,26.94,86.58%,公寓(5樓含以下無電梯),43,五層/五層,房地(土地+建物),土:1 建:1車:0,3房2廳1衛,,無,無,住家用,親友、員工、共有人或其他特殊關係間之交易;
士林區忠誠路一段１７１巷４號二樓,蘭雅新城,113/07/25,3200,72.33,44.24,87.00%,華廈(10層含以下有電梯),32,二層/十層,房地(土地+建物),土:1 建:1車:0,3房2廳2衛,,有,有,住家用,親友、員工、共有人或其他特殊關係間之交易;
士林區天玉街１３之１號七樓,縱橫天母,113/07/23,6800,77.72,87.5,58.70%,住宅大樓(11層含以上有電梯),17,七層/十五層,房地(土地+建物)+車位,土:1 建:1車:2,4房2廳3衛,,有,有,住家用,陽台外推;其他增建;
士林區福華路１２８巷１２號五樓,,113/07/23,1818,73.18,24.84,71.59%,公寓(5樓含以下無電梯),46,五層/五層,房地(土地+建物),土:2 建:1車:0,5房2衛,,無,無,住家用,陽台外推;頂樓加蓋;其他增建;
士林區基河路１３８號五樓之５,基河馨園,113/07/23,1760,29.65,59.35,49.14%,住宅大樓(11層含以上有電梯),23,五層/十六層,房地(土地+建物)+車位,土:1 建:1車:1,3房1廳2衛,,有,有,住家用,親友、員工、共有人或其他特殊關係間之交易;
士林區士商路５號十一樓,龍躍千禧,113/07/23,4588,72.95,62.9,64.60%,住宅大樓(11層含以上有電梯),24,十一層/十三層,房地(土地+建物)+車位,土:1 建:2車:1,4房2廳2衛,,有,有,住家用,其他增建;
士林區中山北路五段６９１號七樓,中山華廈,113/07/23,5430,80.78,67.22,78.70%,住宅大樓(11層含以上有電梯),38,七層/十二層,房地(土地+建物),土:1 建:1車:0,3房2廳2衛,,有,有,商業用,
士林區仰德大道三段１２５巷５弄１７之３號,,113/07/23,498,32.47,15.34,54.18%,公寓(5樓含以下無電梯),46,一層/四層,房地(土地+建物),土:1 建:1車:0,1房1廳1衛,,有,無,住家用,
士林區基河路２４０巷８號六樓,新光雅仕堡,113/07/23,5600,77.33,72.41,68.38%,華廈(10層含以下有電梯),19,六層/十層,房地(土地+建物)+車位,土:1 建:1車:1,4房2廳2衛,,有,有,住家用,
士林區德行西路３６號三樓之３,萬象之都,113/07/22,1498,104.25,14.37,52.86%,住宅大樓(11層含以上有電梯),16,三層/十三層,房地(土地+建物),土:3 建:1車:0,,,有,有,商業用,陽台外推;夾層;
士林區中山北路七段８２巷１０弄６號四樓,森林公園,113/07/22,2430,61.81,39.32,89.66%,公寓(5樓含以下無電梯),44,四層/五層,房地(土地+建物),土:1 建:1車:0,4房2廳2衛,,無,無,住家用,陽台外推;其他增建;
士林區天母北路９巷１０號七樓,信義謙石,113/07/22,3910,113.21,37.3,58.44%,華廈(10層含以下有電梯),7,七層/七層,房地(土地+建物)+車位,土:1 建:1車:1,2房2廳2衛,200,有,有,住家用,其他增建;
士林區葫蘆街５４巷１４號,,113/07/22,1200,54.33,22.09,100.00%,公寓(5樓含以下無電梯),55,一層/三層,房地(土地+建物),土:1 建:1車:0,,,無,無,住家用,其他增建;
士林區葫蘆街５４巷１４號三樓,,113/07/22,1000,45.28,22.09,100.00%,公寓(5樓含以下無電梯),55,三層/三層,房地(土地+建物),土:1 建:1車:0,4房2廳2衛,,無,無,住家用,陽台外推;頂樓加蓋;
士林區葫蘆街５４巷１４號二樓,,113/07/22,787.5,40.75,19.32,100.00%,公寓(5樓含以下無電梯),55,二層/三層,房地(土地+建物),土:1 建:1車:0,2房1廳1衛,,無,無,住家用,親友、員工、共有人或其他特殊關係間之交易;
士林區承德路四段４０巷１３７號五樓之１３,劍潭整宅B區,113/07/22,500,46.43,10.77,91.01%,公寓(5樓含以下無電梯),54,四層/五層,房地(土地+建物),土:1 建:1車:0,2房1廳1衛,,有,無,住家用,
士林區大南路４０３號,,113/07/22,2400,62.19,38.59,69.26%,公寓(5樓含以下無電梯),45,一層/五層,房地(土地+建物),土:4 建:1車:0,,,無,無,其他,未登記建物;
士林區士東路９１巷２９號,,113/07/21,2510,82.37,30.47,83.44%,公寓(5樓含以下無電梯),40,一層/五層,房地(土地+建物),土:2 建:1車:0,3房2廳2衛,,無,無,其他,三玉段三小段275-2地號為道路用地(公共設施用地)
士林區德行東路３５８巷８弄９號,,113/07/21,3066,65.78,46.61,87.93%,公寓(5樓含以下無電梯),36,"一層,二層,三層/五層",房地(土地+建物)+車位,土:1 建:1車:1,5房2廳3衛,,有,無,住家用,陽台外推;其他增建;
士林區德行東路３１號三樓,富森天母大廈,113/07/21,2068,111.34,20.98,43.11%,華廈(10層含以下有電梯),3,三層/七層,房地(土地+建物)+車位,土:1 建:1車:1,1房1廳1衛,160,有,有,住家用,
士林區通河東街一段１６７巷１６弄１８號五樓之２,,113/07/21,1935,57.15,33.86,81.48%,公寓(5樓含以下無電梯),45,五層/五層,房地(土地+建物),土:1 建:1車:0,3房2廳2衛,,無,無,住家用,陽台外推;頂樓加蓋;其他增建;
士林區中山北路六段４４１巷３０號十一樓,御上天母,113/07/21,6830,143.05,64.08,56.72%,住宅大樓(11層含以上有電梯),,十一層/十七層,房地(土地+建物)+車位,土:1 建:1車:2,,700,有,有,住家用,毛胚屋;
士林區中山北路六段４４１巷３０號十一樓之１,御上天母,113/07/21,11420,143.02,104.35,54.88%,住宅大樓(11層含以上有電梯),,十一層/十七層,房地(土地+建物)+車位,土:1 建:1車:3,,"1,050",有,有,住家用,毛胚屋;
士林區中山北路七段１４巷１５號七樓之４,錦龍,113/07/20,2850,87.55,32.55,81.52%,華廈(10層含以下有電梯),47,七層/七層,房地(土地+建物),土:1 建:1車:0,3房2廳2衛,,無,有,住家用,鐵鋁窗陽台外推;其他增建;
士林區中山北路七段１４１巷１７之３號地下一層,,113/07/20,1400,60.05,23.31,98.20%,華廈(10層含以下有電梯),44,地下層/七層,房地(土地+建物),土:1 建:1車:0,2房2廳1衛,,有,有,其他,其他增建;
士林區福港街２７７巷１０弄１號三樓,,113/07/20,1990,60.49,32.9,87.13%,公寓(5樓含以下無電梯),46,三層/四層,房地(土地+建物),土:1 建:1車:0,3房2廳2衛,,無,無,住家用,陽台外推;其他增建;
士林區中山北路七段１１４巷１０弄３號,,113/07/20,1938,75.03,25.83,100.00%,公寓(5樓含以下無電梯),49,"一層,平台/四層",房地(土地+建物),土:1 建:1車:0,2房2廳2衛,,無,無,住家用,其他增建;
士林區大西路４２之１號,,113/07/20,1468,0,12.78,,透天厝,57,全/三層,房地(土地+建物),土:1 建:1車:0,4廳2衛,,無,無,住商用,其他增建;
士林區德行西路３６號九樓之２,萬象之都,113/07/19,1388,112.65,12.32,52.52%,住宅大樓(11層含以上有電梯),16,九層/十三層,房地(土地+建物),土:3 建:1車:0,1廳1衛,,有,有,商業用,其他增建;
士林區中山北路五段５１６號七樓,欣翰士林官邸,113/07/18,14550,95.48,171.67,49.75%,住宅大樓(11層含以上有電梯),9,七層/十二層,房地(土地+建物)+車位,土:1 建:1車:3,,900,有,有,辦公用,
士林區天母西路３８巷９號五樓,天母自在,113/07/18,5000,111.09,45.01,51.57%,住宅大樓(11層含以上有電梯),7,五層/十一層,房地(土地+建物),土:1 建:1車:0,3房2廳2衛,,有,有,住家用,其他增建;
士林區德行東路９０巷２７弄９號三樓,,113/07/18,2360,69.73,33.85,76.14%,公寓(5樓含以下無電梯),44,三層/五層,房地(土地+建物),土:1 建:1車:0,3房2廳2衛,,無,無,住家用,陽台外推;
士林區通河西街二段１１７號四樓,,113/07/18,1350,58.76,22.97,84.19%,公寓(5樓含以下無電梯),46,四層/四層,房地(土地+建物),土:2 建:1車:0,2房2廳1衛,,無,無,住家用,陽台外推;頂樓加蓋;其他增建;
士林區中山北路七段８１巷１１號十二樓,天母星鑽,113/07/18,6980,67.91,119.36,96.01%,住宅大樓(11層含以上有電梯),32,"十二層,十三層/十九層",房地(土地+建物)+車位,土:1 建:1車:2,4房,500,有,有,住家用,親友、員工、共有人或其他特殊關係間之交易;
士林區承德路四段４０巷１號二樓之３,劍潭整宅貳期,113/07/18,339,36.5,9.29,89.58%,華廈(10層含以下有電梯),52,二層/五層,房地(土地+建物),土:1 建:1車:0,1房1廳1衛,,有,有,住家用,親友、員工、共有人或其他特殊關係間之交易;
士林區德行東路２８４巷７號四樓,,113/07/18,1100,29.83,36.88,81.49%,公寓(5樓含以下無電梯),41,四層/五層,房地(土地+建物),土:1 建:1車:0,3房2廳1衛,,無,無,住家用,親友、員工、共有人或其他特殊關係間之交易;
士林區福國路９５號五樓之２２,,113/07/17,1100,25.73,42.75,92.73%,華廈(10層含以下有電梯),47,五層/八層,房地(土地+建物),土:1 建:2車:0,2房2廳2衛,,有,有,住家用,親友、員工、共有人或其他特殊關係間之交易;
士林區後港街１６１號四樓之３,圓山森鄰,113/07/17,1000,22.33,44.78,62.22%,住宅大樓(11層含以上有電梯),14,四層/十四層,房地(土地+建物)+車位,土:1 建:1車:1,4房1廳2衛,,有,有,商業用,親友、員工、共有人或其他特殊關係間之交易;
士林區後港街１６１號二樓之１,圓山森鄰,113/07/17,1000,18.77,53.27,58.71%,住宅大樓(11層含以上有電梯),14,二層/十四層,房地(土地+建物)+車位,土:1 建:1車:2,5房2廳2衛,,有,有,商業用,親友、員工、共有人或其他特殊關係間之交易;
士林區中山北路七段１００巷６號三樓,,113/07/17,510,47.94,10.64,100.00%,公寓(5樓含以下無電梯),49,"三層,陽臺/四層",房地(土地+建物),土:1 建:1車:0,3房1廳1衛,,無,無,住家用,移轉讓1/3親友、員工、共有人或其他特殊關係間之交易;
士林區延平北路五段２８５巷７９號四樓,,113/07/16,1490,55.92,26.64,83.11%,公寓(5樓含以下無電梯),44,四層/四層,房地(土地+建物),土:1 建:1車:0,2房2廳2衛,,無,無,住家用,陽台外推;頂樓加蓋;
士林區延平北路五段２１８號三樓,,113/07/16,2009,50.44,39.83,97.58%,公寓(5樓含以下無電梯),53,三層/四層,房地(土地+建物),土:2 建:1車:0,4房1廳3衛,,無,無,住家用,其他增建;
士林區福華路２８３號五樓,,113/07/16,2400,72.4,33.15,88.96%,公寓(5樓含以下無電梯),46,五層/五層,房地(土地+建物),土:1 建:1車:0,3房2廳2衛,,無,無,住家用,陽台外推;其他增建;
士林區中社路二段１７巷１５號,,113/07/16,1700,0,31.38,,透天厝,49,全/一層,房地(土地+建物),土:1 建:1車:0,4房2廳2衛,,無,無,住家用,其他增建;
士林區福志路５２巷８號四樓,新興,113/07/16,1996,63.02,31.67,84.35%,公寓(5樓含以下無電梯),40,四層/五層,房地(土地+建物),土:1 建:1車:0,3房2廳2衛,,有,無,住家用,其他增建:雨遮、鐵鋁窗其他增建;
士林區士東路８０號,,113/07/16,5341,0,41.08,,透天厝,57,全/二層,房地(土地+建物),土:1 建:1車:0,3房2廳2衛,,無,無,住家用,親友、員工、共有人或其他特殊關係間之交易;
士林區東山路１２０巷５號五樓,,113/07/15,1875,52.11,35.98,83.23%,公寓(5樓含以下無電梯),40,五層/五層,房地(土地+建物),土:1 建:1車:0,3房2廳2衛,,無,無,住家用,親友、員工、共有人或其他特殊關係間之交易;
士林區大南路２７５號三樓,,113/07/15,1350,55.67,24.25,100.00%,公寓(5樓含以下無電梯),54,三層/三層,房地(土地+建物),土:1 建:1車:0,2房1廳1衛,,無,無,住家用,其他增建;
士林區通河街２１號三樓,圓山迎春風,113/07/15,2688,88.61,37.83,48.80%,華廈(10層含以下有電梯),12,三層/八層,房地(土地+建物)+車位,土:1 建:1車:1,2房2廳1衛,250,有,有,住家用,夾層;其他增建;
士林區社子街２５巷３弄１０號,,113/07/15,1458,76.65,19.02,100.00%,公寓(5樓含以下無電梯),52,一層/四層,房地(土地+建物),土:1 建:1車:0,2房2廳1衛,,無,無,住家用,其他增建;
士林區前港街１１０巷２０號二樓,,113/07/15,2200,73.18,30.06,89.90%,公寓(5樓含以下無電梯),47,二層/四層,房地(土地+建物),土:1 建:1車:0,3房2廳3衛,,無,無,住家用,陽台外推;其他增建;
士林區天母東路１之５號二樓,,113/07/15,2500,61.46,40.68,75.33%,華廈(10層含以下有電梯),44,二層/七層,房地(土地+建物),土:1 建:1車:0,3房2廳2衛,,無,有,住家用,
士林區天母東路８巷２１號二樓之１,華琪,113/07/14,2450,63.54,38.56,92.26%,華廈(10層含以下有電梯),48,"二層,陽臺/七層",房地(土地+建物)+車位,土:2 建:1車:1,2房2廳2衛,250,有,有,住家用,陽台外推;
士林區通河街３２５巷６６之３號,劍潭國宅D區,113/07/14,540,60.55,8.92,89.15%,公寓(5樓含以下無電梯),54,三層/五層,房地(土地+建物),土:1 建:1車:0,1房1廳1衛,,無,無,住家用,陽台外推;
士林區通河街２１號六樓,圓山迎春風,113/07/14,2740,89.41,37.83,48.80%,華廈(10層含以下有電梯),12,六層/八層,房地(土地+建物)+車位,土:1 建:1車:1,2房2廳1衛,280,有,有,住家用,夾層;其他增建;
士林區天母西路８９號九樓,聯上聽瀑,113/07/14,9000,92.21,129.14,52.91%,華廈(10層含以下有電梯),11,九層/十層,房地(土地+建物)+車位,土:3 建:1車:4,3房2廳2衛,"1,200",有,有,住家用,其他增建;
士林區海光里３１鄰延平北路五段３３號,,113/07/14,2940,113.12,25.99,100.00%,公寓(5樓含以下無電梯),53,"一層,騎樓/四層",房地(土地+建物),土:2 建:1車:0,1廳1衛,,無,無,住家用,其他增建;
士林區重慶北路四段２２２號十二樓之１,士科京璽,113/07/14,2080,76.84,27.07,52.79%,住宅大樓(11層含以上有電梯),7,十二層/十四層,房地(土地+建物),土:2 建:1車:0,2房1廳1衛,,有,有,住家用,其他增建;
士林區通河西街二段２３２之１號,,113/07/14,1600,35.6,44.94,77.54%,公寓(5樓含以下無電梯),48,"一層,平台/一層",房地(土地+建物),土:1 建:1車:0,3房1廳1衛,,無,無,工業用,親友、員工、共有人或其他特殊關係間之交易;
士林區天母北路９巷１號四樓,天母都朵,113/07/14,3600,65.2,55.22,13.20%,華廈(10層含以下有電梯),8,四層/四層,房地(土地+建物),土:1 建:2車:0,4房1廳4衛,,有,有,住家用,土地交易價款：2160萬 建物交易價款：1440萬 本案公共設施面積含有約定專用空間(三層)每層面積約4.5坪，5、6、7層房間數每層一個
士林區社子街６３巷１１號五樓,,113/07/14,1250,34.85,35.87,79.56%,公寓(5樓含以下無電梯),43,五層/五層,房地(土地+建物),土:3 建:1車:0,3房2廳1衛,,無,無,住家用,親友、員工、共有人或其他特殊關係間之交易;
士林區中社路二段１０７號三樓,,113/07/14,1588,51.01,31.13,100.00%,公寓(5樓含以下無電梯),49,三層/四層,房地(土地+建物),土:1 建:1車:0,2房2廳1衛,,無,無,住家用,陽台外推;
士林區承德路五段４４號,,113/07/14,2800,51.31,54.57,65.25%,公寓(5樓含以下無電梯),46,一層/四層,房地(土地+建物),土:1 建:1車:0,3房2廳2衛,,無,無,住家用,
士林區中山北路七段１９０巷８之５號,陽德大廈,113/07/13,2538,75.28,33.71,73.19%,華廈(10層含以下有電梯),43,一層/七層,房地(土地+建物),土:1 建:1車:0,4房1廳2衛,,有,有,住家用,其他增建：平台增建。 管理委員會未向北市府報備。其他增建;
士林區中山北路六段１５７巷１１號六樓之５,天母樂活,113/07/13,3690,94.45,48.75,58.90%,住宅大樓(11層含以上有電梯),16,六層/十五層,房地(土地+建物)+車位,土:1 建:1車:1,,300,有,有,商業用,
士林區士東路２６６巷６弄１６號六樓,太平洋芝蘭園,113/07/13,2798,75.15,37.23,80.48%,華廈(10層含以下有電梯),43,六層/七層,房地(土地+建物),土:1 建:1車:0,3房2廳2衛,,有,有,住家用,其他增建;
士林區天母東路８巷３０弄１５號三樓,,113/07/13,2380,77.74,30.61,88.26%,公寓(5樓含以下無電梯),41,三層/五層,房地(土地+建物),土:3 建:1車:0,3房2廳2衛,,無,無,住家用,其他增建;
士林區雨農路１７之３號五樓,,113/07/13,3750,60.65,61.83,76.57%,華廈(10層含以下有電梯),41,五層/七層,房地(土地+建物)+車位,土:2 建:1車:1,4房2廳2衛,,有,有,住家用,陽台外推;
士林區社中街２９８巷４弄２７之１號二樓,,113/07/13,1080,47.26,22.85,78.95%,公寓(5樓含以下無電梯),46,二層/四層,房地(土地+建物),土:1 建:1車:0,2房2廳1衛,,無,無,住家用,其他增建;
士林區環河北路三段２０３號四樓之２,京水灩,113/07/13,2490,55.29,52.75,54.25%,住宅大樓(11層含以上有電梯),12,四層/十一層,房地(土地+建物)+車位,土:2 建:1車:1,3房2廳2衛,250,有,有,住家用,其他增建;
士林區德行西路３６號九樓之１,萬象之都,113/07/13,1195,108.83,10.98,52.59%,住宅大樓(11層含以上有電梯),16,九層/十三層,房地(土地+建物),土:3 建:1車:0,,,有,有,商業用,陽台外推;
士林區天母北路９巷８號三樓之１,信義謙石,113/07/13,2288,115.12,22.67,57.72%,華廈(10層含以下有電梯),7,三層/七層,房地(土地+建物)+車位,土:1 建:1車:1,1房2廳1衛,200,有,有,住家用,
士林區承德路四段４０巷２號二樓之５,劍潭整宅B區,113/07/12,270,41.67,6.48,95.05%,公寓(5樓含以下無電梯),54,一層/五層,房地(土地+建物)+車位,土:2 建:1車:1,1房1廳1衛,,無,無,住家用,親友、員工、共有人或其他特殊關係間之交易;
士林區中正路６７０號九樓,,113/07/12,1470,70.23,20.93,65.92%,住宅大樓(11層含以上有電梯),25,九層/十三層,房地(土地+建物),土:2 建:1車:0,2房1廳1衛,,有,有,住家用,陽台外推;
士林區承德路四段２９７巷２１號,,113/07/12,1248,85.15,14.66,100.00%,公寓(5樓含以下無電梯),55,一層/三層,房地(土地+建物),土:1 建:1車:0,3房1廳1衛,,無,無,住家用,其他增建;
士林區通河西街一段１２７號四樓,,113/07/12,650,25.1,25.9,100.00%,公寓(5樓含以下無電梯),51,四層/四層,房地(土地+建物),土:1 建:1車:0,2房2廳1衛,,無,無,住家用,親友、員工、共有人或其他特殊關係間之交易;
士林區忠義街１１３之１號六樓,桃花源,113/07/11,2480,73.47,33.76,81.18%,華廈(10層含以下有電梯),40,六層/七層,房地(土地+建物),土:1 建:1車:0,3房2廳2衛,,有,有,住家用,其他增建;
士林區中山北路六段４４１巷３０號四樓之３,御上天母,113/07/11,6117,126.41,64.09,56.74%,住宅大樓(11層含以上有電梯),,四層/十七層,房地(土地+建物)+車位,土:1 建:1車:2,,700,有,有,住家用,毛胚屋;
士林區中山北路六段４４１巷３０號二樓,御上天母,113/07/11,6186,128.02,64.08,56.72%,住宅大樓(11層含以上有電梯),,二層/十七層,房地(土地+建物)+車位,土:1 建:1車:2,,700,有,有,住家用,
士林區中山北路六段２７７巷１８弄３號四樓,,113/07/10,1850,65.73,28.14,100.00%,公寓(5樓含以下無電梯),44,四層/五層,房地(土地+建物),土:1 建:1車:0,3房2廳1衛,,無,無,住家用,其他增建;
士林區中山北路六段４４１巷３０號九樓之３,御上天母,113/07/10,6468,134.6,64.09,56.74%,住宅大樓(11層含以上有電梯),,九層/十七層,房地(土地+建物)+車位,土:1 建:1車:2,,700,有,有,住家用,
士林區基河路３０２號十一樓,達麗陽明大苑,113/07/09,6083,131.07,53.62,58.70%,住宅大樓(11層含以上有電梯),,十一層/十九層,房地(土地+建物)+車位,土:1 建:1車:1,3房2廳2衛,320,有,有,住家用,
士林區芝玉路一段１９７巷２５弄１０號二樓,,113/07/09,1250,60.63,20.62,75.41%,公寓(5樓含以下無電梯),40,二層/五層,房地(土地+建物),土:1 建:1車:0,2房1廳1衛,,無,無,住家用,
士林區承德路四段３巷１９號,,113/07/09,875,52.39,16.7,100.00%,公寓(5樓含以下無電梯),,一層/三層,房地(土地+建物),土:2 建:1車:0,2房2廳1衛,,無,無,,親友、員工、共有人或其他特殊關係間之交易;
士林區中山北路七段８２巷１０弄８號五樓,森林公園,113/07/09,2750,58.72,46.83,77.50%,公寓(5樓含以下無電梯),44,五層/五層,房地(土地+建物),土:1 建:1車:0,3房2廳2衛,,無,無,住家用,頂樓加蓋;其他增建;
士林區中山北路七段１４巷６３弄２３號四樓,羅馬儷園,113/07/08,1450,56.23,25.79,76.56%,公寓(5樓含以下無電梯),40,四層/五層,房地(土地+建物),土:1 建:1車:0,2房2廳1衛,,無,無,住家用,
士林區葫蘆街９０號二樓,,113/07/08,1250,56.02,22.31,100.00%,公寓(5樓含以下無電梯),50,二層/四層,房地(土地+建物),土:1 建:1車:0,3房2廳1衛,,無,無,住家用,其他增建;
士林區東山路２５巷３６之１號,,113/07/08,15700,0,113.87,,透天厝,52,全/二層,房地(土地+建物),土:1 建:1車:0,5房3廳6衛,,無,無,住家用,其他增建:一樓空地增建、二樓陽台增建、露台增建其他增建;
士林區中山北路六段２１２號三樓,國際名園,113/07/08,5758,78.65,78.6,61.53%,住宅大樓(11層含以上有電梯),20,三層/十四層,房地(土地+建物)+車位,土:1 建:1車:1,4房2廳3衛,300,有,有,住家用,
士林區承德路四段１７９巷７號二樓,,113/07/08,10000,52.42,190.78,44.82%,華廈(10層含以下有電梯),27,"二層,電梯樓梯間/十層",房地(土地+建物)+車位,土:1 建:1車:2,4房3廳2衛,,有,有,住家用,
士林區士東路９１巷４５號四樓,,113/07/08,2315,51.11,45.29,81.99%,公寓(5樓含以下無電梯),40,四層/五層,房地(土地+建物),土:2 建:1車:0,3房2廳2衛,,無,無,住家用,陽台外推;
士林區重慶北路四段７０號,,113/07/07,4158,0,127.56,,透天厝,52,全/四層,房地(土地+建物),土:1 建:1車:0,6房4廳4衛,,無,無,住家用,地下室其他增建;
士林區社中街１５２巷３２之１號,葫蘆奇蹟,113/07/07,938,74.66,12.56,69.54%,華廈(10層含以下有電梯),29,一層/七層,房地(土地+建物),土:1 建:1車:0,1房1廳1衛,,有,有,住家用,陽台外推;夾層;其他增建;
士林區天玉街３８巷１６弄３號三樓,,113/07/07,1818,72.91,24.94,83.74%,公寓(5樓含以下無電梯),45,三層/五層,房地(土地+建物),土:1 建:1車:0,3房2廳2衛,,無,無,住家用,陽台外推;其他增建;
士林區中山北路六段４４１巷３０號六樓,御上天母,113/07/07,6100,134.41,53.48,56.67%,住宅大樓(11層含以上有電梯),,六層/十七層,房地(土地+建物)+車位,土:1 建:1車:1,,340,有,有,住家用,毛胚屋
士林區中山北路七段１１４巷４１弄１７號三樓,,113/07/07,3020,60.66,49.78,52.77%,華廈(10層含以下有電梯),28,三層/六層,房地(土地+建物)+車位,土:1 建:1車:1,3房2廳2衛,,無,有,住家用,陽台外推;
士林區士東路４６巷３７號二樓,,113/07/06,2560,66.74,38.36,84.30%,公寓(5樓含以下無電梯),43,二層/五層,房地(土地+建物),土:2 建:1車:0,3房3廳2衛,,無,無,住家用,陽台外推;
士林區華齡街１８５巷１２號九樓,國家園首元首特區,113/07/06,2960,80.55,36.75,61.17%,住宅大樓(11層含以上有電梯),16,九層/十五層,房地(土地+建物)+車位,土:1 建:1車:1,2房2廳1衛,,有,有,住家用,其他增建;
士林區天母北路４巷１號,齊賢華廈A棟,113/07/06,3710,78.67,47.16,62.32%,公寓(5樓含以下無電梯),47,一層/五層,房地(土地+建物),土:1 建:1車:0,2房3廳3衛,,無,無,住家用,其他增建;
士林區中山北路六段４４１巷３０號九樓,御上天母,113/07/06,6800,142.35,64.09,56.74%,住宅大樓(11層含以上有電梯),,九層/十七層,房地(土地+建物)+車位,土:1 建:1車:2,,700,有,有,住家用,毛胚屋
士林區中山北路六段７２８巷１０號四樓,天母皇室,113/07/06,6268,83.39,75.17,57.55%,華廈(10層含以下有電梯),25,四層/八層,房地(土地+建物)+車位,土:1 建:1車:1,4房2廳2衛,300,有,有,住家用,其他增建：鐵鋁窗增建。陽台外推;其他增建;
士林區大南路４０８巷１３號三樓,,113/07/06,1608,52.67,30.53,100.00%,公寓(5樓含以下無電梯),53,三層/四層,房地(土地+建物),土:1 建:1車:0,3房2廳1衛,,無,無,住家用,親友、員工、共有人或其他特殊關係間之交易;
士林區忠誠路二段１４０巷１５弄１４號,,113/07/06,5400,0,47.95,,透天厝,49,全/二層,房地(土地+建物),土:1 建:1車:0,6房2廳3衛,,無,無,住家用,
士林區德行西路５０號七樓之３,萬象之都,113/07/05,1650,112.58,14.66,53.31%,住宅大樓(11層含以上有電梯),16,七層/十三層,房地(土地+建物),土:3 建:1車:0,1廳1衛,,有,有,商業用,
士林區承德路四段８０巷４１號,,113/07/05,1900,70.27,27.04,100.00%,公寓(5樓含以下無電梯),55,"一層,騎樓/四層",房地(土地+建物),土:1 建:1車:0,,,無,無,住家用,親友、員工、共有人或其他特殊關係間之交易;
士林區中社路一段５２號四樓,,113/07/05,1025,48.34,21.2,100.00%,公寓(5樓含以下無電梯),49,四層/四層,房地(土地+建物),土:1 建:1車:0,3房2廳1衛,,無,無,住家用,
士林區仰德大道一段９１巷７弄１號,,113/07/04,4380,172.72,25.36,100.00%,公寓(5樓含以下無電梯),61,一層/一層,房地(土地+建物),土:1 建:1車:0,5房2廳4衛,,無,無,住家用,"建物說明:一樓3房1廳2衛,二樓增建2房1廳2衛其他增建;未登記建物;"
士林區菁山路５３之３號五樓,陽明帝景,113/07/04,3688,51.62,86.42,63.63%,華廈(10層含以下有電梯),15,五層/五層,房地(土地+建物)+車位,土:1 建:1車:2,1房1廳1衛,500,有,有,住家用,親友、員工、共有人或其他特殊關係間之交易;
士林區中山北路六段４４１巷３０號二樓之２,御上天母,113/07/04,9618,92.15,104.37,38.13%,住宅大樓(11層含以上有電梯),,二層/十七層,房地(土地+建物)+車位,土:1 建:1車:3,,"1,020",有,有,住家用,車位編號7號、車位編號8號、車位編號9號
士林區中山北路六段４４１巷３０號二樓之３,御上天母,113/07/04,5780,90.18,64.09,37.94%,住宅大樓(11層含以上有電梯),,二層/十七層,房地(土地+建物)+車位,土:1 建:1車:2,,680,有,有,住家用,車位編號5號、車位編號6號。
士林區前街４３巷５號,,113/07/03,1200,0,7.56,,透天厝,67,全/一層,房地(土地+建物),土:1 建:1車:0,1房1廳1衛,,無,無,住家用,一樓有增建(外推)其他增建;
士林區中山北路六段３５巷４４號五樓,,113/07/03,1800,64.07,28.09,94.76%,公寓(5樓含以下無電梯),45,五層/五層,房地(土地+建物),土:2 建:1車:0,3房2廳1衛,,無,無,住家用,頂樓加蓋;
士林區福華路１５８號七樓之１,天母頂極,113/07/03,4300,81.89,52.51,58.23%,住宅大樓(11層含以上有電梯),20,七層/十二層,房地(土地+建物)+車位,土:1 建:1車:1,3房1廳2衛,,有,有,住家用,陽台外推;
士林區福港街１１０巷１弄５號二樓,,113/07/02,1110,41.6,26.68,79.63%,公寓(5樓含以下無電梯),46,二層/四層,房地(土地+建物),土:2 建:1車:0,3房3廳2衛,,無,無,工業用,陽台外推;其他增建;
士林區承德路四段５８巷３８號四樓,,113/07/02,1600,60.71,26.35,100.00%,公寓(5樓含以下無電梯),54,四層/四層,房地(土地+建物),土:1 建:1車:0,3房2廳2衛,,無,無,住家用,陽台加窗。其他增建;
士林區中社路二段９１巷１３號二樓,,113/07/01,1290,41.1,31.38,100.00%,公寓(5樓含以下無電梯),48,二層/四層,房地(土地+建物),土:1 建:1車:0,4房2廳2衛,,無,無,住家用,其他增建;
士林區中山北路六段４４１巷３０號八樓之２,御上天母,113/07/01,10660,132.54,104.35,54.88%,住宅大樓(11層含以上有電梯),,八層/十七層,房地(土地+建物)+車位,土:1 建:1車:3,,"1,050",有,有,住家用,毛胚屋;
士林區通河街５６號五樓,,113/07/01,1558,60.54,25.73,96.17%,公寓(5樓含以下無電梯),52,五層/五層,房地(土地+建物),土:1 建:1車:0,2房2廳1衛,,無,無,住家用,頂樓加蓋;其他增建;
士林區福港街２７２巷１６號四樓,,113/06/30,1930,50.02,38.59,83.22%,公寓(5樓含以下無電梯),47,四層/四層,房地(土地+建物),土:1 建:1車:0,4房2廳2衛,,無,無,住家用,陽台外推;其他增建;
士林區中山北路五段５５７號三樓,長虹虹頂,113/06/30,17880,120.37,176.66,68.53%,住宅大樓(11層含以上有電梯),13,三層/十九層,房地(土地+建物)+車位,土:2 建:1車:4,1廳4衛,"1,200",有,有,住家用,
士林區格致路２０３號三樓之６,大衛營,113/06/30,690,31.48,21.92,30.09%,華廈(10層含以下有電梯),28,三層/十層,房地(土地+建物)+車位,土:1 建:1車:1,1房1廳1衛,150,有,有,住家用,陽台外推;夾層;其他增建;
士林區中山北路六段１５７巷１１號七樓之２,天母樂活,113/06/30,3568,105.03,43.97,56.54%,住宅大樓(11層含以上有電梯),16,七層/十五層,房地(土地+建物)+車位,土:1 建:1車:1,2房2廳1衛,300,有,有,商業用,其他增建;
士林區德行西路３６號六樓之１,萬象之都,113/06/30,1165,106.09,10.98,52.59%,住宅大樓(11層含以上有電梯),16,六層/十三層,房地(土地+建物),土:3 建:1車:0,,,有,有,商業用,陽台外推;
士林區葫蘆街４１號五樓,,113/06/30,1350,48.39,27.9,88.43%,公寓(5樓含以下無電梯),44,五層/五層,房地(土地+建物),土:1 建:1車:0,3房2廳1衛,,無,無,住家用,頂樓加蓋;
士林區中山北路六段２９０巷７弄２１號五樓,天母琴園二,113/06/29,2766,71.73,38.56,65.88%,華廈(10層含以下有電梯),26,五層/六層,房地(土地+建物)+車位,土:1 建:1車:1,2房1廳1衛,,無,有,住家用,陽台外推;其他增建;
士林區中山北路六段４４１巷３０號四樓,御上天母,113/06/29,6460,134.42,64.09,56.74%,住宅大樓(11層含以上有電梯),,四層/十七層,房地(土地+建物)+車位,土:1 建:1車:2,,700,有,有,住家用,毛胚屋;
士林區延平北路五段３０７號,勝得大樓,113/06/29,5500,71.8,76.6,54.42%,華廈(10層含以下有電梯),37,"一層,騎樓/七層",房地(土地+建物),土:2 建:4車:0,,,無,有,商業用,其他增建:平台、內梯其他增建;
士林區中山北路七段８１巷４１弄７之３號四樓,華馨雅築,113/06/29,2780,78.11,35.59,89.94%,華廈(10層含以下有電梯),46,四層/五層,房地(土地+建物),土:2 建:1車:0,3房2廳2衛,,有,有,住家用,陽台外推;其他增建;
士林區中山北路六段４４１巷３０號九樓之２,御上天母,113/06/29,10200,135.74,91.22,56.82%,住宅大樓(11層含以上有電梯),,九層/十七層,房地(土地+建物)+車位,土:1 建:1車:2,,700,有,有,住家用,
士林區德行東路１０９巷７３弄５號二樓,,113/06/28,2530,73.85,34.26,100.00%,公寓(5樓含以下無電梯),47,"二層,陽臺/四層",房地(土地+建物),土:1 建:1車:0,3房2廳2衛,,無,無,住家用,陽台外推;其他增建;
士林區中山北路六段４０５巷８８號十二樓之２,新美齊心岳,113/06/28,6998,113.73,61.53,59.62%,住宅大樓(11層含以上有電梯),1,十二層/十四層,房地(土地+建物),土:1 建:1車:0,3房2廳3衛,,有,有,住家用,
士林區通河西街二段２３０號,,113/06/28,5800,0,187.02,,透天厝,51,全/四層,房地(土地+建物),土:2 建:1車:0,6房8廳3衛,,無,無,工業用,頂樓加蓋;其他增建;
士林區中山北路七段８１巷１６弄２０號十一樓,天母上苑,113/06/28,2160,102.27,30.37,62.78%,住宅大樓(11層含以上有電梯),,十一層/十二層,房地(土地+建物)+車位,土:1 建:1車:1,2房1廳2衛,255,有,有,住家用,預售屋、或土地及建物分件登記案件;
士林區葫蘆街７０巷１６號,,113/06/28,1855,65.99,28.11,87.35%,公寓(5樓含以下無電梯),46,一層/四層,房地(土地+建物),土:1 建:1車:0,4房2廳1衛,,無,無,住家用,壹樓空地、平台、防火巷、停車場變更做室內使用其他增建;
士林區福港街１０３號一樓,,113/06/27,2400,98.56,24.35,100.00%,公寓(5樓含以下無電梯),48,"一層,騎樓/四層",房地(土地+建物),土:1 建:1車:0,,,無,無,住家用,陽台外推;
士林區天母東路６１巷３號五樓之４,村上春樹,113/06/27,945,41.7,22.66,24.87%,華廈(10層含以下有電梯),29,五層/五層,房地(土地+建物)+車位,土:1 建:1車:1,1房1廳1衛,200,無,有,住家用,陽台外推;其他增建;
士林區天母北路５６號二十樓之１,聯上天母,113/06/27,2550,109.76,23.23,59.83%,住宅大樓(11層含以上有電梯),4,二十層/二十四層,房地(土地+建物),土:1 建:1車:0,1房1廳1衛,,有,有,住家用,
士林區芝玉路一段２２６號九樓之２,遠雄天母,113/06/27,6288,91.37,82.58,62.13%,住宅大樓(11層含以上有電梯),16,九層/十八層,房地(土地+建物)+車位,土:1 建:1車:3,3房2廳2衛,650,有,有,住家用,車位價格合計為新台幣650萬元整，不分別拆價。
士林區福林路１００巷７０號五樓之１,士林官邸,113/06/27,4920,76.41,64.39,67.52%,華廈(10層含以下有電梯),15,五層/七層,房地(土地+建物)+車位,土:1 建:1車:1,4房2廳2衛,,有,有,住家用,
士林區至誠路二段２６號二樓,,113/06/26,2280,64.91,35.12,88.50%,公寓(5樓含以下無電梯),47,二層/四層,房地(土地+建物),土:1 建:1車:0,5房5衛,,無,無,住家用,陽台外推;其他增建;
士林區延平北路五段２２４巷３１號,,113/06/26,700,0,19.9,,透天厝,63,全/二層,房地(土地+建物),土:1 建:1車:0,2房1廳1衛,,無,無,住家用,親友、員工、共有人或其他特殊關係間之交易;
士林區中正路５２７號九樓,圓山之星,113/06/26,1640,61.32,26.75,69.37%,住宅大樓(11層含以上有電梯),37,九層/十一層,房地(土地+建物),土:1 建:1車:0,2房1廳1衛,,有,有,住家用,
士林區中山北路六段４４１巷３０號十樓,御上天母,113/06/26,6830,143.05,64.09,56.74%,住宅大樓(11層含以上有電梯),,十層/十七層,房地(土地+建物)+車位,土:1 建:1車:2,,700,有,有,住家用,毛胚屋;
士林區通河東街一段３２號二樓,,113/06/26,1480,68.38,21.64,100.00%,公寓(5樓含以下無電梯),47,二層/四層,房地(土地+建物),土:1 建:1車:0,2房1廳2衛,,無,無,住家用,其他增建;
士林區延平北路九段２０１號,,113/06/25,1300,49.71,26.15,93.13%,公寓(5樓含以下無電梯),50,一層/二層,房地(土地+建物),土:2 建:1車:0,4房1廳1衛,,無,無,住家用,土地建物分開計價:土地價金1100萬，建物價金200萬
士林區延平北路九段２０１號二樓,,113/06/25,1300,49.71,26.15,93.13%,公寓(5樓含以下無電梯),50,二層/二層,房地(土地+建物),土:2 建:1車:0,2房1廳1衛,,無,無,住家用,土地建物分開計價:土地價金1100萬，建物價金200萬
士林區天母北路５６號十八樓之２,聯上天母,113/06/25,6760,115.56,67.42,51.62%,住宅大樓(11層含以上有電梯),4,十八層/二十四層,房地(土地+建物)+車位,土:1 建:1車:1,3房2廳2衛,325,有,有,住家用,
士林區忠誠路二段４２之１號十一樓,,113/06/25,5858,101.33,63.88,89.41%,住宅大樓(11層含以上有電梯),37,十一層/十七層,房地(土地+建物)+車位,土:1 建:1車:1,3房2廳2衛,400,有,有,住家用,
士林區天母東路５０巷３５號二樓,,113/06/25,30672.1,67.55,454.06,90.44%,公寓(5樓含以下無電梯),40,二層/五層,房地(土地+建物),土:1 建:13車:0,42房26廳26衛,,無,無,住家用,
士林區天母東路５０巷２９號,,113/06/25,5919.3,90,65.77,89.77%,公寓(5樓含以下無電梯),40,一層/五層,房地(土地+建物),土:1 建:2車:0,6房4廳4衛,,無,無,住家用,
士林區天母東路５０巷２９號三樓,,113/06/25,4676.6,71.96,64.99,90.54%,公寓(5樓含以下無電梯),40,三層/五層,房地(土地+建物),土:1 建:2車:0,7房4廳4衛,,無,無,住家用,
士林區延平北路五段４７號,,113/06/25,44.7,0,0.67,,透天厝,64,全/二層,房地(土地+建物),土:2 建:1車:0,4房2廳1衛,,無,無,商業用,
士林區中山北路七段１９１巷９號三樓之１,,113/06/25,280.6,20.05,14,71.99%,華廈(10層含以下有電梯),47,三層/七層,房地(土地+建物),土:1 建:1車:0,1房1廳1衛,,有,有,住家用,親友、員工、共有人或其他特殊關係間之交易;
士林區天母西路１５號二樓,僑福園,113/06/25,1200,47.71,25.15,76.09%,華廈(10層含以下有電梯),39,二層/七層,房地(土地+建物),土:1 建:1車:0,,,有,有,住家用,親友、員工、共有人或其他特殊關係間之交易;
士林區忠義街７１巷３３號,,113/06/24,3580,72.31,49.51,91.54%,公寓(5樓含以下無電梯),38,一層/五層,房地(土地+建物),土:2 建:2車:0,4房2廳2衛,,無,無,商業用,
士林區大東路１２２號三樓,,113/06/24,1188,76.05,15.62,100.00%,公寓(5樓含以下無電梯),53,三層/四層,房地(土地+建物),土:1 建:1車:0,2房2廳1衛,,無,無,住商用,其他增建;
士林區葫蘆街６１巷８號二樓,,113/06/24,1330,46.68,28.49,88.24%,公寓(5樓含以下無電梯),45,二層/四層,房地(土地+建物),土:2 建:1車:0,3房2廳1衛,,無,無,住家用,陽台外推;其他增建;
士林區中山北路五段５２０號四樓,欣翰士林官邸,113/06/24,22415,102.24,254.06,51.61%,住宅大樓(11層含以上有電梯),9,四層/十二層,房地(土地+建物)+車位,土:1 建:1車:5,,"2,050",有,有,辦公用,
士林區芝玉路二段８４巷５號五樓,,113/06/24,1900,67.62,28.1,87.64%,公寓(5樓含以下無電梯),46,五層/五層,房地(土地+建物),土:1 建:1車:0,3房2廳1衛,,無,無,住家用,親友、員工、共有人或其他特殊關係間之交易;
士林區德行東路２６５巷２號三樓,,113/06/24,3400,105.39,32.26,82.95%,公寓(5樓含以下無電梯),45,三層/五層,房地(土地+建物),土:1 建:1車:0,3房2廳2衛,,無,無,住家用,具重建或重劃、都更等效益;
士林區天母西路４１巷１０號四樓,,113/06/23,2010,62.85,31.98,80.86%,公寓(5樓含以下無電梯),46,四層/五層,房地(土地+建物),土:1 建:1車:0,3房2廳2衛,,無,無,住家用,陽台外推;
士林區雨農路３２巷１６號七樓,,113/06/23,4560,71.3,63.95,50.21%,住宅大樓(11層含以上有電梯),10,七層/十三層,房地(土地+建物)+車位,土:1 建:1車:1,2房2廳2衛,,有,有,住家用,陽台外推;其他增建;
士林區德行東路３３８巷２１號五樓,陽明松境,113/06/23,3920,64,61.25,75.57%,住宅大樓(11層含以上有電梯),34,五層/十二層,房地(土地+建物)+車位,土:1 建:1車:1,4房2廳2衛,,有,有,住家用,
士林區中山北路六段１５７巷１３號十四樓,天母樂活,113/06/23,2400,98.25,24.43,57.50%,住宅大樓(11層含以上有電梯),16,十四層/十五層,房地(土地+建物),土:1 建:1車:0,2房2廳1衛,,有,有,商業用,其他增建;
士林區中山北路六段７６３巷７弄６號三樓,,113/06/23,2268,66.5,34.11,86.47%,公寓(5樓含以下無電梯),46,三層/五層,房地(土地+建物),土:1 建:1車:0,3房2廳2衛,,無,無,住家用,陽台加窗。陽台外推;其他增建;
士林區德行東路８１巷１６號五樓,,113/06/23,1958,73.15,26.77,88.87%,公寓(5樓含以下無電梯),44,五層/五層,房地(土地+建物),土:3 建:1車:0,4房2廳1衛,,無,無,住家用,頂樓加蓋;其他增建;
士林區中正路２１２巷１０弄９號,,113/06/23,2830,69.17,40.92,66.62%,公寓(5樓含以下無電梯),40,一層/五層,房地(土地+建物),土:1 建:1車:0,3房1廳2衛,,無,無,商業用,其他增建;
士林區大南路６３號,,113/06/23,3268,0,40.53,,透天厝,,全/二層,房地(土地+建物),土:1 建:1車:0,6房2廳2衛,,無,無,住家用,夾層，遮雨棚其他增建;
士林區中山北路七段１４巷６１弄１０號四樓,羅馬儷園,113/06/22,1953,61.03,32,82.19%,公寓(5樓含以下無電梯),40,四層/五層,房地(土地+建物),土:1 建:1車:0,3房2廳2衛,,有,無,住家用,陽台外推;其他增建;
士林區德行東路１３６號三樓,,113/06/22,780,71.33,10.94,83.96%,公寓(5樓含以下無電梯),46,三層/五層,房地(土地+建物),土:2 建:1車:0,1房1廳1衛,,無,無,住家用,陽台外推;
士林區中山北路七段２１９巷１６號,天母山莊,113/06/22,3200,63.91,54.64,95.93%,華廈(10層含以下有電梯),40,一層/七層,房地(土地+建物)+車位,土:1 建:1車:1,4房2廳2衛,300,有,有,住家用,其他增建;
士林區天母西路２８號七樓,,113/06/22,3000,70.59,42.5,74.71%,華廈(10層含以下有電梯),44,七層/七層,房地(土地+建物),土:1 建:1車:0,4房2廳2衛,,無,有,住家用,陽台外推;頂樓加蓋;
士林區雨聲街５５號六樓,雨聲華廈,113/06/21,475,19.1,24.87,81.37%,華廈(10層含以下有電梯),38,六層/七層,房地(土地+建物),土:1 建:1車:0,3房2廳2衛,,有,有,住家用,親友、員工、共有人或其他特殊關係間之交易;陽台外推;
士林區通河西街一段１０１號四樓,,113/06/21,1058,49.25,21.48,100.00%,公寓(5樓含以下無電梯),55,四層/四層,房地(土地+建物),土:1 建:1車:0,2房2廳1衛,,無,無,住家用,含傢俱設備費;陽台外推;
士林區天母北路２８巷８號六樓,天璽,113/06/20,1963,26.06,75.33,46.61%,華廈(10層含以下有電梯),13,六層/七層,房地(土地+建物)+車位,土:1 建:1車:2,3房2廳3衛,,有,有,住家用,親友、員工、共有人或其他特殊關係間之交易;
士林區菁山路７２巷２５號,,113/06/20,1550,74.25,20.88,59.44%,華廈(10層含以下有電梯),3,一層/四層,房地(土地+建物)+車位,土:3 建:1車:1,2房1廳1衛,,有,有,住家用,
士林區中山北路六段３５巷８號六樓,,113/06/20,7638,119.19,78.91,56.84%,住宅大樓(11層含以上有電梯),8,六層/二十一層,房地(土地+建物)+車位,土:1 建:1車:2,3房2廳2衛,600,有,有,住家用,
士林區德行東路３３１巷５２弄４號五樓,,113/06/20,1800,59.63,30.19,87.10%,公寓(5樓含以下無電梯),45,五層/五層,房地(土地+建物),土:3 建:1車:0,3房2廳1衛,,無,無,住家用,陽台外推;
士林區中山北路七段８１巷１６弄７號四樓,沐山,113/06/20,3760,105.67,40.24,60.31%,住宅大樓(11層含以上有電梯),2,四層/十五層,房地(土地+建物)+車位,土:1 建:1車:1,2房2廳2衛,300,有,有,住家用,
士林區福德路３１巷１１號七樓之１２,小貴馥,113/06/20,1070,103.91,10.3,49.65%,華廈(10層含以下有電梯),12,七層/八層,房地(土地+建物),土:1 建:1車:0,1房1廳1衛,,有,有,住家用,
士林區大南路３８８巷２號二樓,,113/06/20,2050,54.46,37.64,95.49%,公寓(5樓含以下無電梯),53,二層/四層,房地(土地+建物),土:1 建:1車:0,4房2廳1衛,,有,無,住家用,
士林區中山北路六段４４１巷３０號十七樓之１,御上天母,113/06/20,18900,154.43,155.78,55.57%,住宅大樓(11層含以上有電梯),,十七層/十七層,房地(土地+建物)+車位,土:1 建:1車:4,,"1,400",有,有,住家用,毛胚屋;
士林區中山北路六段４４１巷３０號十七樓,御上天母,113/06/20,18900,154.43,155.78,55.57%,住宅大樓(11層含以上有電梯),,十七層/十七層,房地(土地+建物)+車位,土:1 建:1車:4,,"1,400",有,有,住家用,毛胚屋;
士林區格致路２０巷３１號七樓之１,仰德大廈,113/06/20,720,46.38,15.52,54.70%,華廈(10層含以下有電梯),28,七層/十層,房地(土地+建物),土:2 建:1車:0,1房1廳1衛,,有,有,住家用,陽台外推;其他增建;
士林區環河北路三段１１３號,天星花園,113/06/20,1138,39.43,28.86,29.93%,住宅大樓(11層含以上有電梯),20,一層/十三層,房地(土地+建物)+車位,土:2 建:1車:2,2房1廳1衛,,有,有,商業用,
士林區福德路３１巷１１號二樓之１,小貴馥,113/06/20,1080,102.42,10.55,49.97%,華廈(10層含以下有電梯),12,二層/八層,房地(土地+建物),土:1 建:1車:0,1房1廳1衛,,有,有,住家用,
士林區天母西路４１巷１弄４號四樓,億豐居,113/06/20,2000,52.44,38.14,89.40%,公寓(5樓含以下無電梯),45,四層/五層,房地(土地+建物),土:1 建:1車:0,3房2廳2衛,,無,無,住家用,親友、員工、共有人或其他特殊關係間之交易;
士林區士東路２８６巷２２號五樓,太平洋尊邸挹馨園,113/06/19,4000,82.38,56.77,69.12%,華廈(10層含以下有電梯),22,五層/七層,房地(土地+建物)+車位,土:1 建:1車:1,4房2廳2衛,280,有,有,住家用,其他增建;
士林區文林路７６５號五樓之９,寶殿大廈,113/06/19,2707.6,70,38.68,73.41%,住宅大樓(11層含以上有電梯),43,五層/十一層,房地(土地+建物),土:1 建:1車:0,3房2廳2衛,,有,有,住家用,其他增建;
士林區福志路８６號十五樓,宏盛陽明,113/06/19,19162,118.98,161.05,44.35%,住宅大樓(11層含以上有電梯),9,十五層/十七層,房地(土地+建物)+車位,土:1 建:1車:3,3房2廳3衛,,有,有,住家用,
士林區德行東路３３號三樓,富森天母大廈,113/06/18,1530,111.26,13.75,40.61%,華廈(10層含以下有電梯),2,三層/七層,房地(土地+建物),土:1 建:1車:0,1房1廳1衛,,有,有,住家用,
士林區德行東路３３號二樓,富森天母大廈,113/06/18,1580,114.77,13.77,40.56%,華廈(10層含以下有電梯),2,二層/七層,房地(土地+建物),土:1 建:1車:0,1房1廳1衛,,有,有,住家用,
士林區通河東街二段２４之１號四樓,,113/06/18,1480,41.19,35.93,91.92%,公寓(5樓含以下無電梯),47,四層/四層,房地(土地+建物),土:1 建:1車:0,3房2廳2衛,,無,無,住家用,陽台外推;頂樓加蓋;其他增建;
士林區士東路２７８號四樓,天母光點,113/06/18,1390.6,92.14,15.09,56.50%,華廈(10層含以下有電梯),16,四層/七層,房地(土地+建物),土:1 建:1車:0,2房2廳1衛,,有,有,住家用,含傢俱設備費;含土地增值稅或其他稅費;含地政士服務費;親友、員工、共有人或其他特殊關係間之交易;
士林區德行西路１３３號四樓,,113/06/17,800,42.99,18.61,86.93%,公寓(5樓含以下無電梯),47,四層/五層,房地(土地+建物),土:1 建:1車:0,2房1廳1衛,,無,無,住家用,親友、員工、共有人或其他特殊關係間之交易;
士林區天母北路２８巷３９號八樓之２,天母小西華,113/06/17,1050,117.31,8.95,49.98%,華廈(10層含以下有電梯),16,八層/九層,房地(土地+建物),土:1 建:1車:0,1房1廳1衛,,有,有,住家用,陽台外推;夾層;其他增建;
士林區通河西街一段１０３號四樓,,113/06/17,1190,55.4,21.48,100.00%,公寓(5樓含以下無電梯),55,四層/四層,房地(土地+建物),土:1 建:1車:0,4房3廳2衛,,無,無,住家用,頂樓加蓋;其他增建;
士林區士東路２６６巷１５弄１號七樓,皇鼎麗園三期,113/06/17,9800,86.11,136.79,61.36%,住宅大樓(11層含以上有電梯),15,七層/十五層,房地(土地+建物)+車位,土:1 建:1車:3,5房2廳3衛,990,有,有,住家用,其他增建;
士林區德行東路３３１巷５１弄１１之１號,,113/06/17,1950,52.21,37.35,45.87%,公寓(5樓含以下無電梯),42,一層/五層,房地(土地+建物),土:1 建:1車:0,,,無,無,住商用,其他增建:內梯及後方增建其他增建;
士林區德行東路１０６號,知田,113/06/17,5506,176.9,31.12,70.97%,住宅大樓(11層含以上有電梯),12,一層/十四層,房地(土地+建物),土:1 建:1車:0,,,有,有,商業用,"店面,雙方同意公契立約日9/15"
士林區德行東路１０８號,知田,113/06/17,5380,176.9,30.41,70.90%,住宅大樓(11層含以上有電梯),12,一層/十四層,房地(土地+建物),土:1 建:1車:0,,,有,有,商業用,"店面,雙方同意公契立約日9/15"
士林區通河東街一段１２４巷１９號二樓,,113/06/16,1430,44.08,32.44,84.07%,公寓(5樓含以下無電梯),43,二層/五層,房地(土地+建物),土:1 建:1車:0,3房2廳1衛,,無,無,住家用,陽台外推;
士林區中山北路七段２１９巷８號五樓之１３、五樓之１５,富春居,113/06/16,2120,64.21,33.01,65.00%,華廈(10層含以下有電梯),35,五層/七層,房地(土地+建物),土:1 建:1車:0,2房2廳1衛,,有,有,住家用,其他增建;
士林區忠義街７１巷１３弄７號三樓,,113/06/16,1988,66.16,30.05,87.50%,公寓(5樓含以下無電梯),43,三層/五層,房地(土地+建物),土:1 建:1車:0,3房2廳2衛,,無,無,住家用,陽台外推;其他增建;
士林區雨聲街２０７號三樓,芝山雨聲,113/06/16,3566,66.21,53.86,68.46%,華廈(10層含以下有電梯),26,三層/七層,房地(土地+建物)+車位,土:1 建:1車:1,5房2廳3衛,,無,有,住家用,夾層;其他增建;
士林區美德街２之５號,,113/06/16,700,56.73,12.34,100.00%,公寓(5樓含以下無電梯),53,一層/二層,房地(土地+建物),土:1 建:1車:0,3房1廳1衛,,無,無,住家用,
士林區翠山街３０號,,113/06/16,2600,0,31.76,,透天厝,48,全/一層,房地(土地+建物),土:1 建:1車:0,3房4廳2衛,,有,無,住家用,其他增建;
士林區士東路４６巷５２號七樓,,113/06/16,3330,91.05,36.58,86.52%,華廈(10層含以下有電梯),40,七層/七層,房地(土地+建物),土:1 建:1車:0,4房3廳3衛,,無,有,住家用,陽台外推;頂樓加蓋;其他增建;
士林區中山北路六段２１２號八樓,國際名園,113/06/16,6988,97.74,83.75,57.03%,住宅大樓(11層含以上有電梯),20,八層/十四層,房地(土地+建物)+車位,土:1 建:1車:2,3房2廳3衛,600,有,有,住家用,陽台外推;
士林區中山北路六段１５７巷１１號三樓之５,天母樂活,113/06/15,3533,99.99,35.33,59.08%,住宅大樓(11層含以上有電梯),16,三層/十五層,房地(土地+建物),土:1 建:1車:0,2房2廳1衛,,有,有,商業用,
士林區文林路７６５號四樓之１,寶殿大廈,113/06/15,420,67.73,6.2,83.27%,住宅大樓(11層含以上有電梯),43,四層/十一層,房地(土地+建物),土:1 建:1車:0,1房1廳1衛,,有,有,住家用,
士林區中山北路六段４４１巷３０號八樓之３,御上天母,113/06/15,6100,127.18,64.09,56.74%,住宅大樓(11層含以上有電梯),,八層/十七層,房地(土地+建物)+車位,土:1 建:1車:2,,650,有,有,住家用,毛胚屋;
士林區社正路１７巷２號三樓,幸福一町目,113/06/15,2500,57.95,43.14,48.98%,華廈(10層含以下有電梯),8,三層/九層,房地(土地+建物)+車位,土:1 建:1車:1,3房2廳1衛,,有,有,住家用,
士林區中山北路六段４４１巷３０號七樓之３,御上天母,113/06/15,6100,127.18,64.09,56.73%,住宅大樓(11層含以上有電梯),,七層/十七層,房地(土地+建物)+車位,土:1 建:1車:2,,650,有,有,住家用,毛胚屋
士林區忠誠路一段９０號十二樓,陽明新城,113/06/15,3120,85.93,36.31,74.52%,住宅大樓(11層含以上有電梯),36,十二層/十五層,房地(土地+建物),土:3 建:1車:0,3房2廳2衛,,有,有,住家用,車位僅使用權，1年抽籤1次陽台外推;其他增建;
士林區中正路２４７巷３６號四樓,士林竣,113/06/15,4680,106.52,46.86,56.99%,住宅大樓(11層含以上有電梯),,四層/十一層,房地(土地+建物)+車位,土:1 建:1車:1,3房2廳2衛,180,有,有,住家用,預售屋、或土地及建物分件登記案件;
士林區忠誠路二段１７０號六樓,天母一品名門,113/06/14,4000,60.86,65.72,77.67%,華廈(10層含以下有電梯),33,六層/十層,房地(土地+建物)+車位,土:1 建:1車:1,4房2廳2衛,,有,有,住家用,親友、員工、共有人或其他特殊關係間之交易;
士林區雨聲街６５巷４１號五樓,,113/06/14,2200,55.42,39.7,79.52%,公寓(5樓含以下無電梯),39,五層/五層,房地(土地+建物),土:1 建:1車:0,4房2廳2衛,,無,無,住家用,頂樓加蓋;其他增建;
士林區天母西路２２巷４號四樓,,113/06/14,2850,68.11,41.84,83.31%,華廈(10層含以下有電梯),44,四層/七層,房地(土地+建物),土:1 建:1車:0,3房2廳2衛,,無,有,商業用,陽台外推;其他增建;
士林區社正路４８號五樓,,113/06/14,806,20.12,40.07,74.88%,公寓(5樓含以下無電梯),36,五層/五層,房地(土地+建物),土:1 建:1車:0,3房2廳1衛,,無,無,住家用,親友、員工、共有人或其他特殊關係間之交易;
士林區中山北路六段４４１巷３０號十六樓之２,御上天母,113/06/14,11330,149.99,100.4,57.99%,住宅大樓(11層含以上有電梯),,十六層/十七層,房地(土地+建物)+車位,土:1 建:1車:3,,"1,050",有,有,住家用,毛胚屋;
士林區中山北路五段７１１號,,113/06/13,2100,0,20.65,,透天厝,59,全/三層,房地(土地+建物),土:1 建:1車:0,3廳1衛,,無,無,住家用,
士林區延平北路五段１３６巷２７弄２７號三樓,,113/06/13,1050,53.61,19.59,100.00%,公寓(5樓含以下無電梯),55,三層/四層,房地(土地+建物),土:2 建:1車:0,3房1廳1衛,,無,無,住家用,其他增建;
士林區基河路１３８號十二樓之３,基河馨園,113/06/13,3700,64.59,57.28,49.94%,住宅大樓(11層含以上有電梯),23,十二層/十六層,房地(土地+建物)+車位,土:1 建:1車:1,3房2廳2衛,,有,有,住家用,其他增建;
士林區福港街２７２巷１０號三樓,,113/06/13,1528,50.48,30.27,86.51%,公寓(5樓含以下無電梯),47,三層/四層,房地(土地+建物),土:1 建:1車:0,3房2廳2衛,,無,無,住家用,親友、員工、共有人或其他特殊關係間之交易;
士林區德行東路２８８號,,113/06/13,1217.5,74,16.45,88.18%,公寓(5樓含以下無電梯),45,一層/五層,房地(土地+建物),土:1 建:1車:0,1房1衛,,無,無,其他,親友間買賣
士林區延平北路五段５９巷６號五樓,,113/06/13,836.2,23.12,36.16,96.07%,公寓(5樓含以下無電梯),46,五層/五層,房地(土地+建物),土:2 建:1車:0,4房2廳2衛,,無,無,住家用,親友、員工、共有人或其他特殊關係間之交易;
士林區德行西路７號十四樓,宏普世貿,113/06/13,17546,83.6,230.48,57.49%,住宅大樓(11層含以上有電梯),5,十四層/十五層,房地(土地+建物)+車位,土:1 建:1車:3,10房,790,有,有,商業用,
士林區承德路四段８５號十二樓,藏峰,113/06/13,6935,68.96,100.57,62.65%,住宅大樓(11層含以上有電梯),22,十二層/十四層,房地(土地+建物)+車位,土:2 建:1車:2,3房2廳2衛,,有,有,住家用,
士林區通河東街一段８８號五樓,,113/06/12,1050,48.18,21.8,90.03%,公寓(5樓含以下無電梯),45,五層/五層,房地(土地+建物),土:1 建:1車:0,3房2廳2衛,,無,無,住家用,親友、員工、共有人或其他特殊關係間之交易;頂樓加蓋;
士林區士東路２巷１７號二樓,秋鴻大廈,113/06/12,4380,79.32,55.22,48.66%,華廈(10層含以下有電梯),21,二層/十層,房地(土地+建物)+車位,土:1 建:1車:1,3房2廳2衛,300,有,有,住家用,陽台加窗。陽台外推;其他增建;
士林區中山北路六段４４１巷３０號三樓,御上天母,113/06/12,5728,125.27,53.47,56.66%,住宅大樓(11層含以上有電梯),,三層/十七層,房地(土地+建物)+車位,土:1 建:1車:1,,360,有,有,住家用,毛胚屋;
士林區中山北路七段１４巷７８號五樓,天母藝術家天地,113/06/12,2350,48.78,48.18,72.91%,公寓(5樓含以下無電梯),36,五層/五層,房地(土地+建物),土:1 建:1車:0,4房2廳2衛,,有,無,住家用,陽台外推;其他增建;
士林區雨聲街６５巷６號五樓,,113/06/12,1100,42.74,25.74,73.68%,公寓(5樓含以下無電梯),39,五層/五層,房地(土地+建物),土:11 建:1車:0,4房2廳2衛,,無,無,住家用,親友、員工、共有人或其他特殊關係間之交易;
士林區後港街１５２號七樓之３,圓山巴黎,113/06/11,3450,61.26,56.32,75.64%,住宅大樓(11層含以上有電梯),27,七層/十二層,房地(土地+建物)+車位,土:1 建:1車:1,4房2廳2衛,,有,有,住家用,其他增建;
士林區通河東街一段３２號,,113/06/11,1515,70,21.64,100.00%,公寓(5樓含以下無電梯),47,一層/四層,房地(土地+建物),土:1 建:1車:0,1房1廳1衛,,無,無,其他,其他增建;
士林區士商路１２９號十樓,藝術陽明,113/06/11,5000,105.51,60.42,58.65%,住宅大樓(11層含以上有電梯),20,十層/十二層,房地(土地+建物)+車位,土:1 建:2車:2,3房3廳2衛,500,有,有,住家用,陽台外推;夾層;其他增建;
士林區延平北路六段１５５巷１６號二樓,,113/06/11,1200,58.48,20.52,100.00%,公寓(5樓含以下無電梯),57,二層/二層,房地(土地+建物),土:1 建:1車:0,2房2廳1衛,,無,無,住家用,
士林區德行東路２００號四樓,鐫月,113/06/11,6666,104.46,63.81,60.09%,住宅大樓(11層含以上有電梯),1,四層/十四層,房地(土地+建物)+車位,土:1 建:1車:1,2房3廳2衛,,有,有,住家用,
士林區東山路１００巷５號三樓,,113/06/11,860,26.85,32.03,79.25%,公寓(5樓含以下無電梯),40,三層/五層,房地(土地+建物),土:1 建:1車:0,3房1廳2衛,,無,無,住家用,親友、員工、共有人或其他特殊關係間之交易;
士林區承德路四段２３５號十樓,,113/06/11,1000,48.39,20.67,56.60%,住宅大樓(11層含以上有電梯),26,十層/十一層,房地(土地+建物)+車位,土:1 建:1車:1,3房1廳2衛,,無,有,商業用,親友、員工、共有人或其他特殊關係間之交易;
士林區中山北路六段１５７巷１１號六樓之７,天母樂活,113/06/10,3738,76.49,48.87,66.71%,住宅大樓(11層含以上有電梯),16,六層/十五層,房地(土地+建物)+車位,土:1 建:1車:1,3房2廳1衛,,有,有,商業用,陽台外推;其他增建;
士林區東山路１００巷３號,,113/06/10,2550,78.63,32.43,79.40%,公寓(5樓含以下無電梯),40,一層/五層,房地(土地+建物),土:1 建:1車:0,3房2廳2衛,,無,無,住家用,其他增建;
士林區延平北路六段２１１號四樓之３,鄉林左岸,113/06/10,3466,66.31,52.27,58.10%,住宅大樓(11層含以上有電梯),8,四層/十一層,房地(土地+建物)+車位,土:4 建:1車:1,3房2廳2衛,,有,有,住家用,
士林區華齡街６號三樓,,113/06/10,1650,71.71,23.01,95.49%,公寓(5樓含以下無電梯),51,三層/四層,房地(土地+建物),土:3 建:1車:0,3房2廳1衛,,無,無,住家用,其他增建;
士林區菁山路５５之１號四樓,陽明帝景,113/06/10,2800,42.68,65.61,62.59%,華廈(10層含以下有電梯),15,四層/五層,房地(土地+建物)+車位,土:1 建:1車:1,2房2廳2衛,,有,有,住家用,陽台加窗增建其他增建;
士林區文林路６６１巷３９弄３１號六樓,,113/06/09,2305,83.98,27.45,67.82%,華廈(10層含以下有電梯),42,六層/七層,房地(土地+建物),土:1 建:1車:0,3房2廳2衛,,無,有,住家用,天井陽台外推;其他增建;
士林區劍潭路６號六樓之２,北美館,113/06/09,2420,104.44,23.17,69.37%,住宅大樓(11層含以上有電梯),25,六層/十三層,房地(土地+建物),土:2 建:1車:0,2房2廳1衛,,有,有,住家用,
士林區前街１１５巷１１號二樓,,113/06/09,1145,68.27,16.77,100.00%,公寓(5樓含以下無電梯),56,二層/三層,房地(土地+建物),土:1 建:1車:0,2房1廳1衛,,無,無,住家用,其他增建;
士林區中社路一段１１巷１０１號,,113/06/09,1680,53.53,31.38,100.00%,公寓(5樓含以下無電梯),49,一層/四層,房地(土地+建物),土:1 建:1車:0,5房2廳3衛,,無,無,住家用,其他增建;
士林區德行西路５０號七樓之２,萬象之都,113/06/09,1620,110.53,14.66,53.31%,住宅大樓(11層含以上有電梯),16,七層/十三層,房地(土地+建物),土:3 建:1車:0,1廳1衛,,有,有,商業用,陽台外推;
士林區格致路２０３號三樓之８,大衛營,113/06/09,510,43.14,11.82,53.94%,華廈(10層含以下有電梯),28,三層/十層,房地(土地+建物),土:1 建:1車:0,1房1廳1衛,,有,有,住家用,陽台外推;夾層;
士林區士東路２巷３號二樓,,113/06/09,1620,73.57,22.02,88.79%,公寓(5樓含以下無電梯),49,二層/四層,房地(土地+建物),土:1 建:1車:0,2房2廳1衛,,無,無,住家用,陽台外推;其他增建;
士林區小北街３５號,,113/06/09,1000,0,15.53,,透天厝,,全/一層,房地(土地+建物),土:1 建:2車:0,2房1廳3衛,,無,無,住家用,本案之土地增值稅、契稅、登記規費、謄本費用、印花稅、買賣代書費、簽約費、實價登錄皆由買方負擔。親友、員工、共有人或其他特殊關係間之交易;其他增建;
士林區至誠路一段１３６巷１７號九樓,太子華威,113/06/08,9302,93.7,117.1,55.33%,住宅大樓(11層含以上有電梯),6,九層/十四層,房地(土地+建物)+車位,土:2 建:1車:2,,700,有,有,住家用,
士林區大南路３２５號六樓之１３,新天地,113/06/08,1150,53.29,21.58,52.96%,住宅大樓(11層含以上有電梯),17,六層/十四層,房地(土地+建物)+車位,土:1 建:1車:1,1廳1衛,,有,有,商業用,
士林區德行西路５０號八樓之１２,萬象之都,113/06/08,1550,108.67,14.26,53.40%,住宅大樓(11層含以上有電梯),16,八層/十三層,房地(土地+建物),土:3 建:1車:0,1廳1衛,,有,有,商業用,陽台外推;夾層;其他增建;
士林區中山北路七段２２０巷５之１號六樓,,113/06/08,3000,60.89,56.44,99.03%,華廈(10層含以下有電梯),38,六層/六層,房地(土地+建物)+車位,土:1 建:1車:1,3房2廳2衛,250,無,有,住家用,"含仲介費1,000,000元;其他 履約保證費:9,000元;頂樓加蓋;"
士林區士東路２６６巷１１弄３之１號三樓,,113/06/07,1980,61,32.46,87.55%,公寓(5樓含以下無電梯),43,三層/五層,房地(土地+建物),土:4 建:1車:0,3房2廳2衛,,無,無,住家用,
士林區中山北路七段８１巷４１弄９之４號四樓,華馨雅築,113/06/07,2656.3,74.64,35.59,89.94%,華廈(10層含以下有電梯),46,四層/五層,房地(土地+建物),土:2 建:1車:0,5房2廳2衛,,有,有,住家用,陽台外推;其他增建;
士林區通河街３２５巷２８之４號,劍潭國宅D區,113/06/07,530,48.71,10.88,91.10%,公寓(5樓含以下無電梯),53,四層/五層,房地(土地+建物),土:1 建:1車:0,2房1廳1衛,,無,無,住家用,陽台外推;其他增建;
士林區文林路２５號五樓,,113/06/07,2048,53.83,38.05,86.70%,華廈(10層含以下有電梯),41,五層/七層,房地(土地+建物),土:1 建:1車:0,5房4衛,,無,有,住家用,陽台外推;
士林區延平北路五段２８５巷４３號四樓,,113/06/07,1000,31.98,31.27,88.59%,公寓(5樓含以下無電梯),44,四層/五層,房地(土地+建物),土:3 建:1車:0,3房2廳2衛,,無,無,住家用,親友、員工、共有人或其他特殊關係間之交易;
士林區小北街９號四樓,,113/06/07,968,54.89,17.64,83.46%,公寓(5樓含以下無電梯),41,四層/五層,房地(土地+建物),土:1 建:1車:0,2房2衛,,無,無,住家用,
士林區福華路１５７巷３號,,113/06/06,3850,193.19,19.93,100.00%,公寓(5樓含以下無電梯),52,"一層,騎樓/四層",房地(土地+建物),土:1 建:1車:0,1廳1衛,,無,無,住商用,騎樓及防火牆增建其他增建;
士林區基河路３０２號九樓,達麗陽明大苑,113/06/06,5700,122.82,53.62,58.70%,住宅大樓(11層含以上有電梯),,九層/十九層,房地(土地+建物)+車位,土:1 建:1車:1,4房2廳2衛,300,有,有,住家用,
士林區大南路４１６號,,113/06/06,1600,68.73,23.28,50.73%,公寓(5樓含以下無電梯),38,一層/五層,房地(土地+建物),土:1 建:2車:0,,,無,無,商業用,親友、員工、共有人或其他特殊關係間之交易;
士林區中山北路六段２８８號,,113/06/05,18529,0,80.5,,透天厝,53,全/二層,房地(土地+建物),土:2 建:2車:0,,,無,無,住商用,具重建或重劃、都更等效益;
士林區後街２１巷３７號二樓之１,,113/06/05,1236,59.97,20.61,90.62%,公寓(5樓含以下無電梯),44,二層/四層,房地(土地+建物),土:1 建:1車:0,4房4衛,,無,無,住家用,陽台外推;
士林區中山北路七段１４巷５弄１１之１號六樓,天母開發,113/06/04,3400,77.44,43.9,78.97%,華廈(10層含以下有電梯),38,六層/七層,房地(土地+建物),土:1 建:1車:0,3房2廳2衛,,有,有,住家用,
士林區芝玉路二段８６號八樓,,113/06/04,4850,83.43,63.26,47.47%,華廈(10層含以下有電梯),4,八層/九層,房地(土地+建物)+車位,土:1 建:1車:1,3房2廳2衛,230,有,有,住家用,
士林區社中街２４９號三樓,,113/06/03,1540,57.68,26.7,100.00%,公寓(5樓含以下無電梯),48,"三層,陽台/四層",房地(土地+建物),土:1 建:1車:0,2房2廳1衛,,無,無,住家用,其他增建;
士林區福國路１５巷１８之１號五樓,,113/06/03,2330,65.36,35.65,95.22%,華廈(10層含以下有電梯),47,"五層,陽臺/七層",房地(土地+建物),土:2 建:1車:0,3房2廳2衛,,有,有,住家用,
士林區天母北路２８巷３９號八樓之６、３９號八樓之７,天母小西華,113/06/03,1950,86.98,22.42,51.41%,華廈(10層含以下有電梯),16,八層/九層,房地(土地+建物),土:1 建:1車:0,2房1廳1衛,,有,有,住家用,陽台外推;夾層;其他增建;
士林區中山北路七段１１４巷３３弄１０之１號六樓,,113/06/03,800,15.82,50.58,59.75%,華廈(10層含以下有電梯),39,六層/六層,房地(土地+建物)+車位,土:2 建:1車:1,4房2廳2衛,,有,有,住家用,親友、員工、共有人或其他特殊關係間之交易;頂樓加蓋;
士林區天母西路３號九樓之４,天母國際,113/06/02,2310,55.46,41.65,53.00%,住宅大樓(11層含以上有電梯),46,九層/十一層,房地(土地+建物),土:2 建:1車:0,3房2廳2衛,,有,有,商業用,其他增建;
士林區福港街２４９號三樓,,113/06/02,2100,51.34,40.9,100.00%,公寓(5樓含以下無電梯),48,"三層,陽臺/四層",房地(土地+建物),土:1 建:1車:0,5房2廳2衛,,無,無,住家用,親友、員工、共有人或其他特殊關係間之交易;
士林區仰德大道三段１２５巷５弄１５之２號四樓,,113/06/02,1580,33.65,46.95,77.16%,公寓(5樓含以下無電梯),46,四層/四層,房地(土地+建物),土:1 建:1車:0,4房3廳3衛,,無,無,住家用,陽台外推;頂樓加蓋;
士林區中山北路七段３８巷１２弄６之１號三樓,,113/06/02,1500,83.03,18.07,62.54%,華廈(10層含以下有電梯),20,三層/六層,房地(土地+建物),土:1 建:1車:0,2房2廳1衛,,有,有,住家用,夾層;其他增建;
士林區德行西路３６號十三樓之１７,萬象之都,113/06/02,1550,111.76,13.87,54.39%,住宅大樓(11層含以上有電梯),16,十三層/十三層,房地(土地+建物),土:3 建:1車:0,1房1廳1衛,,有,有,商業用,陽台外推;夾層;其他增建;
士林區大南路３３７號四樓,士林新天地,113/06/02,2300,68.26,33.7,69.87%,住宅大樓(11層含以上有電梯),17,四層/十五層,房地(土地+建物)+車位,土:1 建:1車:1,2房2廳1衛,,有,有,商業用,
士林區永平街７５巷２６號二樓,,113/06/02,200,23.36,8.56,100.00%,公寓(5樓含以下無電梯),55,二層/三層,房地(土地+建物),土:1 建:1車:0,2房1廳1衛,,無,無,住家用,親友、員工、共有人或其他特殊關係間之交易;
士林區天玉街７５巷７號三樓,,113/06/01,3068,75.35,40.72,85.20%,公寓(5樓含以下無電梯),45,三層/五層,房地(土地+建物),土:1 建:1車:0,4房2廳2衛,,有,無,住家用,其他增建;
士林區德行西路９３巷２弄１０號四樓,,113/06/01,2300,68.65,33.5,87.30%,公寓(5樓含以下無電梯),45,四層/五層,房地(土地+建物),土:4 建:1車:0,3房2廳2衛,,有,無,住家用,其他增建;
士林區中山北路六段４０５巷８７號三樓,谷畫青,113/06/01,6988,86.56,80.73,38.97%,華廈(10層含以下有電梯),7,三層/八層,房地(土地+建物)+車位,土:1 建:2車:2,3房2廳2衛,,有,有,住家用,
士林區文林路７６３號十一樓之５,寶殿大廈,113/06/01,3010,67.97,44.29,75.59%,住宅大樓(11層含以上有電梯),43,十一層/十一層,房地(土地+建物),土:1 建:1車:0,4房1廳2衛,,有,有,住家用,陽台外推;
士林區承德路四段１２巷６號五樓,,113/06/01,1686,64.28,26.23,85.00%,公寓(5樓含以下無電梯),47,五層/五層,房地(土地+建物),土:1 建:1車:0,2房2廳2衛,,無,無,住家用,陽台外推;其他增建;
士林區承德路四段４０巷２號六樓之１,劍潭整宅B區,113/06/01,80,58.77,1.36,91.11%,公寓(5樓含以下無電梯),54,五層/五層,房地(土地+建物),土:1 建:1車:0,1房1廳1衛,,無,無,住家用,
士林區文昌路１６號,,113/05/31,1360,59.42,22.89,100.00%,公寓(5樓含以下無電梯),54,三層/四層,房地(土地+建物),土:1 建:1車:0,3房2廳1衛,,無,無,住家用,陽台外推;
士林區天母北路６８之１號五樓,天母石濤園,113/05/31,4200,73.21,65.74,90.27%,住宅大樓(11層含以上有電梯),43,五層/十一層,房地(土地+建物)+車位,土:3 建:1車:1,3房2廳2衛,280,有,有,住家用,陽台外推;其他增建;
士林區天母西路４６之６號,天母齊豐華廈,113/05/31,2930,78.47,37.34,83.12%,華廈(10層含以下有電梯),44,一層/七層,房地(土地+建物),土:5 建:1車:0,3房2廳2衛,,有,有,商業用,其他增建;
士林區延平北路五段１６３巷３５弄２４之１號三樓,,113/05/31,880,47.07,18.69,75.10%,公寓(5樓含以下無電梯),41,三層/五層,房地(土地+建物),土:1 建:1車:0,,,無,無,住家用,天井、鐵鋁窗陽台外推;其他增建;
士林區忠誠路一段１７３巷２１號三樓,無相寓所,113/05/31,8800,94.78,116.67,54.56%,華廈(10層含以下有電梯),10,三層/十層,房地(土地+建物)+車位,土:1 建:1車:4,,980,有,有,住家用,
士林區基河路２２號九樓之３,鄉林層峰,113/05/31,5780,97.64,69.94,59.64%,住宅大樓(11層含以上有電梯),16,九層/十八層,房地(土地+建物)+車位,土:1 建:1車:1,4房2廳2衛,300,有,有,住家用,
士林區天玉街１０４之４號,天母羅丹,113/05/31,1150,61.76,18.62,42.43%,華廈(10層含以下有電梯),29,一層/八層,房地(土地+建物)+車位,土:1 建:1車:1,1廳1衛,180,有,有,住家用,夾層;其他增建;
士林區文林路１４４巷１６號四樓,圓山藏富,113/05/31,1618,49.74,32.53,48.92%,華廈(10層含以下有電梯),2,四層/五層,房地(土地+建物)+車位,土:1 建:1車:2,1房1廳1衛,,有,有,辦公用,
士林區葫東街２９號,,113/05/31,2050,84.45,24.28,100.00%,公寓(5樓含以下無電梯),51,"一層,騎樓/四層",房地(土地+建物),土:1 建:1車:0,3廳2衛,,無,無,住家用,其他增建;
士林區中山北路七段２０９之２號,天母中銀山莊,113/05/31,2550,53.73,47.46,74.57%,華廈(10層含以下有電梯),39,一層/七層,房地(土地+建物),土:1 建:1車:0,3房2廳2衛,,有,有,住家用,其他增建;
士林區重慶北路四段１４３巷３弄１４號四樓,,113/05/31,1000,46.21,21.64,100.00%,公寓(5樓含以下無電梯),54,四層/四層,房地(土地+建物),土:1 建:1車:0,2房2廳1衛,,無,無,住家用,頂樓加蓋;其他增建;
士林區芝玉路二段６１巷６號四樓,路易凡爾賽,113/05/31,1440,50.04,28.78,47.45%,住宅大樓(11層含以上有電梯),22,"四層,五層/十四層",房地(土地+建物)+車位,土:1 建:1車:3,5房2廳3衛,,有,有,住家用,特殊關係親友、員工、共有人或其他特殊關係間之交易;
士林區通河東街一段１８１號二樓,,113/05/30,2070,39.74,52.08,86.58%,公寓(5樓含以下無電梯),40,二層/五層,房地(土地+建物),土:1 建:1車:0,2衛,,無,無,工業用,
士林區中山北路七段１１４巷４１弄１５之１號四樓,天母生活,113/05/30,2550,44.05,57.89,37.13%,華廈(10層含以下有電梯),30,四層/六層,房地(土地+建物)+車位,土:1 建:1車:2,2房2廳1衛,350,有,有,住家用,陽台外推;其他增建;
士林區後港街２０巷５號四樓,,113/05/30,1100,48.23,22.81,86.50%,公寓(5樓含以下無電梯),44,四層/五層,房地(土地+建物),土:1 建:1車:0,3房2廳2衛,,無,無,住家用,陽台外推;其他增建;
士林區故宮路３８之１號二樓,至善別墅,113/05/30,3998,47.08,84.93,44.01%,公寓(5樓含以下無電梯),19,"二層,三層/五層",房地(土地+建物)+車位,土:1 建:1車:2,4房2廳3衛,,有,無,住家用,
士林區社子街１２５巷４０弄２８號,,113/05/29,880,52.89,16.64,100.00%,公寓(5樓含以下無電梯),53,一層/三層,房地(土地+建物),土:1 建:1車:0,2房1廳1衛,,無,無,住家用,親友、員工、共有人或其他特殊關係間之交易;
士林區中山北路六段４５０巷７弄５號四樓,,113/05/29,2555,52.65,48.53,87.00%,公寓(5樓含以下無電梯),37,四層/五層,房地(土地+建物),土:3 建:1車:0,4房2廳2衛,,有,無,住家用,其他增建：陽台加窗。其他增建;
士林區至善路二段９０號五樓之６,川普至善Villa,113/05/29,2100,61.19,34.32,39.78%,華廈(10層含以下有電梯),9,五層/五層,房地(土地+建物)+車位,土:1 建:1車:1,1房1廳1衛,,有,有,住家用,
士林區德行東路９０巷３３弄６號三樓,,113/05/28,2112,77.64,27.2,87.58%,公寓(5樓含以下無電梯),45,三層/五層,房地(土地+建物),土:1 建:1車:0,3房2廳1衛,,無,無,住家用,陽台外推;其他增建;
士林區中山北路五段７４０巷１５號一樓,,113/05/28,1450,46.94,30.89,100.00%,公寓(5樓含以下無電梯),49,"一層,平台/三層",房地(土地+建物),土:1 建:1車:0,3房2廳1衛,,無,無,住家用,親友、員工、共有人或其他特殊關係間之交易;
士林區天母北路２８巷９號,,113/05/27,3100,100.96,30.71,88.69%,公寓(5樓含以下無電梯),45,一層/五層,房地(土地+建物),土:2 建:1車:0,3房2廳2衛,,無,無,其他,地下室、天井增建其他增建;
士林區永平街３３號,,113/05/27,3270,81.34,40.2,95.66%,公寓(5樓含以下無電梯),44,一層/五層,房地(土地+建物),土:1 建:1車:0,1廳1衛,,無,無,其他,其他增建;
士林區福港街２５９巷２９弄４號三樓,,113/05/27,1485,55.25,26.88,85.39%,公寓(5樓含以下無電梯),44,三層/五層,房地(土地+建物),土:1 建:1車:0,3房2廳2衛,,無,無,住家用,陽台外推;其他增建;
士林區延平北路六段３９２巷６號十一樓之１,,113/05/27,2080,53.01,39.24,52.42%,住宅大樓(11層含以上有電梯),18,十一層/十一層,房地(土地+建物)+車位,土:1 建:1車:1,2房2廳1衛,,有,有,住家用,陽台外推;其他增建;
士林區至誠路二段９２巷３弄１５號四樓,,113/05/27,2158,53.35,40.45,79.43%,公寓(5樓含以下無電梯),44,四層/五層,房地(土地+建物),土:1 建:1車:0,3房2廳2衛,,無,無,住家用,陽台外推;其他增建;
士林區忠誠路一段１８６之１號七樓,蘭雅新城,113/05/27,3200,82.28,38.89,86.30%,華廈(10層含以下有電梯),30,七層/十層,房地(土地+建物),土:1 建:1車:0,3房2廳2衛,,有,有,住家用,其他增建：陽台加窗。其他增建;
士林區德行西路５０號十一樓,萬象之都,113/05/26,2750,79.93,44.29,53.95%,住宅大樓(11層含以上有電梯),16,十一層/十三層,房地(土地+建物)+車位,土:3 建:2車:1,2房2廳2衛,250,有,有,商業用,陽台外推;夾層;
士林區延平北路五段１６３巷３５弄２４之１號四樓,,113/05/26,850,45.47,18.69,75.10%,公寓(5樓含以下無電梯),41,四層/五層,房地(土地+建物),土:1 建:1車:0,2房2廳2衛,,無,無,住家用,陽台外推;其他增建;
士林區永平街３６巷４號四樓,,113/05/26,1140,40.43,28.2,82.81%,公寓(5樓含以下無電梯),44,四層/四層,房地(土地+建物),土:1 建:1車:0,3房2廳2衛,,無,無,住家用,陽台外推;其他增建;
士林區中山北路七段２２６之１號四樓,望族山莊,113/05/26,4110,64.18,68.03,90.37%,華廈(10層含以下有電梯),37,四層/七層,房地(土地+建物)+車位,土:1 建:1車:1,4房2廳2衛,300,有,有,住家用,陽台外推;其他增建;
士林區中山北路六段７５４巷１４之１號四樓,,113/05/26,2756,70.94,38.85,81.72%,公寓(5樓含以下無電梯),45,四層/五層,房地(土地+建物),土:1 建:1車:0,4房2廳2衛,,無,無,住家用,其他增建;
士林區士東路４６巷１４號七樓,香頌坊,113/05/26,3460,62.1,55.71,55.04%,華廈(10層含以下有電梯),31,"七層,八層/八層",房地(土地+建物)+車位,土:1 建:1車:1,4房2廳3衛,180,有,有,住家用,陽台外推;其他增建;
士林區中山北路七段１９０巷２６弄１８號,義豐庭,113/05/26,3130,60.85,51.43,86.61%,華廈(10層含以下有電梯),44,一層/七層,房地(土地+建物)+車位,土:1 建:1車:1,3房2廳2衛,,有,有,住家用,
士林區中山北路七段８１巷４１弄７之２號五樓,華馨雅築,113/05/26,2458,77.5,31.71,94.11%,華廈(10層含以下有電梯),46,五層/五層,房地(土地+建物),土:2 建:1車:0,3房2廳2衛,,有,有,住家用,陽台外推;
士林區中山北路七段１１４巷１０弄７號二樓,,113/05/25,2230,56.87,39.21,91.08%,公寓(5樓含以下無電梯),47,二層/四層,房地(土地+建物),土:1 建:1車:0,5房5廳5衛,,無,無,住家用,陽台外推;
士林區承德路四段２７７巷３５號四樓之３,MOMA,113/05/25,2268,91.25,27.48,67.85%,華廈(10層含以下有電梯),14,四層/九層,房地(土地+建物)+車位,土:1 建:1車:1,2房2廳1衛,180,有,有,住家用,其他增建;
士林區文林路６６１巷１６號,,113/05/25,4270,102.63,41.61,75.56%,公寓(5樓含以下無電梯),41,"一層,二層/五層",房地(土地+建物)+車位,土:1 建:1車:1,4房2廳2衛,,無,無,住家用,陽台外推;其他增建;
士林區忠義街１３１號四樓,,113/05/25,1745,64.48,27.06,96.68%,公寓(5樓含以下無電梯),48,四層/五層,房地(土地+建物),土:1 建:1車:0,3房2廳1衛,,無,無,住家用,陽台外推;
士林區福榮街６１號二樓之３,福臨新願大樓,113/05/24,540,57.34,9.42,55.22%,華廈(10層含以下有電梯),26,二層/九層,房地(土地+建物)+車位,土:1 建:1車:1,3房1廳1衛,,有,有,商業用,畸零地或有合併使用效益;
士林區中山北路七段１４１巷２之１號三樓,,113/05/24,1500,77.47,19.36,73.46%,華廈(10層含以下有電梯),44,三層/七層,房地(土地+建物),土:1 建:1車:0,3房2廳2衛,,有,有,住家用,親友、員工、共有人或其他特殊關係間之交易;陽台外推;未登記建物;
士林區重慶北路四段２２２號十三樓之１,士科京璽,113/05/24,1950,62.25,31.32,55.84%,住宅大樓(11層含以上有電梯),7,十三層/十四層,房地(土地+建物)+車位,土:2 建:1車:1,1房1廳1衛,,有,有,住家用,
士林區天母北路５６號三樓,聯上天母,113/05/23,6708,94.54,70.95,55.76%,住宅大樓(11層含以上有電梯),4,三層/二十四層,房地(土地+建物),土:1 建:1車:0,4房2廳3衛,,有,有,住家用,
士林區天玉街１２７號,家居雲門,113/05/23,8988,114.09,107.24,62.58%,華廈(10層含以下有電梯),17,一層/五層,房地(土地+建物)+車位,土:1 建:1車:3,4房2廳3衛,"1,000",有,有,住家用,三車位價款共新台幣1000萬元整，不分別拆價。其他增建;
士林區中山北路六段１５７巷１３號十一樓之１,天母樂活,113/05/23,2628,99.13,46.18,58.94%,住宅大樓(11層含以上有電梯),16,十一層/十五層,房地(土地+建物)+車位,土:1 建:1車:2,1房2廳1衛,600,有,有,商業用,陽台外推;
士林區重慶北路四段２４３號三樓之１,吾御,113/05/23,2150,74.79,28.75,66.88%,住宅大樓(11層含以上有電梯),13,三層/十二層,房地(土地+建物),土:1 建:1車:0,2房2廳1衛,,有,有,住家用,其他增建;
士林區中山北路六段４０５巷６０之３號,,113/05/23,1000,17.09,58.51,52.85%,住宅大樓(11層含以上有電梯),14,一層/十三層,房地(土地+建物)+車位,土:1 建:1車:2,1房1廳1衛,,有,有,商業用,親友、員工、共有人或其他特殊關係間之交易;
士林區大南路３３３號二樓,新天地,113/05/23,3216,54.75,58.74,49.23%,住宅大樓(11層含以上有電梯),16,二層/十四層,房地(土地+建物)+車位,土:1 建:1車:2,4房2廳2衛,,有,有,商業用,陽台外推;
士林區忠誠路二段１６６巷２８弄１２號,,113/05/23,3600,130.52,27.58,100.00%,公寓(5樓含以下無電梯),48,"一層,平台/四層",房地(土地+建物),土:1 建:1車:0,1房1廳3衛,,無,無,住家用,平台外移、空地加蓋。其他增建;含租約;
士林區承德路四段１０巷３５號,,113/05/23,720,32.68,22.03,100.00%,公寓(5樓含以下無電梯),56,一層/四層,房地(土地+建物),土:1 建:1車:0,1房1廳1衛,,無,無,住家用,親友、員工、共有人或其他特殊關係間之交易;
士林區中山北路七段１２４巷６號二樓,,113/05/23,2407,58,41.5,80.67%,公寓(5樓含以下無電梯),45,二層/五層,房地(土地+建物),土:1 建:1車:0,3房2廳2衛,,無,無,住家用,
士林區葫蘆街３０巷３６號四樓,,113/05/23,1030,57.1,18.04,100.00%,公寓(5樓含以下無電梯),52,四層/四層,房地(土地+建物),土:2 建:1車:0,3房1廳1衛,,無,無,住家用,外梯增建、鐵鋁窗增建陽台外推;頂樓加蓋;其他增建;
士林區忠誠路一段１７１巷１２弄７號五樓,天母懷德A座,113/05/22,625,56.31,11.1,56.88%,住宅大樓(11層含以上有電梯),14,五層/十二層,房地(土地+建物)+車位,土:2 建:1車:1,4房2廳2衛,,有,有,住家用,親友、員工、共有人或其他特殊關係間之交易;
士林區中山北路五段８２９巷１９號,,113/05/22,1100,38.16,28.83,100.00%,公寓(5樓含以下無電梯),50,一層/四層,房地(土地+建物),土:1 建:1車:0,,,無,無,住家用,親友、員工、共有人或其他特殊關係間之交易;
士林區福國路９４號五樓,,113/05/22,2100,35.47,59.2,72.70%,華廈(10層含以下有電梯),43,五層/七層,房地(土地+建物),土:1 建:1車:0,3房2廳2衛,,無,有,住家用,親友、員工、共有人或其他特殊關係間之交易;陽台外推;
士林區中山北路七段１９０巷２８號七樓,浩苑,113/05/22,5000,52.13,95.92,65.77%,華廈(10層含以下有電梯),40,七層/七層,房地(土地+建物)+車位,土:2 建:1車:1,5房2廳3衛,,有,有,住家用,頂樓加蓋;
士林區德行西路９３巷６弄３號四樓,,113/05/22,800,42.03,19.03,89.53%,公寓(5樓含以下無電梯),45,四層/五層,房地(土地+建物),土:1 建:1車:0,5房5衛,,無,無,住家用,現況5間套房親友、員工、共有人或其他特殊關係間之交易;
士林區中山北路六段１５７巷１３號八樓之３,天母樂活,113/05/22,2450,94.74,25.86,58.92%,住宅大樓(11層含以上有電梯),16,八層/十五層,房地(土地+建物),土:1 建:1車:0,2房2廳1衛,,有,有,商業用,
士林區士東路５４巷１３號五樓,,113/05/22,1800,47.53,37.87,82.97%,公寓(5樓含以下無電梯),40,五層/五層,房地(土地+建物),土:1 建:1車:0,3房2廳2衛,,無,無,住家用,親友、員工、共有人或其他特殊關係間之交易;
士林區社子街１１２巷６號,,113/05/21,2600,29.66,87.66,100.00%,公寓(5樓含以下無電梯),50,一層/三層,房地(土地+建物),土:1 建:3車:0,4房2廳5衛,,無,無,住家用,一樓無隔間親友、員工、共有人或其他特殊關係間之交易;
士林區重慶北路四段７９之６號一樓,台北市大興,113/05/21,1702,67.09,25.37,77.81%,華廈(10層含以下有電梯),45,一層/七層,房地(土地+建物),土:1 建:1車:0,2房2廳1衛,,有,有,住家用,陽台外推;
士林區重慶北路四段２２２號十樓之５,士科京璽,113/05/21,1950,61.79,31.56,53.12%,住宅大樓(11層含以上有電梯),7,十層/十四層,房地(土地+建物)+車位,土:2 建:1車:1,1房1廳1衛,,有,有,住家用,
士林區中山北路六段４０５巷４６號六樓,,113/05/20,3398,73.7,46.1,66.80%,華廈(10層含以下有電梯),41,六層/七層,房地(土地+建物),土:1 建:1車:0,4房2廳2衛,,無,有,住家用,陽台外推;其他增建;
士林區中山北路七段１１４巷６０弄２４號五樓,,113/05/20,2040,51.76,39.42,85.28%,公寓(5樓含以下無電梯),37,五層/五層,房地(土地+建物),土:1 建:1車:0,2房2廳1衛,,有,無,住家用,頂樓加蓋;
士林區延平北路五段２５７巷４弄１０號四樓,,113/05/20,630,58.16,10.83,100.00%,公寓(5樓含以下無電梯),52,四層/四層,房地(土地+建物),土:1 建:1車:0,3房2廳2衛,,無,無,住家用,頂樓加蓋;
士林區通河西街二段２１４號,,113/05/20,370,31.62,11.7,100.00%,公寓(5樓含以下無電梯),53,一層/三層,房地(土地+建物),土:1 建:1車:0,3房2廳1衛,,無,無,住家用,親友、員工、共有人或其他特殊關係間之交易;
士林區中正路４９９號十一樓,霞關,113/05/20,3800,71.29,53.3,78.02%,住宅大樓(11層含以上有電梯),37,十一層/十六層,房地(土地+建物),土:1 建:1車:0,3房2廳2衛,,有,有,住家用,陽台外推;
士林區社子街１１２巷１７弄１號二樓,,113/05/20,1128.8,12.55,89.92,100.00%,公寓(5樓含以下無電梯),49,"二層,陽臺/三層",房地(土地+建物),土:3 建:3車:0,,,無,無,住家用,親友、員工、共有人或其他特殊關係間之交易;頂樓加蓋;其他增建;
士林區天母東路１０５巷９弄１０號九樓,天母桓琚,113/05/20,4335,95.85,46.9,57.52%,住宅大樓(11層含以上有電梯),,九層/十二層,房地(土地+建物)+車位,土:1 建:1車:1,3房2廳2衛,220,有,有,住家用,預售屋、或土地及建物分件登記案件;
士林區延平北路六段２２８號六樓之１,豐澤,113/05/20,1170,64.98,18,39.52%,華廈(10層含以下有電梯),3,六層/七層,房地(土地+建物),土:1 建:1車:0,1房1廳1衛,,有,有,住家用,
士林區德行西路３６號十樓之１５,萬象之都,113/05/20,3086,98.94,31.19,54.64%,住宅大樓(11層含以上有電梯),16,十層/十三層,房地(土地+建物),土:3 建:2車:0,1房1廳1衛,,有,有,商業用,陽台外推;
士林區延平北路六段２２８號七樓,豐澤,113/05/20,4740,72,65.83,41.40%,華廈(10層含以下有電梯),3,"七層,見其他登記事項/七層",房地(土地+建物)+車位,土:1 建:1車:1,2房2廳1衛,,有,有,住家用,
士林區菁山路７２巷２５號四樓,,113/05/19,1830,76.59,23.89,55.92%,華廈(10層含以下有電梯),3,四層/四層,房地(土地+建物)+車位,土:3 建:1車:1,2房1廳1衛,,無,有,住家用,陽台外推;
士林區中山北路六段１９５巷１８弄５號三樓,,113/05/19,2000,77.19,25.91,74.64%,華廈(10層含以下有電梯),31,三層/五層,房地(土地+建物),土:1 建:1車:0,2房2廳2衛,,無,有,住家用,陽台外推;其他增建;
士林區通河西街二段１２８號五樓之１,杜拜,113/05/19,3358,55.92,66.36,54.00%,住宅大樓(11層含以上有電梯),13,五層/十四層,房地(土地+建物)+車位,土:1 建:1車:1,4房2廳2衛,260,有,有,住家用,
士林區通河東街一段１００號,,113/05/19,1315,25.94,50.7,62.58%,公寓(5樓含以下無電梯),41,一層/五層,房地(土地+建物),土:1 建:1車:0,3房2廳2衛,,無,無,商業用,親友、員工、共有人或其他特殊關係間之交易;
士林區基河路１６之２號九樓,圓山窗外,113/05/18,2768,100.02,27.68,55.73%,住宅大樓(11層含以上有電梯),19,九層/十一層,房地(土地+建物)+車位,土:1 建:1車:1,1房1廳2衛,,有,有,辦公用,夾層;
士林區忠誠路一段１４７巷３１弄５號三樓,,113/05/18,1996,51.63,38.66,86.97%,公寓(5樓含以下無電梯),40,三層/五層,房地(土地+建物),土:1 建:1車:0,3房2廳2衛,,無,無,住家用,其他增建;
士林區文林路１４４巷３號二樓,,113/05/18,450,70.54,6.38,100.00%,公寓(5樓含以下無電梯),60,二層/三層,房地(土地+建物),土:1 建:1車:0,2房2廳1衛,,無,無,住家用,親友、員工、共有人或其他特殊關係間之交易;
士林區格致路２０巷２９號八樓之５,仰德大廈,113/05/17,580,45.18,12.84,50.35%,華廈(10層含以下有電梯),28,八層/十層,房地(土地+建物),土:2 建:1車:0,1房1廳1衛,,有,有,住家用,
士林區德行西路３６號十二樓之１１,萬象之都,113/05/17,1580,108.86,14.51,53.83%,住宅大樓(11層含以上有電梯),16,十二層/十三層,房地(土地+建物),土:3 建:1車:0,1房1廳1衛,,有,有,商業用,陽台外推;其他增建;
士林區延平北路五段２８５巷８０號二樓,,113/05/17,1480,63.83,23.19,88.26%,公寓(5樓含以下無電梯),44,二層/五層,房地(土地+建物),土:1 建:1車:0,2房2廳1衛,,無,無,住家用,其他增建;
士林區天母東路２２號十一樓,天母東宮,113/05/17,2400,75.59,31.75,71.20%,住宅大樓(11層含以上有電梯),39,十一層/十二層,房地(土地+建物),土:3 建:1車:0,2房2廳1衛,,有,有,住家用,陽台外推;
士林區中山北路六段２７７巷１８弄１號四樓,,113/05/17,1938,66.48,29.15,95.76%,公寓(5樓含以下無電梯),44,四層/五層,房地(土地+建物),土:1 建:1車:0,3房2廳2衛,,無,無,住家用,陽台外推;其他增建;
士林區中山北路六段２７７巷６號,,113/05/17,2730,106.92,25.53,84.08%,公寓(5樓含以下無電梯),45,一層/五層,房地(土地+建物),土:1 建:1車:0,2房2廳2衛,,無,無,住家用,其他增建;
士林區幸福街５巷１７號四樓,,113/05/17,2000,55.6,35.97,100.00%,公寓(5樓含以下無電梯),47,"四層,陽臺/四層",房地(土地+建物),土:4 建:1車:0,3房2廳2衛,,無,無,住家用,親友、員工、共有人或其他特殊關係間之交易;頂樓加蓋;
士林區中山北路六段２９０巷７弄３５號七樓,寶和稙秀,113/05/16,2100,84,25,54.81%,華廈(10層含以下有電梯),1,七層/七層,房地(土地+建物)+車位,土:1 建:1車:1,1廳1衛,,有,有,住家用,
士林區克強路１８號二樓,,113/05/16,2460,65.14,37.77,88.29%,公寓(5樓含以下無電梯),43,二層/五層,房地(土地+建物),土:1 建:1車:0,3房2廳3衛,,無,無,住家用,陽台外推;其他增建;
士林區通河東街一段１３０巷６號四樓,,113/05/16,1808,53.42,33.84,88.13%,公寓(5樓含以下無電梯),46,四層/四層,房地(土地+建物),土:1 建:1車:0,3房2廳1衛,,無,無,住家用,其他增建;
士林區大亨路６巷２０號,,113/05/16,1600,47.13,33.95,100.00%,公寓(5樓含以下無電梯),58,一層/三層,房地(土地+建物),土:3 建:1車:0,3房2廳1衛,,有,無,住家用,
士林區基河路２４６號十二樓,慶澤園,113/05/16,5900,74.13,79.59,52.74%,住宅大樓(11層含以上有電梯),17,十二層/十二層,房地(土地+建物)+車位,土:1 建:1車:2,4房2廳2衛,,有,有,住家用,親友、員工、共有人或其他特殊關係間之交易;
士林區華齡街４０巷１弄６號三樓,,113/05/15,1570,68,23.09,100.00%,公寓(5樓含以下無電梯),52,三層/四層,房地(土地+建物),土:1 建:1車:0,3房2廳2衛,,無,無,住家用,陽台外推;其他增建;
士林區小東街３１號四樓,,113/05/15,1620,42.07,38.51,100.00%,公寓(5樓含以下無電梯),47,"四層,陽台/五層",房地(土地+建物),土:2 建:1車:0,3房2廳2衛,,無,無,住家用,陽台外推;其他增建;
士林區延平北路五段１６３巷４１號五樓,,113/05/15,1328,37.38,35.52,89.25%,公寓(5樓含以下無電梯),43,五層/五層,房地(土地+建物),土:1 建:1車:0,4房2廳1衛,,無,無,住家用,頂樓加蓋;其他增建;
士林區中山北路七段８１巷１６弄１１號二樓,,113/05/15,1800,76.57,23.51,80.11%,華廈(10層含以下有電梯),44,二層/五層,房地(土地+建物),土:1 建:1車:0,3房2廳2衛,,無,有,住家用,其他增建;
士林區天母東路１０５巷５９號地下二層,天和山城,113/05/15,1638,56.94,28.77,91.06%,公寓(5樓含以下無電梯),45,地下二層/四層,房地(土地+建物),土:1 建:1車:0,2房2廳2衛,,無,無,住家用,平台外推其他增建;
士林區中山北路七段１９０巷２０號七樓,長春,113/05/15,3680,66.58,60.55,88.73%,華廈(10層含以下有電梯),45,七層/七層,房地(土地+建物)+車位,土:1 建:1車:1,4房2廳3衛,300,有,有,住家用,陽台外推;頂樓加蓋;其他增建;
士林區承德路四段４０巷２號三樓之６,劍潭整宅B區,113/05/15,610,56.64,10.77,91.01%,公寓(5樓含以下無電梯),54,二層/五層,房地(土地+建物),土:1 建:1車:0,1房1廳1衛,,有,無,住家用,
士林區福港街２４１巷１３號三樓,,113/05/15,1440,53.24,27.05,89.35%,公寓(5樓含以下無電梯),45,三層/五層,房地(土地+建物),土:2 建:1車:0,3房2廳1衛,,無,無,住家用,鐵鋁窗增建親友、員工、共有人或其他特殊關係間之交易;其他增建;
士林區延平北路六段４３４號,,113/05/14,21855,0,221.61,,透天厝,54,全/二層,房地(土地+建物),土:1 建:1車:0,3廳2衛,,無,無,工業用,
士林區社中街２５０巷９號五樓,,113/05/14,1260,44.32,28.43,69.91%,公寓(5樓含以下無電梯),43,五層/五層,房地(土地+建物),土:1 建:1車:0,3房2廳2衛,,無,無,住家用,陽台外推;其他增建;
士林區天母西路９５巷３號,,113/05/14,27500,0,188.84,,透天厝,22,全/三層,房地(土地+建物),土:1 建:1車:0,5房3廳5衛,,無,無,住家用,具重建或重劃、都更等效益;
士林區劍潭路７８號四樓,,113/05/13,2200,69.02,31.87,100.00%,公寓(5樓含以下無電梯),53,四層/四層,房地(土地+建物),土:1 建:1車:0,4房2廳2衛,,無,無,住家用,頂樓加蓋;其他增建;
士林區中山北路五段５２０號五樓,欣翰士林官邸,113/05/13,21220,98,241.94,51.61%,住宅大樓(11層含以上有電梯),9,五層/十二層,房地(土地+建物)+車位,土:1 建:1車:4,,"1,700",有,有,辦公用,毛胚屋;
士林區至善路二段４２１巷３０弄６號,,113/05/13,25880,0,129.27,,透天厝,52,全/二層,房地(土地+建物),土:8 建:1車:0,5房3廳3衛,,有,無,住家用,頂樓加蓋;
士林區芝玉路一段１９７巷２號,,113/05/13,2090,51.65,40.47,51.57%,公寓(5樓含以下無電梯),39,一層/五層,房地(土地+建物),土:1 建:1車:0,2房3廳2衛,,無,無,住家用,其他增建;
士林區德行東路３３８巷２號七樓,天母晨曦,113/05/13,4656,86.82,55.84,49.15%,華廈(10層含以下有電梯),3,"七層,見其他登記事項/七層",房地(土地+建物)+車位,土:2 建:1車:1,,200,有,有,住家用,建案名稱:天母.晨曦
士林區中山北路七段８１巷１６弄９號三樓之１,沐山,113/05/12,4388,84.69,55.77,56.04%,住宅大樓(11層含以上有電梯),1,三層/十五層,房地(土地+建物)+車位,土:1 建:1車:1,3房2廳2衛,300,有,有,住家用,
士林區德行東路１８４號,,113/05/12,4000,186.61,21.44,93.07%,公寓(5樓含以下無電梯),47,"一層,騎樓/四層",房地(土地+建物),土:1 建:1車:0,2廳1衛,,無,無,住家用,具重建或重劃、都更等效益;
士林區承德路四段１巷２５號十二樓之１,水研,113/05/12,4288,72.82,58.89,58.25%,住宅大樓(11層含以上有電梯),9,十二層/十四層,房地(土地+建物)+車位,土:1 建:2車:1,3房2廳2衛,,有,有,住家用,
士林區延平北路五段１９７巷５號四樓,,113/05/12,840,59.65,14.08,100.00%,公寓(5樓含以下無電梯),53,四層/四層,房地(土地+建物),土:2 建:1車:0,3房2廳1衛,,無,無,住家用,前露台頂樓加蓋;其他增建;
士林區光華路２６巷２弄２號四樓,,113/05/12,1300,37.51,34.66,100.00%,公寓(5樓含以下無電梯),49,"四層,陽台/四層",房地(土地+建物),土:1 建:1車:0,8房8衛,,無,無,住家用,頂樓加蓋;
士林區通河東街一段１３６巷４號四樓,,113/05/11,1736,52.49,33.07,82.80%,公寓(5樓含以下無電梯),44,四層/五層,房地(土地+建物),土:1 建:1車:0,3房2廳2衛,,無,無,住家用,陽台外推;其他增建;
士林區天母東路８１巷２０弄１４號四樓,滿園春,113/05/11,1680,49.61,33.86,84.95%,公寓(5樓含以下無電梯),39,四層/五層,房地(土地+建物),土:1 建:1車:0,3房2廳2衛,,有,無,住家用,
士林區中山北路六段２７７巷８號三樓,,113/05/11,1755,76.09,23.07,86.89%,公寓(5樓含以下無電梯),45,三層/五層,房地(土地+建物),土:1 建:1車:0,2房2廳1衛,,無,無,住家用,陽台外推;
士林區劍潭路５５巷１７弄１３號五樓,,113/05/11,2100,59.01,35.59,88.12%,公寓(5樓含以下無電梯),40,五層/五層,房地(土地+建物),土:1 建:1車:0,6房6衛,,無,無,住家用,陽台外推;其他增建;
士林區中山北路六段４５０巷６弄１號二樓,,113/05/11,2680,70.65,37.93,90.13%,公寓(5樓含以下無電梯),51,二層/四層,房地(土地+建物),土:1 建:1車:0,3房2廳2衛,,無,無,住家用,陽台外推;其他增建;
士林區芝玉路一段２０２號,,113/05/11,5080,49.88,101.84,40.60%,住宅大樓(11層含以上有電梯),28,一層/十九層,房地(土地+建物)+車位,土:1 建:1車:2,5房3廳4衛,,有,有,住家用,其他增建;
士林區幸福街９巷６號,,113/05/11,4800,0,25.13,,透天厝,59,全/二層,房地(土地+建物),土:1 建:1車:0,3房2廳3衛,,無,無,住家用,其他增建：壹樓空地垂直增建至貳樓、頂樓增建。其他增建;
士林區菁山路６６之５號,元大陽明,113/05/10,3400,0,87.76,,透天厝,25,全/四層,房地(土地+建物)+車位,土:1 建:1車:2,3房2廳5衛,,有,無,其他,
士林區中山北路六段４１９巷１５號四樓之１、五樓,,113/05/10,1825,55.88,32.66,92.68%,公寓(5樓含以下無電梯),46,"四層,五層/五層",房地(土地+建物),土:1 建:1車:0,4房2廳3衛,,無,無,住家用,陽台外推;頂樓加蓋;其他增建;
士林區社中街３４６巷１弄１８之１號三樓,三磐舍紫,113/05/10,1590,55.38,36.95,55.02%,華廈(10層含以下有電梯),5,三層/七層,房地(土地+建物)+車位,土:1 建:1車:1,2房1廳2衛,225,有,有,住家用,
士林區福港街１２１號三樓,,113/05/10,1760,66.6,26.43,100.00%,公寓(5樓含以下無電梯),49,"三層,陽台/四層",房地(土地+建物),土:1 建:1車:0,4房4衛,,無,無,住家用,陽台外推;
士林區中山北路五段８２９巷６號三樓,,113/05/10,1800,49.51,36.35,88.88%,公寓(5樓含以下無電梯),47,三層/四層,房地(土地+建物),土:1 建:1車:0,2房1廳1衛,,無,無,住家用,親友、員工、共有人或其他特殊關係間之交易;
士林區重慶北路四段４９巷１５弄１４號,,113/05/10,790,24.93,31.69,87.63%,公寓(5樓含以下無電梯),47,一層/四層,房地(土地+建物),土:1 建:1車:0,4房1廳1衛,,無,無,住家用,親友、員工、共有人或其他特殊關係間之交易;其他增建;
士林區中山北路七段８１巷３０之３號,名流大廈,113/05/09,2000,79.49,25.16,79.56%,華廈(10層含以下有電梯),45,一層/七層,房地(土地+建物),土:1 建:1車:0,,,有,有,商業用,本不動產為一樓營業用親友、員工、共有人或其他特殊關係間之交易;
士林區中山北路六段２９０巷１７之１號五樓,,113/05/09,1316,60.61,21.71,84.52%,公寓(5樓含以下無電梯),39,五層/五層,房地(土地+建物),土:1 建:1車:0,2房2廳1衛,,無,無,住家用,陽台外推;
士林區通河街２５號,圓山迎春風,113/05/09,4700,98.25,47.84,62.04%,華廈(10層含以下有電梯),11,一層/八層,房地(土地+建物),土:1 建:2車:0,4房2衛,,有,有,住家用,陽台外推;其他增建;含租約;
士林區承德路四段７０號四樓,,113/05/09,440,47.38,9.29,100.00%,公寓(5樓含以下無電梯),48,"四層,陽台/五層",房地(土地+建物),土:1 建:1車:0,3房1廳1衛,,無,無,住家用,親友、員工、共有人或其他特殊關係間之交易;
士林區中山北路七段１４１巷１７之４號,,113/05/09,1500,30.61,49.01,69.35%,華廈(10層含以下有電梯),43,一層/七層,房地(土地+建物),土:1 建:1車:0,3房2廳2衛,,有,有,住家用,親友、員工、共有人或其他特殊關係間之交易;
士林區忠義街１３１號二樓,,113/05/09,1800,66.51,27.06,96.68%,公寓(5樓含以下無電梯),48,二層/五層,房地(土地+建物),土:1 建:1車:0,3房1廳1衛,,無,無,住家用,
士林區芝玉路二段２０巷８號五樓,,113/05/08,1200,51.9,23.12,79.84%,公寓(5樓含以下無電梯),40,五層/五層,房地(土地+建物),土:2 建:1車:0,2房1廳1衛,,無,無,住家用,親友、員工、共有人或其他特殊關係間之交易;
士林區中山北路七段１４巷１９之１號二樓,藝術家,113/05/08,3425,77.57,44.16,82.83%,華廈(10層含以下有電梯),36,二層/七層,房地(土地+建物),土:1 建:1車:0,3房1廳3衛,,有,有,住家用,陽台外推;其他增建;
士林區光華路２６巷１之２號三樓,,113/05/08,1536,35.49,43.28,91.91%,公寓(5樓含以下無電梯),47,三層/四層,房地(土地+建物),土:1 建:1車:0,8房8衛,,無,無,住家用,陽台外推;
士林區前港街１００巷１號,,113/05/07,2468,57.4,43,86.92%,公寓(5樓含以下無電梯),44,一層/五層,房地(土地+建物),土:1 建:1車:0,3房2廳2衛,,無,無,住家用,其他增建;
士林區德行東路１４３號,,113/05/07,4288,148.49,28.88,100.00%,公寓(5樓含以下無電梯),51,"一層,騎樓/三層",房地(土地+建物),土:1 建:1車:0,3廳2衛,,無,無,住家用,其他增建;
士林區重慶北路四段２２２號七樓之３,士科京璽,113/05/07,3050,66.4,45.93,59.75%,住宅大樓(11層含以上有電梯),7,七層/十四層,房地(土地+建物)+車位,土:2 建:1車:1,3房2廳2衛,,有,有,住家用,
士林區德行東路３５８巷１４弄１０號四樓,,113/05/06,315,40.85,7.71,80.42%,公寓(5樓含以下無電梯),36,"四層,五層,夾層/五層",房地(土地+建物)+車位,土:1 建:1車:1,3房2廳3衛,,有,無,住家用,陽台增建親友、員工、共有人或其他特殊關係間之交易;其他增建;
士林區中山北路七段８１巷１６弄７號五樓,沐山,113/05/06,3800,100.22,39.86,55.90%,住宅大樓(11層含以上有電梯),1,五層/十五層,房地(土地+建物)+車位,土:1 建:1車:1,2房2廳2衛,260,有,有,住家用,
士林區德行東路３５８巷１４弄１０號四樓,,113/05/06,585,51.22,11.42,80.43%,華廈(10層含以下有電梯),36,"四層,五層,夾層/五層",房地(土地+建物)+車位,土:1 建:1車:1,3房2廳3衛,,有,有,住家用,親友、員工、共有人或其他特殊關係間之交易;陽台外推;
士林區大北路９０號三樓,,113/05/06,1760,56.01,31.42,87.24%,公寓(5樓含以下無電梯),42,三層/五層,房地(土地+建物),土:1 建:1車:0,2房2廳2衛,,無,無,住家用,陽台外推;其他增建;
士林區承德路四段６巷１５號三樓,,113/05/06,1400,72.21,19.39,90.54%,公寓(5樓含以下無電梯),38,三層/五層,房地(土地+建物),土:3 建:1車:0,3房1廳2衛,,無,無,住家用,陽台外推;其他增建;
士林區延平北路六段１１９號四樓,,113/05/06,1600,39.75,40.25,79.48%,公寓(5樓含以下無電梯),40,四層/四層,房地(土地+建物),土:1 建:1車:0,3房2廳2衛,,無,無,住家用,親友、員工、共有人或其他特殊關係間之交易;頂樓加蓋;
士林區德行東路３３號四樓,富森天母大廈,113/05/05,1600,116.22,13.77,40.56%,華廈(10層含以下有電梯),2,四層/七層,房地(土地+建物),土:1 建:1車:0,1房1廳1衛,,有,有,住家用,
士林區忠誠路二段２１巷１６號七樓,敦年忠誠,113/05/05,6733,101.99,76.93,61.80%,華廈(10層含以下有電梯),15,七層/九層,房地(土地+建物)+車位,土:1 建:2車:2,3房2廳2衛,350,有,有,住家用,2車位為子母車位，價格共計為新台幣350萬元整，不單獨拆價。陽台外推;其他增建;
士林區延平北路五段１３６巷２７弄３０號二樓,,113/05/05,600,53.78,11.16,100.00%,公寓(5樓含以下無電梯),54,二層/四層,房地(土地+建物),土:1 建:1車:0,2房1廳1衛,,無,無,住家用,親友、員工、共有人或其他特殊關係間之交易;
士林區天母北路２４號三樓,,113/05/05,2875,62.72,45.84,73.52%,華廈(10層含以下有電梯),46,三層/七層,房地(土地+建物),土:1 建:1車:0,4房2廳2衛,,無,有,住家用,陽台外推;
士林區承德路四段３２２號八樓,餘白,113/05/05,6636,80.5,82.43,56.55%,住宅大樓(11層含以上有電梯),11,八層/十四層,房地(土地+建物)+車位,土:2 建:1車:2,4房2廳2衛,,有,有,住家用,其他增建;
士林區忠誠路二段１號九樓,新光仰賢華廈,113/05/05,5188,68.56,75.67,96.92%,住宅大樓(11層含以上有電梯),37,九層/十四層,房地(土地+建物)+車位,土:3 建:1車:1,4房2廳2衛,,有,有,住家用,陽台外推;
士林區士東路２７６號四樓,天母光點,113/05/05,1618,81.74,19.8,49.33%,華廈(10層含以下有電梯),16,四層/七層,房地(土地+建物),土:1 建:1車:0,1房1廳1衛,,有,有,住家用,其他增建;
士林區士東路１２０巷２０弄１３號五樓,東坡居,113/05/05,2096,71.91,29.15,80.92%,公寓(5樓含以下無電梯),39,五層/五層,房地(土地+建物),土:1 建:1車:0,5房3廳2衛,,無,無,住家用,頂樓加蓋;
士林區和豐街２８號三樓,,113/05/04,733,41.44,17.69,88.08%,公寓(5樓含以下無電梯),54,三層/四層,房地(土地+建物),土:1 建:1車:0,3房2廳1衛,,無,無,住家用,親友、員工、共有人或其他特殊關係間之交易;
士林區天母東路３６之２號三樓,,113/05/04,4288,73.95,68.4,99.83%,住宅大樓(11層含以上有電梯),38,三層/十二層,房地(土地+建物)+車位,土:1 建:1車:1,4房2廳2衛,350,有,有,商業用,陽台外推;其他增建;
士林區基河路１９２號六樓,公教大樓,113/05/04,2900,82.97,44.35,68.71%,住宅大樓(11層含以上有電梯),29,六層/十二層,房地(土地+建物)+車位,土:1 建:1車:1,3房2廳2衛,200,有,有,住家用,陽台外推;其他增建;
士林區天母北路５６號十三樓,聯上天母,113/05/04,6230,111.19,64.03,50.00%,住宅大樓(11層含以上有電梯),4,十三層/二十四層,房地(土地+建物)+車位,土:1 建:1車:1,3房2廳2衛,415,有,有,住家用,
士林區忠誠路一段１４７巷９號九樓,精忠新城,113/05/04,3960,90.7,43.66,87.44%,華廈(10層含以下有電梯),32,九層/九層,房地(土地+建物),土:3 建:1車:0,3房2廳2衛,,有,有,住家用,陽台外推;其他增建;
士林區天母東路１０５巷３５號六樓之４,萬祥樓,113/05/04,1470,60.01,24.5,74.44%,華廈(10層含以下有電梯),46,六層/七層,房地(土地+建物),土:1 建:1車:0,2房2廳1衛,,有,有,住家用,陽台外推;其他增建;
士林區德行東路３１號二樓,富森天母大廈,113/05/03,1750,116.64,15,41.21%,華廈(10層含以下有電梯),2,二層/七層,房地(土地+建物),土:1 建:1車:0,1房1廳1衛,,有,有,住家用,
士林區忠誠路二段４０巷１４弄８號五樓,,113/05/03,1700,61.67,27.57,79.01%,公寓(5樓含以下無電梯),40,五層/五層,房地(土地+建物),土:2 建:1車:0,2房2廳1衛,,無,無,住家用,其他增建;
士林區中山北路七段１１４巷５１弄６號五樓,,113/05/03,2318,48.66,47.64,69.43%,華廈(10層含以下有電梯),43,五層/七層,房地(土地+建物),土:1 建:1車:0,3房2廳2衛,,無,有,住家用,陽台外推;其他增建;
士林區中山北路六段４１９巷２１號四樓,,113/05/03,1900,55.14,34.45,87.66%,公寓(5樓含以下無電梯),44,四層/五層,房地(土地+建物),土:1 建:1車:0,3房1廳2衛,,無,無,住家用,
士林區永平街３５號,,113/05/03,3000,52.81,56.81,62.49%,公寓(5樓含以下無電梯),35,一層/五層,房地(土地+建物),土:1 建:2車:0,1房2廳1衛,,無,無,商業用,
士林區中山北路七段８１巷１６弄５號三樓之１,沐山,113/05/02,4150,79.88,53.37,53.49%,住宅大樓(11層含以上有電梯),1,三層/十五層,房地(土地+建物)+車位,土:1 建:1車:1,3房2廳2衛,280,有,有,住家用,
士林區通河街７２號二樓,,113/05/02,2520,65.8,38.3,91.59%,公寓(5樓含以下無電梯),48,二層/五層,房地(土地+建物),土:1 建:1車:0,3房2廳2衛,,無,無,住家用,陽台外推;其他增建;
士林區中山北路七段８２巷２７號八樓,麗景大廈,113/05/02,3280,69.77,47.01,72.85%,住宅大樓(11層含以上有電梯),40,八層/十一層,房地(土地+建物),土:1 建:1車:0,2房2廳2衛,,無,有,住家用,
士林區中山北路七段２１９巷８號七樓之１１、之１２,富春居,113/05/02,1900,64.05,29.66,55.90%,華廈(10層含以下有電梯),35,七層/七層,房地(土地+建物),土:1 建:1車:0,1房1廳2衛,,有,有,住家用,陽台外推;其他增建;
士林區延平北路六段２５８巷３６弄１號二樓,,113/05/01,1338,43.73,30.6,86.92%,公寓(5樓含以下無電梯),44,二層/四層,房地(土地+建物),土:1 建:1車:0,3房2廳2衛,,無,無,住家用,
士林區福港街２４７號,,113/05/01,1620,47.59,34.04,100.00%,公寓(5樓含以下無電梯),49,"二層,陽台/四層",房地(土地+建物),土:1 建:1車:0,3房2廳2衛,,無,無,住家用,陽台外推;其他增建;
士林區天玉街３８巷１６弄４號二樓,,113/05/01,2900,65.96,43.97,88.44%,公寓(5樓含以下無電梯),43,二層/五層,房地(土地+建物),土:1 建:1車:0,4房2廳2衛,,無,無,住家用,親友、員工、共有人或其他特殊關係間之交易;
士林區福華路２８１號,,113/05/01,3068,92.97,33,84.32%,公寓(5樓含以下無電梯),45,一層/五層,房地(土地+建物),土:1 建:1車:0,1廳1衛,,無,無,其他,其他增建;
士林區中山北路五段５１６號六樓,欣翰士林官邸,113/05/01,14580,93.6,179.32,49.76%,住宅大樓(11層含以上有電梯),9,六層/十二層,房地(土地+建物)+車位,土:1 建:1車:4,,"1,200",有,有,辦公用,毛胚屋;
士林區後街１６號四樓,,113/05/01,1813,62.08,29.21,93.97%,公寓(5樓含以下無電梯),43,四層/五層,房地(土地+建物),土:3 建:1車:0,3房2廳2衛,,無,無,住家用,其他增建;
士林區文林路４２１巷８號二樓,,113/05/01,1466,41.47,35.35,88.55%,公寓(5樓含以下無電梯),45,二層/五層,房地(土地+建物),土:4 建:1車:0,3房2廳2衛,,無,無,住家用,親友、員工、共有人或其他特殊關係間之交易;
士林區文林路４２１巷８號三樓,,113/05/01,1455,41.16,35.35,88.55%,公寓(5樓含以下無電梯),45,三層/五層,房地(土地+建物),土:4 建:1車:0,3房2廳2衛,,無,無,住家用,親友、員工、共有人或其他特殊關係間之交易;
士林區忠義街７８巷７號五樓,,113/04/30,1862,61.12,30.46,86.80%,公寓(5樓含以下無電梯),45,五層/五層,房地(土地+建物),土:1 建:1車:0,3房2廳2衛,,無,無,住家用,陽台外推;頂樓加蓋;
士林區中山北路七段１４巷２９之７號二樓,幸福華廈,113/04/30,1488,69.36,21.45,81.98%,華廈(10層含以下有電梯),46,二層/七層,房地(土地+建物),土:1 建:1車:0,2房1廳1衛,,有,有,住家用,其他增建;
士林區菁山路６６之８號,元大陽明,113/04/30,3150,0,77.31,,透天厝,25,全/四層,房地(土地+建物)+車位,土:1 建:1車:1,3房3廳3衛,,有,無,其他,陽台外推;其他增建;
士林區天母東路１０５巷９弄１０號十樓,天母桓琚,113/04/30,4380,97.43,46.67,57.45%,住宅大樓(11層含以上有電梯),,十層/十二層,房地(土地+建物)+車位,土:1 建:1車:1,3房2廳2衛,220,有,有,住家用,預售屋、或土地及建物分件登記案件;
士林區忠誠路一段１７３巷２４號二樓,,113/04/30,2000,58.2,34.36,89.00%,公寓(5樓含以下無電梯),44,二層/五層,房地(土地+建物),土:5 建:1車:0,4房2廳2衛,,無,無,住家用,
士林區社中街２１０巷９弄２號,,113/04/30,1580,71.25,22.18,100.00%,公寓(5樓含以下無電梯),48,"一層,平台/四層",房地(土地+建物),土:1 建:1車:0,2房1廳1衛,,無,無,住家用,其他增建;
士林區承德路四段４０巷７３號六樓之２,劍潭整宅B區,113/04/29,500,46.43,10.77,91.01%,公寓(5樓含以下無電梯),54,五層/五層,房地(土地+建物),土:1 建:1車:0,2房1廳1衛,,有,無,住家用,親友、員工、共有人或其他特殊關係間之交易;
士林區承德路四段１巷７號二樓,,113/04/29,1000,46.18,21.65,100.00%,公寓(5樓含以下無電梯),55,二層/四層,房地(土地+建物),土:1 建:1車:0,3房2廳1衛,,無,無,住家用,陽台外推;其他增建;
士林區重慶北路四段４９巷１５弄３６號三樓,,113/04/29,446,37.31,11.95,100.00%,公寓(5樓含以下無電梯),61,"三層,陽台/三層",房地(土地+建物),土:1 建:1車:0,1房1廳1衛,,無,無,住家用,
士林區重慶北路四段４９巷１５弄３６號二樓,,113/04/29,446,37.31,11.95,100.00%,公寓(5樓含以下無電梯),61,"二層,陽台/三層",房地(土地+建物),土:1 建:1車:0,1房1廳1衛,,無,無,住家用,
士林區葫東街１０巷９號二樓,,113/04/29,220,39.35,5.59,100.00%,公寓(5樓含以下無電梯),56,二層/四層,房地(土地+建物),土:1 建:1車:0,2房2廳1衛,,無,無,住家用,
士林區葫東街１０巷９號二樓,,113/04/29,490,43.83,11.18,100.00%,公寓(5樓含以下無電梯),56,二層/四層,房地(土地+建物),土:1 建:1車:0,2房2廳1衛,,無,無,住家用,
士林區葫東街１０巷９號二樓,,113/04/29,440,52.47,8.39,100.00%,公寓(5樓含以下無電梯),56,二層/四層,房地(土地+建物),土:1 建:1車:0,2房2廳1衛,,無,無,住家用,
士林區福港街１６２號四樓,,113/04/28,1850,63.15,29.3,93.71%,公寓(5樓含以下無電梯),44,四層/五層,房地(土地+建物),土:2 建:1車:0,3房2廳2衛,,無,無,住家用,陽台外推;
士林區德行東路３５８巷２３弄３號四樓,,113/04/28,2350,43.57,53.93,81.38%,公寓(5樓含以下無電梯),36,"四層,五層,屋頂突出物,夾層/五層",房地(土地+建物),土:1 建:1車:0,4房2廳3衛,,有,無,住家用,陽台外推;頂樓加蓋;夾層;其他增建;
士林區中山北路七段１４巷２之２號六樓,,113/04/28,2900,63.62,45.58,66.75%,住宅大樓(11層含以上有電梯),44,六層/十二層,房地(土地+建物),土:1 建:1車:0,3房2廳2衛,,有,有,住家用,陽台外推;
士林區天玉街３８巷１６弄８號五樓,,113/04/28,1900,67.69,28.07,84.77%,公寓(5樓含以下無電梯),45,五層/五層,房地(土地+建物),土:1 建:1車:0,5房3廳3衛,,無,無,住家用,頂樓加蓋;其他增建;
士林區中山北路七段１４巷５９弄２號,羅馬儷園,113/04/28,2796,75.94,36.82,83.46%,公寓(5樓含以下無電梯),39,一層/五層,房地(土地+建物),土:1 建:1車:0,4房2廳2衛,,有,無,商業用,其他增建;
士林區忠誠路一段１５７號五樓,蘭雅新城,113/04/28,3728,85.11,43.8,87.87%,華廈(10層含以下有電梯),32,五層/十層,房地(土地+建物),土:1 建:1車:0,3房2廳2衛,,有,有,住家用,陽台外推;其他增建;
士林區承德路四段３２３號七樓,迪斯耐,113/04/28,2478,68.44,36.21,73.16%,住宅大樓(11層含以上有電梯),39,七層/十二層,房地(土地+建物),土:2 建:1車:0,3房2廳2衛,,有,有,住家用,陽台外推;其他增建;
士林區德行西路１０９號二樓,,113/04/27,2480,70.46,35.2,93.30%,公寓(5樓含以下無電梯),45,二層/五層,房地(土地+建物),土:3 建:1車:0,4房2廳2衛,,無,無,住家用,陽台外推;其他增建;
士林區天玉街３８巷１３弄４號二樓之１,天母琴宮,113/04/27,2235,71.11,31.43,73.08%,華廈(10層含以下有電梯),40,二層/六層,房地(土地+建物),土:1 建:1車:0,3房2廳2衛,,無,有,住家用,
士林區大南路３２７號九樓之１,新天地,113/04/27,3200,76.1,48.17,64.45%,住宅大樓(11層含以上有電梯),16,九層/十四層,房地(土地+建物)+車位,土:1 建:1車:1,3房2廳2衛,250,有,有,商業用,其他增建;
士林區中山北路六段４５０巷２１號,,113/04/26,3305,93.53,35.34,84.40%,公寓(5樓含以下無電梯),43,一層/五層,房地(土地+建物),土:1 建:1車:0,3房2廳2衛,,無,無,住家用,其他增建;
士林區至誠路二段４３號四樓,,113/04/26,2010,59.56,33.75,83.10%,公寓(5樓含以下無電梯),42,四層/五層,房地(土地+建物),土:1 建:1車:0,3房2廳2衛,,無,無,住家用,
士林區葫蘆街７巷４號,,113/04/26,1176,52.99,22.19,100.00%,公寓(5樓含以下無電梯),52,一層/四層,房地(土地+建物),土:3 建:1車:0,2房1廳1衛,,無,無,住家用,
士林區基河路１２８號七樓之１５,基河之星,113/04/25,690,81.09,8.51,56.59%,住宅大樓(11層含以上有電梯),28,七層/十一層,房地(土地+建物),土:1 建:1車:0,1房1衛,,有,有,住家用,陽台外推;
士林區德行西路５１號七樓,蘭雅花園,113/04/25,3300,86.87,37.99,73.48%,住宅大樓(11層含以上有電梯),34,七層/十一層,房地(土地+建物),土:3 建:1車:0,3房2廳2衛,,有,有,住家用,其他增建;
士林區大東路１７４號六樓,,113/04/25,700,27.02,25.91,90.17%,華廈(10層含以下有電梯),40,六層/七層,房地(土地+建物),土:1 建:1車:0,3房1廳1衛,,無,有,住家用,親友、員工、共有人或其他特殊關係間之交易;
士林區天母北路２８巷２１號四樓,,113/04/24,3700,75.29,49.14,74.03%,華廈(10層含以下有電梯),44,四層/七層,房地(土地+建物),土:2 建:1車:0,3房2廳3衛,,有,有,住家用,
士林區德行東路３５８巷１４弄１２號,,113/04/24,3000,69.5,46.64,87.94%,公寓(5樓含以下無電梯),36,"一層,二層,三層/五層",房地(土地+建物)+車位,土:1 建:1車:1,3房2廳3衛,280,有,無,住家用,陽台外推;其他增建;
士林區忠義街１２３巷８號二樓,,113/04/24,1555,57.34,27.12,82.94%,公寓(5樓含以下無電梯),39,二層/五層,房地(土地+建物),土:1 建:1車:0,3房2廳2衛,,無,無,住家用,
士林區天母東路６９巷５之１號六樓,,113/04/24,1400,40.36,34.69,73.35%,華廈(10層含以下有電梯),42,六層/七層,房地(土地+建物),土:1 建:1車:0,2房2廳2衛,,有,有,住家用,親友、員工、共有人或其他特殊關係間之交易;
士林區至善路二段９０號五樓之９,川普至善Villa,113/04/24,2380,64.03,37.17,56.58%,華廈(10層含以下有電梯),9,五層/五層,房地(土地+建物)+車位,土:1 建:1車:1,1房1廳1衛,,有,有,住家用,親友、員工、共有人或其他特殊關係間之交易;
士林區通河西街二段１６巷３號三樓,,113/04/24,1355,79.07,17.14,100.00%,公寓(5樓含以下無電梯),52,三層/三層,房地(土地+建物),土:1 建:1車:0,3房2廳2衛,,無,無,住家用,頂樓加蓋;
士林區忠誠路二段１３０巷３３號五樓,,113/04/24,2558,69.81,36.64,83.13%,公寓(5樓含以下無電梯),43,五層/五層,房地(土地+建物),土:1 建:1車:0,4房3廳2衛,,無,無,住家用,內梯增建陽台外推;頂樓加蓋;其他增建;
士林區德行東路３５８巷２４弄６號四樓,,113/04/23,2610,46.94,58.58,98.69%,公寓(5樓含以下無電梯),36,"四層,五層,屋頂突出物,夾層/五層",房地(土地+建物)+車位,土:1 建:1車:1,3房3廳3衛,250,有,無,住家用,頂樓加蓋;夾層;其他增建;
士林區天母東路８巷４９號二樓,,113/04/23,3450,80.2,43.02,73.88%,華廈(10層含以下有電梯),42,二層/七層,房地(土地+建物),土:4 建:1車:0,3房2廳2衛,,有,有,住家用,陽台外推;其他增建;
士林區永平街９巷１８弄８號,,113/04/23,1765,56.38,31.31,86.88%,公寓(5樓含以下無電梯),43,一層/五層,房地(土地+建物),土:2 建:1車:0,1房1廳1衛,,無,無,住家用,
士林區芝山里芝玉路一段６６號,,113/04/23,500,0,12.1,,透天厝,54,全/二層,房地(土地+建物),土:1 建:1車:0,4房3廳2衛,,無,無,住家用,親友、員工、共有人或其他特殊關係間之交易;頂樓加蓋;
士林區和豐街４２號三樓,,113/04/22,1629,50.22,32.44,91.80%,公寓(5樓含以下無電梯),39,三層/五層,房地(土地+建物),土:1 建:1車:0,3房2廳2衛,,無,無,住家用,其他增建;
士林區承德路四段３９號二樓,圓山金城,113/04/22,3020,61.09,49.43,94.59%,住宅大樓(11層含以上有電梯),27,二層/十四層,房地(土地+建物)+車位,土:1 建:1車:1,2廳1衛,,有,有,其他,
士林區中山北路六段２９０巷７弄１０號三樓,,113/04/22,1680,67.06,25.05,92.92%,公寓(5樓含以下無電梯),45,三層/五層,房地(土地+建物),土:1 建:1車:0,3房2廳1衛,,無,無,住家用,陽台外推;其他增建;
士林區天母東路１０５巷９弄６號十樓,天母桓琚,113/04/22,3960,95.92,42.96,58.96%,住宅大樓(11層含以上有電梯),,十層/十二層,房地(土地+建物)+車位,土:1 建:1車:1,3房2廳2衛,220,有,有,住家用,預售屋、或土地及建物分件登記案件;
士林區德行東路３３８巷２號三樓,天母晨曦,113/04/22,3030,80.84,39.52,45.24%,華廈(10層含以下有電梯),3,三層/七層,房地(土地+建物)+車位,土:2 建:1車:1,,200,有,有,住家用,建案名稱:天母.晨曦
士林區德行東路３３８巷２號四樓,天母晨曦,113/04/22,2990,79.7,39.52,45.24%,華廈(10層含以下有電梯),3,四層/七層,房地(土地+建物)+車位,土:2 建:1車:1,,200,有,有,住家用,建案名稱:天母.晨曦
士林區德行東路３３８巷２號二樓,天母晨曦,113/04/22,2980,79.41,39.52,45.24%,華廈(10層含以下有電梯),3,二層/七層,房地(土地+建物)+車位,土:2 建:1車:1,2房2廳2衛,200,有,有,住家用,建案名稱:天母.晨曦
士林區士東路８８號十二樓,璞氏集,113/04/21,6250,127.74,58.54,55.84%,住宅大樓(11層含以上有電梯),6,十二層/十四層,房地(土地+建物)+車位,土:1 建:1車:1,3房2廳2衛,350,有,有,住家用,其他增建;
士林區中正路７１５號七樓之１,天星花園,113/04/21,1826,66.75,30.42,63.31%,住宅大樓(11層含以上有電梯),20,七層/十三層,房地(土地+建物)+車位,土:2 建:1車:1,3房2廳1衛,190,有,有,住家用,其他增建;
士林區通河街２巷３８之１號七樓,,113/04/21,2030,71.84,28.26,70.42%,華廈(10層含以下有電梯),42,七層/七層,房地(土地+建物),土:1 建:1車:0,3房1廳1衛,,有,有,住家用,陽台外推;
士林區中山北路七段１４巷２９之６號,幸福華廈,113/04/21,1935,60.08,32.21,70.15%,華廈(10層含以下有電梯),46,一層/七層,房地(土地+建物),土:1 建:1車:0,2房1廳1衛,,無,有,住家用,陽台外推;其他增建;
士林區中山北路七段１４巷２９之３號,幸福華廈,113/04/21,2275,51.39,44.27,83.22%,華廈(10層含以下有電梯),46,一層/七層,房地(土地+建物)+車位,土:1 建:1車:1,2房1廳1衛,350,無,有,住家用,陽台外推;其他增建;
士林區文林路５６２號,文林苑,113/04/21,4680,66.54,70.33,65.48%,住宅大樓(11層含以上有電梯),8,"一層,二層/十五層",房地(土地+建物)+車位,土:1 建:1車:1,5房2廳2衛,,有,有,住商用,
士林區德行東路３３１巷５０弄７號地下室,,113/04/20,730,27.76,26.29,100.00%,公寓(5樓含以下無電梯),45,地下層/五層,房地(土地+建物),土:3 建:1車:0,3房2廳2衛,,無,無,其他,
士林區後港街１６０之１號四樓,圓山巴黎,113/04/20,1350,84.28,16.02,64.25%,住宅大樓(11層含以上有電梯),27,四層/十二層,房地(土地+建物),土:1 建:1車:0,2房2廳1衛,,有,有,住家用,陽台外推;其他增建;
士林區德行東路３１號四樓,富森天母大廈,113/04/20,1785,118.97,15,41.21%,華廈(10層含以下有電梯),2,四層/七層,房地(土地+建物),土:1 建:1車:0,1房1廳1衛,,有,有,住家用,
士林區中山北路七段１１４巷７８弄３號,,113/04/20,6888,0,48.34,,透天厝,61,全/一層,房地(土地+建物),土:1 建:1車:0,4房2廳2衛,,無,無,住家用,
士林區延平北路五段３２號三樓,山河悅,113/04/20,2650,52.97,50.03,54.20%,住宅大樓(11層含以上有電梯),12,三層/十三層,房地(土地+建物)+車位,土:3 建:1車:2,3房2廳2衛,,有,有,住家用,陽台外推;其他增建;
士林區福林路１００巷７０號七樓之１,士林官邸,113/04/20,5188,80.57,64.39,67.52%,華廈(10層含以下有電梯),15,七層/七層,房地(土地+建物)+車位,土:1 建:1車:1,3房1廳2衛,,有,有,住家用,其他增建;
士林區福林路１００巷７０號七樓,士林官邸,113/04/20,4900,74.84,65.47,67.20%,華廈(10層含以下有電梯),15,七層/七層,房地(土地+建物)+車位,土:1 建:1車:1,2房1廳2衛,,有,有,住家用,其他增建;
士林區通河西街二段１１８號,,113/04/19,2070,87.83,23.57,87.31%,公寓(5樓含以下無電梯),46,一層/四層,房地(土地+建物),土:1 建:1車:0,1房1衛,,無,無,住家用,其他增建;
士林區中山北路七段８１巷２８弄６號四樓,天母紘琚,113/04/19,17800,83.57,212.98,39.52%,住宅大樓(11層含以上有電梯),13,四層/二十二層,房地(土地+建物)+車位,土:1 建:1車:5,3房3廳4衛,"1,500",有,有,住家用,其他增建;
士林區仰德大道三段１２５巷５弄１１號三樓,,113/04/19,1732,40.53,42.73,73.92%,公寓(5樓含以下無電梯),45,三層/四層,房地(土地+建物),土:1 建:1車:0,3房2廳2衛,,有,無,住家用,陽台外推;
士林區通河街３２５巷８０之４號,劍潭國宅D區,113/04/19,350,32.17,10.88,91.10%,公寓(5樓含以下無電梯),53,四層/五層,房地(土地+建物),土:1 建:1車:0,1房1廳1衛,,有,無,住家用,親友、員工、共有人或其他特殊關係間之交易;其他增建;
士林區天母北路２８巷３９號二樓之５,天母小西華,113/04/18,1050,95.73,10.97,51.46%,華廈(10層含以下有電梯),16,二層/九層,房地(土地+建物),土:1 建:1車:0,1房1廳1衛,,有,有,住家用,陽台外推;夾層;
士林區延平北路五段２８５巷８９號二樓,硯藏,113/04/18,1000,56.94,17.56,51.19%,華廈(10層含以下有電梯),8,二層/五層,房地(土地+建物),土:1 建:1車:0,1房1廳1衛,,有,有,住家用,
士林區中山北路六段４０５巷８８號十二樓之１,新美齊心岳,113/04/18,6250,96.56,64.73,58.74%,住宅大樓(11層含以上有電梯),1,十二層/十四層,房地(土地+建物)+車位,土:1 建:1車:2,3房2廳2衛,,有,有,住家用,
士林區忠誠路二段５０巷１３號四樓,,113/04/18,2288,61.28,37.34,88.17%,公寓(5樓含以下無電梯),42,四層/五層,房地(土地+建物),土:1 建:1車:0,3房2廳2衛,,無,無,住家用,
士林區中社路二段５０號二樓,,113/04/18,832,39.98,20.81,100.00%,公寓(5樓含以下無電梯),48,二層/四層,房地(土地+建物),土:1 建:1車:0,3房1廳1衛,,無,無,住家用,陽台外推;
士林區後街２１巷１９號二樓,IF HOUSE,113/04/16,1680,87.53,21.62,55.39%,華廈(10層含以下有電梯),10,二層/七層,房地(土地+建物)+車位,土:1 建:1車:1,1房1廳1衛,180,無,有,住家用,夾層;其他增建;
士林區中山北路六段７５４巷２７號二樓,,113/04/16,2000,68.98,28.99,88.24%,公寓(5樓含以下無電梯),42,二層/五層,房地(土地+建物),土:1 建:1車:0,3房2廳2衛,,無,無,住家用,陽台外推;
士林區中山北路六段２３６巷９號十四樓,天母靜好,113/04/16,3520,119.79,38.79,54.69%,住宅大樓(11層含以上有電梯),2,十四層/十四層,房地(土地+建物)+車位,土:1 建:1車:1,2房2廳1衛,350,有,有,住家用,
士林區福港街２６０號三樓,,113/04/16,1700,51.79,32.82,87.01%,公寓(5樓含以下無電梯),45,三層/五層,房地(土地+建物),土:4 建:1車:0,3房2廳2衛,,有,無,住家用,
士林區忠誠路一段１１０號六樓,,113/04/16,3580,82.51,43.39,84.69%,華廈(10層含以下有電梯),37,六層/八層,房地(土地+建物),土:1 建:1車:0,3房2廳1衛,,有,有,住家用,陽台外推;
士林區劍潭路１６號七樓之３,圓山凡登,113/04/15,1760,101.5,17.34,58.51%,住宅大樓(11層含以上有電梯),15,七層/十四層,房地(土地+建物),土:2 建:1車:0,1房1廳1衛,,有,有,住家用,
士林區德行東路３５８巷１４弄２號四樓,,113/04/15,2300,42.18,54.52,77.40%,公寓(5樓含以下無電梯),36,"四層,五層,夾層/五層",房地(土地+建物),土:1 建:1車:0,3房3廳3衛,,有,無,住家用,陽台外推;夾層;其他增建;
士林區社中街８４號三樓,,113/04/15,1300,63.2,20.57,100.00%,公寓(5樓含以下無電梯),53,三層/三層,房地(土地+建物),土:1 建:1車:0,3房1廳1衛,,無,無,住家用,
士林區基河路１２８號四樓之５,基河之星,113/04/15,898,81.86,19.79,59.88%,住宅大樓(11層含以上有電梯),28,四層/十一層,房地(土地+建物)+車位,土:1 建:1車:1,1房1衛,250,有,有,住家用,陽台外推;其他增建;
士林區社中街２７５之１號四樓,,113/04/15,1478,52.85,27.97,85.64%,公寓(5樓含以下無電梯),43,四層/五層,房地(土地+建物),土:1 建:1車:0,3房2廳2衛,,無,無,住家用,
士林區天母東路１０５巷３號一樓,天母融園二祥,113/04/15,765,18.16,42.13,82.39%,公寓(5樓含以下無電梯),43,一層/五層,房地(土地+建物),土:1 建:1車:0,3房2廳2衛,,無,無,住家用,親友、員工、共有人或其他特殊關係間之交易;
士林區天母西路５０巷３９號十一樓,龍邦國宴,113/04/15,11660,88.99,131.03,51.60%,住宅大樓(11層含以上有電梯),25,"十一層,十二層/十二層",房地(土地+建物)+車位,土:1 建:1車:3,4房2廳5衛,,有,有,住家用,其他增建;
士林區德行西路３６號八樓之１３,萬象之都,113/04/15,111.5,25.62,4.35,53.86%,住宅大樓(11層含以上有電梯),16,八層/十三層,房地(土地+建物),土:3 建:1車:0,1房1廳1衛,,有,有,商業用,親友、員工、共有人或其他特殊關係間之交易;
士林區延平北路六段３５８號,金河帝國,113/04/14,2250,80.15,35.54,67.08%,住宅大樓(11層含以上有電梯),8,一層/十二層,房地(土地+建物)+車位,土:1 建:1車:1,1廳1衛,180,有,有,商業用,其他增建;
士林區通河東街一段９５號五樓,,113/04/14,1530,53.68,28.5,86.51%,公寓(5樓含以下無電梯),45,五層/五層,房地(土地+建物),土:1 建:1車:0,3房2廳1衛,,無,無,住家用,其他增建;
士林區天母北路３６巷８號四樓,,113/04/14,1600,49.36,32.42,88.12%,公寓(5樓含以下無電梯),45,四層/五層,房地(土地+建物),土:2 建:1車:0,3房2廳2衛,,無,無,住家用,
士林區士東路２７８號四樓,天母光點,113/04/14,1368,90.65,15.09,56.50%,華廈(10層含以下有電梯),16,四層/七層,房地(土地+建物),土:1 建:1車:0,2房2廳1衛,,有,有,住家用,夾層;其他增建;
士林區福志路１１８號七樓,官峰大樓,113/04/14,6200,95.51,80.71,55.61%,住宅大樓(11層含以上有電梯),10,七層/十二層,房地(土地+建物)+車位,土:2 建:1車:2,3房2廳3衛,550,有,有,住家用,其他增建;
士林區承德路四段３０５號九樓,迪斯耐花園廣場,113/04/14,1712,63.65,26.9,77.20%,住宅大樓(11層含以上有電梯),39,九層/十二層,房地(土地+建物),土:1 建:1車:0,3房2廳2衛,,有,有,住家用,陽台外推;其他增建;
士林區福港街２５９巷３０號四樓,,113/04/13,1858,60.78,30.57,85.03%,公寓(5樓含以下無電梯),41,四層/五層,房地(土地+建物),土:1 建:1車:0,3房2廳2衛,,無,無,住家用,陽台向外加蓋鐵窗其他增建;
士林區雨聲街６５巷４４號二樓,,113/04/13,2600,63.47,40.96,81.60%,公寓(5樓含以下無電梯),38,二層/五層,房地(土地+建物),土:1 建:1車:0,4房2廳2衛,,無,無,住家用,其他增建;
士林區福港街２７２巷１６號四樓,,113/04/13,1600,41.46,38.59,83.22%,公寓(5樓含以下無電梯),47,四層/四層,房地(土地+建物),土:1 建:1車:0,4房2廳2衛,,無,無,住家用,親友、員工、共有人或其他特殊關係間之交易;
士林區基河路１２８號六樓之１９,基河之星,113/04/13,680,83.41,8.15,59.07%,住宅大樓(11層含以上有電梯),28,六層/十一層,房地(土地+建物),土:1 建:1車:0,1房1廳1衛,,有,有,住家用,陽台外推;其他增建;
士林區文昌路１４９號七樓,文昌社區,113/04/13,600,15.15,39.6,74.39%,華廈(10層含以下有電梯),44,七層/七層,房地(土地+建物),土:1 建:1車:0,2房1廳1衛,,無,有,住家用,親友、員工、共有人或其他特殊關係間之交易;
士林區基河路２１６號三樓,公教大樓,113/04/13,3400,67.74,50.19,51.32%,華廈(10層含以下有電梯),29,三層/九層,房地(土地+建物)+車位,土:1 建:1車:1,3房2廳1衛,,有,有,住家用,陽台外推;其他增建;
士林區忠義街１３５號四樓,,113/04/13,1720,61.46,27.98,96.74%,公寓(5樓含以下無電梯),47,四層/五層,房地(土地+建物),土:1 建:1車:0,3房2廳1衛,,無,無,住家用,
士林區中正路２０１巷２號,,113/04/13,7588,0,40.65,,透天厝,60,全/二層,房地(土地+建物),土:1 建:1車:0,6房2廳3衛,,無,無,住家用,頂樓加蓋;其他增建;
士林區文林路７６５號六樓之９,寶殿大廈,113/04/12,2600,67.22,38.68,73.41%,住宅大樓(11層含以上有電梯),43,六層/十一層,房地(土地+建物),土:1 建:1車:0,4房1廳4衛,,有,有,住家用,陽台外推;其他增建;
士林區中山北路六段１７２巷１６弄２號五樓之４,天母小貴族,113/04/12,845,88.12,9.59,49.53%,華廈(10層含以下有電梯),29,五層/五層,房地(土地+建物),土:1 建:1車:0,1房1衛,,無,有,住家用,陽台外推;其他增建;
士林區延平北路五段２８５巷７３號二樓,,113/04/12,810,39.34,20.59,90.32%,公寓(5樓含以下無電梯),44,二層/四層,房地(土地+建物),土:2 建:1車:0,2房2廳1衛,,無,無,住家用,陽台外推;其他增建;
士林區基河路１６之２號九樓之７,圓山窗外,113/04/12,1280,113.9,11.24,50.55%,住宅大樓(11層含以上有電梯),19,九層/十一層,房地(土地+建物),土:1 建:1車:0,,,有,有,辦公用,
士林區中山北路七段２１６巷３號二樓,晶晶,113/04/11,6750,73.94,91.29,76.23%,華廈(10層含以下有電梯),43,二層/七層,房地(土地+建物),土:1 建:2車:0,4房3廳2衛,,有,有,住家用,其他增建;
士林區劍潭路１６號四樓之２,圓山凡登,113/04/11,1600,100.58,15.91,54.06%,住宅大樓(11層含以上有電梯),15,四層/十四層,房地(土地+建物),土:2 建:1車:0,1房1廳1衛,,有,有,住家用,
士林區中山北路六段１５７巷１１號七樓之３,天母樂活,113/04/11,3230,74.33,43.46,40.44%,住宅大樓(11層含以上有電梯),16,七層/十五層,房地(土地+建物)+車位,土:1 建:1車:1,2廳1衛,300,有,有,商業用,
士林區德行西路７號十樓,宏普世貿,113/04/11,23167,81.99,310.46,56.35%,住宅大樓(11層含以上有電梯),5,十層/十五層,房地(土地+建物)+車位,土:1 建:1車:7,,"1,600",有,有,商業用,
士林區中山北路六段４０５巷６０號,,113/04/11,1405,26.22,53.58,64.17%,住宅大樓(11層含以上有電梯),14,一層/十三層,房地(土地+建物),土:1 建:1車:0,,,有,有,商業用,親友、員工、共有人或其他特殊關係間之交易;
士林區中社路一段１１巷９１號四樓,,113/04/11,1250,40.15,31.13,100.00%,公寓(5樓含以下無電梯),49,四層/四層,房地(土地+建物),土:1 建:1車:0,4房3廳3衛,,無,無,住家用,"陽台外推,頂樓增建1廳1衛陽台外推;頂樓加蓋;"
士林區中山北路七段２２９之１號六樓,,113/04/11,544,14.18,38.37,79.67%,華廈(10層含以下有電梯),38,六層/七層,房地(土地+建物)+車位,土:1 建:1車:1,3房2廳3衛,,有,有,住家用,母子間應有部分買賣: 標的:北市中山北路七段229-1號六樓房地部分: A.2-0地號移轉持分323/10000. B.40095-0建號(六樓)移轉持分4461/10000. C.40086-0建號(地下層)移轉持分4461/140000.親友、員工、共有人或其他特殊關係間之交易;
士林區社中街２１０巷２１弄１９號四樓,,113/04/11,1186,38.66,30.68,100.00%,公寓(5樓含以下無電梯),49,四層/四層,房地(土地+建物),土:1 建:1車:0,5房2廳1衛,,無,無,住家用,親友、員工、共有人或其他特殊關係間之交易;陽台外推;頂樓加蓋;
士林區忠誠路一段１６巷２９號五樓,,113/04/11,3000,88.45,33.92,62.86%,華廈(10層含以下有電梯),30,五層/七層,房地(土地+建物)+車位,土:1 建:1車:2,4房2廳2衛,,有,有,住家用,只有過戶1/2間親友、員工、共有人或其他特殊關係間之交易;
士林區文昌路１６９巷２９號四樓,,113/04/11,1420,62.77,22.62,96.02%,公寓(5樓含以下無電梯),50,四層/四層,房地(土地+建物),土:1 建:1車:0,3房2廳1衛,,無,無,住家用,
士林區德行東路３５３巷１號二樓,,113/04/10,1638,50.39,32.5,80.78%,公寓(5樓含以下無電梯),43,二層/五層,房地(土地+建物),土:4 建:1車:0,3房2廳3衛,,無,無,住家用,陽台外推;
士林區德行西路３６號四樓之５,萬象之都,113/04/10,1150,94.24,12.2,52.26%,住宅大樓(11層含以上有電梯),16,四層/十三層,房地(土地+建物),土:3 建:1車:0,1房1衛,,有,有,商業用,其他增建;
士林區福德路３１巷１１號七樓之１１,小貴馥,113/04/10,950,94.48,10.06,49.37%,華廈(10層含以下有電梯),12,七層/八層,房地(土地+建物),土:1 建:1車:0,1房1廳1衛,,有,有,住家用,
士林區社子街８６號十樓,麗池凡登,113/04/10,2380,35.29,67.44,52.04%,華廈(10層含以下有電梯),15,十層/十層,房地(土地+建物)+車位,土:2 建:1車:5,3房2廳2衛,,有,有,住家用,其他增建;
士林區福華路１２４號五樓,,113/04/10,2488,65.14,38.19,85.64%,公寓(5樓含以下無電梯),45,五層/五層,房地(土地+建物),土:1 建:1車:0,,,無,無,住家用,
士林區劍潭路５５巷１７弄１３號四樓,,113/04/09,1930,54.23,35.59,88.12%,公寓(5樓含以下無電梯),40,四層/五層,房地(土地+建物),土:1 建:1車:0,3房2廳2衛,,無,無,住家用,
士林區通河街７號三樓,,113/04/09,5500,37.24,147.68,88.75%,華廈(10層含以下有電梯),43,三層/六層,房地(土地+建物),土:2 建:7車:0,5房5廳6衛,,無,有,住家用,一樓開放空間1衛，二樓1房1廳1衛，三樓1房1廳1衛，四樓1房1廳1衛，五樓1房1廳1衛，六樓1房1廳1衛含土地增值稅或其他稅費;親友、員工、共有人或其他特殊關係間之交易;
士林區中山北路七段１８２號五樓之５,,113/04/08,1850,62.85,29.43,90.42%,華廈(10層含以下有電梯),47,五層/七層,房地(土地+建物),土:2 建:1車:0,2房2廳2衛,,有,有,住家用,陽台外推;其他增建;
士林區社子街２５巷３弄５號四樓,,113/04/08,1096.5,46.5,23.58,100.00%,公寓(5樓含以下無電梯),52,四層/四層,房地(土地+建物),土:1 建:1車:0,3房1廳1衛,,無,無,住家用,
士林區中山北路七段２２７巷８號七樓,,113/04/08,2500,57.74,43.3,85.83%,華廈(10層含以下有電梯),39,七層/七層,房地(土地+建物),土:1 建:1車:0,3房2廳3衛,,無,有,住家用,陽台外推;頂樓加蓋;
士林區天母東路１０５巷５號五樓,天母融園二祥,113/04/08,2536,60.06,42.23,82.27%,公寓(5樓含以下無電梯),43,五層/五層,房地(土地+建物),土:1 建:1車:0,5房3廳3衛,,無,無,住家用,海砂屋未登記建物;瑕疵物件;
士林區福榮街６１號二樓之３,福臨新願大樓,113/04/08,497,52.78,9.42,55.22%,華廈(10層含以下有電梯),26,二層/九層,房地(土地+建物)+車位,土:1 建:1車:1,3房1廳1衛,,無,有,商業用,
士林區中正路４３０號十五樓,台北市中正陽明花園,113/04/07,3850,69.35,55.52,54.19%,住宅大樓(11層含以上有電梯),24,十五層/十六層,房地(土地+建物),土:2 建:1車:0,3房2廳2衛,,有,有,住家用,陽台外推;其他增建;
士林區德行西路３６號四樓之１７,萬象之都,113/04/07,1480,106.71,13.87,54.39%,住宅大樓(11層含以上有電梯),16,四層/十三層,房地(土地+建物),土:3 建:1車:0,1房1衛,,有,有,商業用,陽台外推;夾層;其他增建;
士林區中山北路七段２２３之２號二樓,,113/04/07,4000,47.14,84.85,62.41%,華廈(10層含以下有電梯),41,二層/七層,房地(土地+建物)+車位,土:3 建:1車:1,3房2廳3衛,,無,有,住家用,本車位為使用權車位，依社區規約或分管協議使用陽台外推;其他增建;
士林區通河街５３號二樓,,113/04/07,1400,69.3,20.2,92.75%,公寓(5樓含以下無電梯),45,二層/五層,房地(土地+建物),土:1 建:1車:0,2房2廳1衛,,無,無,住家用,陽台外推;
士林區承德路四段２３３號四樓,創築,113/04/07,1780,67.53,28.9,44.09%,住宅大樓(11層含以上有電梯),14,四層/十一層,房地(土地+建物)+車位,土:1 建:1車:1,1房2廳1衛,180,有,有,辦公用,夾層;
士林區通河西街一段８５號,,113/04/07,1729,67.85,25.48,100.00%,公寓(5樓含以下無電梯),55,一層/四層,房地(土地+建物),土:1 建:1車:0,1廳1衛,,無,無,住家用,其他增建;
士林區福港街２２４巷６號五樓,,113/04/07,1530,54.51,28.07,90.89%,公寓(5樓含以下無電梯),46,五層/五層,房地(土地+建物),土:1 建:1車:0,2房3廳1衛,,無,無,住家用,陽台外推;頂樓加蓋;其他增建;
士林區通河西街二段１１１號,,113/04/07,1450,62.04,23.37,100.00%,公寓(5樓含以下無電梯),50,一層/四層,房地(土地+建物),土:1 建:1車:0,2房2廳1衛,,無,無,住家用,其他增建;
士林區福志路２５號三樓,,113/04/07,4670,126.52,44.76,57.04%,住宅大樓(11層含以上有電梯),,三層/十四層,房地(土地+建物)+車位,土:1 建:1車:1,2房1廳2衛,335,有,有,住家用,"工程變更找補款(- 1,127,800)元預售屋、或土地及建物分件登記案件;"
士林區忠義街１３１號三樓,,113/04/07,1760,65.04,27.06,96.68%,公寓(5樓含以下無電梯),47,三層/五層,房地(土地+建物),土:1 建:1車:0,3房1廳1衛,,無,無,住家用,
士林區至誠路二段１７號四樓,,113/04/07,2000,44.07,45.38,78.74%,公寓(5樓含以下無電梯),42,四層/五層,房地(土地+建物),土:1 建:1車:0,3房2廳2衛,,無,無,住家用,
士林區中山北路七段３８巷１２弄４之４號三樓,,113/04/07,2010,70.87,28.36,87.33%,公寓(5樓含以下無電梯),46,三層/五層,房地(土地+建物),土:1 建:1車:0,4房2廳2衛,,無,無,住家用,
士林區劍潭路１６號三樓之５,圓山凡登,113/04/06,1305,102.76,12.7,57.03%,住宅大樓(11層含以上有電梯),15,三層/十四層,房地(土地+建物),土:2 建:1車:0,1房1廳1衛,,有,有,住家用,
士林區德行西路３６號七樓之２,萬象之都,113/04/06,1406,114.12,12.32,52.52%,住宅大樓(11層含以上有電梯),16,七層/十三層,房地(土地+建物),土:3 建:1車:0,1廳1衛,,有,有,商業用,陽台外推;夾層;
士林區文林路一段７４０巷９弄１號三樓,,113/04/06,1150,45.76,25.13,100.00%,公寓(5樓含以下無電梯),49,三層/四層,房地(土地+建物),土:1 建:1車:0,3房2廳2衛,,無,無,住家用,親友、員工、共有人或其他特殊關係間之交易;
士林區德行東路２８４巷７號五樓,,113/04/06,1500,40.68,36.88,81.49%,公寓(5樓含以下無電梯),41,五層/五層,房地(土地+建物),土:1 建:1車:0,3房2廳2衛,,無,無,住家用,陽台外推;
士林區中山北路七段２２１號三樓,逸品山莊,113/04/05,1100,67.52,16.29,79.24%,華廈(10層含以下有電梯),36,三層/七層,房地(土地+建物),土:1 建:1車:0,4房2廳4衛,,無,有,住家用,本案房地為持分買賣親友、員工、共有人或其他特殊關係間之交易;
士林區天母東路２２巷２３號四樓之７,天母華琪大廈仁座,113/04/04,2360,63.68,40.13,82.28%,華廈(10層含以下有電梯),46,四層/十層,房地(土地+建物)+車位,土:1 建:1車:1,3房2廳2衛,280,有,有,住家用,陽台外推;其他增建;
士林區忠義街９１巷１６號五樓,,113/04/04,1888,51.98,36.32,87.07%,公寓(5樓含以下無電梯),38,五層/五層,房地(土地+建物),土:1 建:1車:0,5房3廳4衛,,無,無,住家用,頂樓加蓋;
士林區中山北路七段１１４巷４１弄１１之１號,敦和園,113/04/04,2380,53.85,44.2,84.58%,華廈(10層含以下有電梯),36,一層/六層,房地(土地+建物)+車位,土:1 建:1車:1,3房2廳2衛,180,有,有,住家用,其他增建;
士林區中山北路七段１９０巷２４之１號四樓之１,靜盧,113/04/04,1200,53.8,22.3,72.83%,華廈(10層含以下有電梯),46,四層/七層,房地(土地+建物),土:2 建:1車:0,3房2廳4衛,,有,有,住家用,陽台外推;其他增建;
士林區中山北路七段１９０巷２４之２號四樓,靜盧,113/04/04,1800,38.28,47.03,74.70%,華廈(10層含以下有電梯),46,四層/七層,房地(土地+建物),土:2 建:1車:0,3房2廳4衛,,有,有,住家用,陽台外推;其他增建;
士林區福德路５７巷１８號三樓,,113/04/03,1950,61.66,31.63,100.00%,公寓(5樓含以下無電梯),49,"三層,陽台/四層",房地(土地+建物),土:2 建:1車:0,3房2廳1衛,,無,無,住家用,其他增建;
士林區士商路４０巷１２號三樓,麒麟門,113/04/03,1565,59.59,26.26,81.00%,公寓(5樓含以下無電梯),45,三層/四層,房地(土地+建物),土:2 建:1車:0,3房2廳1衛,,無,無,住家用,陽台外推;
士林區基河路３８２號十樓之１,鄉林陽明,113/04/03,8200,80.9,101.36,60.61%,住宅大樓(11層含以上有電梯),14,十層/十五層,房地(土地+建物)+車位,土:1 建:1車:2,4房2廳3衛,,有,有,住家用,
士林區福林路１００巷１１弄５３號六樓,士林官邸,113/04/03,252.8,24.58,10.28,70.04%,華廈(10層含以下有電梯),15,六層/七層,房地(土地+建物)+車位,土:1 建:1車:1,3房2廳2衛,,有,有,住家用,親友、員工、共有人或其他特殊關係間之交易;
士林區天母西路１８之９號六樓,天母齊福華廈,113/04/03,3100,78.01,39.74,76.71%,華廈(10層含以下有電梯),45,六層/七層,房地(土地+建物),土:5 建:1車:0,3房2廳2衛,,有,有,住家用,陽台外推;
士林區格致路２１０號四樓,大衛營,113/04/03,1200,26.34,45.56,67.40%,華廈(10層含以下有電梯),46,四層/七層,房地(土地+建物),土:4 建:1車:0,4房2廳2衛,,有,有,住家用,
士林區中山北路七段１４１巷４號六樓,,113/04/03,2480,64.04,38.73,73.45%,華廈(10層含以下有電梯),44,六層/七層,房地(土地+建物),土:1 建:1車:0,3房2廳2衛,,有,有,住家用,陽台外推;
士林區文林路７６３號六樓之９,寶殿大廈,113/04/02,2890,68.01,42.5,70.33%,住宅大樓(11層含以上有電梯),43,六層/十一層,房地(土地+建物),土:1 建:1車:0,4房1廳2衛,,有,有,住家用,陽台外推;其他增建;
士林區福志路５２巷１２號六樓,,113/04/02,1555,30.18,51.53,64.83%,華廈(10層含以下有電梯),29,六層/六層,房地(土地+建物)+車位,土:1 建:1車:1,3房2廳2衛,,無,有,住家用,親友、員工、共有人或其他特殊關係間之交易;
士林區福林路２６３號,雙溪公園名廈,113/04/02,1600,56.54,28.3,71.93%,華廈(10層含以下有電梯),41,一層/七層,房地(土地+建物),土:2 建:1車:0,2房2廳2衛,,有,有,其他,平台增建親友、員工、共有人或其他特殊關係間之交易;
士林區中正路２２３巷３２號,,113/04/02,1500,0,19.03,,透天厝,60,全/--,房地(土地+建物),土:1 建:1車:0,2房1廳2衛,,無,無,住家用,"土地款:14,861,120元 建物款:138,880元、頂樓增建(2房1衛)親友、員工、共有人或其他特殊關係間之交易;頂樓加蓋;"
士林區天母西路５０巷２７號六樓,神曲,113/04/01,7300,70.38,103.72,40.76%,住宅大樓(11層含以上有電梯),23,六層/十四層,房地(土地+建物)+車位,土:1 建:1車:3,4房2廳3衛,810,有,有,住家用,陽台外推;其他增建;
士林區中山北路七段１４巷５弄２號五樓,,113/04/01,600,35.24,17.02,84.36%,公寓(5樓含以下無電梯),46,五層/五層,房地(土地+建物),土:1 建:1車:0,4房2廳2衛,,無,無,住家用,持分交易親友、員工、共有人或其他特殊關係間之交易;
士林區延平北路五段１３６巷３５號,,113/04/01,900,42.81,21.02,100.00%,公寓(5樓含以下無電梯),51,四層/四層,房地(土地+建物),土:1 建:1車:0,2房2廳1衛,,無,無,住家用,
士林區天母東路８巷４１弄１３號,,113/04/01,3000,102.4,29.3,91.12%,公寓(5樓含以下無電梯),40,一層/五層,房地(土地+建物),土:2 建:1車:0,3房2廳2衛,,有,無,住家用,其他增建;
士林區天母西路４１巷６號四樓,,113/04/01,2170,49.62,43.73,81.39%,公寓(5樓含以下無電梯),43,四層/五層,房地(土地+建物),土:1 建:1車:0,3房2廳2衛,,無,無,住家用,天井其他增建;
士林區承德路四段４０巷２號四樓之３,劍潭整宅B區,113/04/01,580,53.86,10.77,91.01%,公寓(5樓含以下無電梯),53,三層/五層,房地(土地+建物),土:1 建:1車:0,2房2廳2衛,,有,無,住家用,其他增建;
士林區基河路１９號六樓,圓山1號院,113/04/01,8118,79.08,116.69,57.58%,住宅大樓(11層含以上有電梯),8,六層/二十一層,房地(土地+建物)+車位,土:1 建:1車:3,,"1,200",有,有,住家用,
士林區華齡街４０巷１弄６號二樓,,113/04/01,1450,55.17,26.28,87.85%,公寓(5樓含以下無電梯),52,二層/四層,房地(土地+建物),土:1 建:1車:0,2房2廳1衛,,無,無,住家用,
士林區承德路四段１０巷５９號三樓,,113/03/31,1622,63.59,25.51,91.11%,公寓(5樓含以下無電梯),54,三層/四層,房地(土地+建物),土:1 建:1車:0,3房2廳2衛,,無,無,住家用,陽台外推;其他增建;
士林區華齡街３５巷２１號四樓,,113/03/31,1750,58.5,29.91,87.14%,公寓(5樓含以下無電梯),46,四層/五層,房地(土地+建物),土:1 建:1車:0,3房2廳1衛,,無,無,住家用,
士林區承德路四段５９號,圓山金城,113/03/31,3450,67.24,51.31,58.92%,住宅大樓(11層含以上有電梯),27,一層/十六層,房地(土地+建物)+車位,土:1 建:1車:1,3房2廳2衛,,有,有,住家用,其他增建;
士林區天母北路２８巷２５號五樓,,113/03/31,1688,58.74,28.74,90.42%,公寓(5樓含以下無電梯),45,五層/五層,房地(土地+建物),土:2 建:1車:0,3房2廳2衛,,無,無,住家用,頂樓加蓋;
士林區福港街２６２巷７號二樓,,113/03/31,1510,47.99,31.47,88.22%,公寓(5樓含以下無電梯),45,二層/五層,房地(土地+建物),土:4 建:1車:0,3房2廳2衛,,無,無,住家用,
士林區忠誠路一段３３之１號三樓,士林御花園,113/03/30,2820,75.97,37.12,78.01%,華廈(10層含以下有電梯),39,三層/七層,房地(土地+建物),土:1 建:1車:0,3房2廳2衛,,有,有,住家用,其他增建;
士林區社正路４５巷４弄１號五樓,,113/03/30,1250,40.13,31.15,87.09%,公寓(5樓含以下無電梯),44,五層/五層,房地(土地+建物),土:3 建:1車:0,3房2廳1衛,,無,無,住家用,其他增建;
士林區磺溪街２１巷２６號四樓,磺溪逸庭,113/03/30,2500,67.52,37.03,78.90%,公寓(5樓含以下無電梯),35,四層/五層,房地(土地+建物),土:1 建:1車:0,3房2廳2衛,,無,無,住家用,其他增建;
士林區中正路７０７巷２１之１號五樓,忠誠,113/03/30,1700,54.14,31.4,66.70%,住宅大樓(11層含以上有電梯),40,五層/十二層,房地(土地+建物),土:3 建:1車:0,2房2廳1衛,,有,有,住家用,陽台外推;其他增建;
士林區通河東街一段６巷８號三樓,,113/03/30,1402,58.36,24.02,100.00%,公寓(5樓含以下無電梯),51,三層/四層,房地(土地+建物),土:1 建:1車:0,3房2廳1衛,,無,無,住家用,陽台外推;其他增建;
士林區延平北路五段２８５巷３８號,,113/03/30,1030,43.26,23.81,100.00%,公寓(5樓含以下無電梯),54,四層/四層,房地(土地+建物),土:3 建:1車:0,3房2廳1衛,,無,無,住家用,
士林區社子街１２５巷４０弄４號四樓,,113/03/30,1230,50.78,24.22,100.00%,公寓(5樓含以下無電梯),47,"四層,陽台/四層",房地(土地+建物),土:1 建:1車:0,4房3廳2衛,,無,無,住家用,頂樓增建其他增建;
士林區中山北路五段８２９巷４８號五樓,天母築萃,113/03/30,8800,95.72,123.34,58.34%,住宅大樓(11層含以上有電梯),10,五層/十五層,房地(土地+建物)+車位,土:2 建:2車:3,3房2廳3衛,900,有,有,住家用,
士林區德行東路２８３巷１弄１號五樓,,113/03/30,1902.4,71.16,26.73,71.55%,公寓(5樓含以下無電梯),40,五層/五層,房地(土地+建物),土:1 建:1車:0,4房2廳2衛,,無,無,住家用,頂樓加蓋;具重建或重劃、都更等效益;
士林區德行東路３３１巷５２弄１號二樓,,113/03/30,2344,60.11,39,88.83%,公寓(5樓含以下無電梯),45,二層/五層,房地(土地+建物),土:3 建:1車:0,4房2廳2衛,,無,無,住家用,親友、員工、共有人或其他特殊關係間之交易;
士林區福林路２５１巷８號二樓,官隱,113/03/29,2970,80.98,46.16,56.72%,華廈(10層含以下有電梯),9,二層/八層,房地(土地+建物)+車位,土:2 建:1車:1,2房2廳2衛,250,有,有,住家用,
士林區天母西路５巷４弄８號四樓,,113/03/29,3000,57.51,52.17,71.33%,華廈(10層含以下有電梯),44,四層/七層,房地(土地+建物),土:1 建:1車:0,4房2廳2衛,,有,有,住家用,
士林區中山北路五段８５０巷２２號二樓,,113/03/29,2300,56.61,40.63,88.08%,公寓(5樓含以下無電梯),44,二層/五層,房地(土地+建物),土:1 建:1車:0,3房2廳2衛,,無,無,住家用,陽台外推;
士林區福壽街４３號三樓之１,築禾韻,113/03/28,2380,87.41,35.72,51.74%,華廈(10層含以下有電梯),8,三層/七層,房地(土地+建物)+車位,土:2 建:1車:3,2房1廳1衛,510,有,有,住家用,夾層;
士林區福壽街５３號,,113/03/28,3910,109.89,35.58,100.00%,公寓(5樓含以下無電梯),62,"一層,騎樓/二層",房地(土地+建物),土:2 建:2車:0,3房4廳2衛,,無,無,住家用,頂樓加蓋;其他增建;
士林區中山北路六段２３６巷９號十二樓,天母靜好,113/03/28,3399,116.08,38.42,55.38%,住宅大樓(11層含以上有電梯),2,十二層/十四層,房地(土地+建物)+車位,土:1 建:1車:1,2房2廳1衛,370,有,有,住家用,
士林區中山北路六段４４１巷２６號二樓之１,躍天母,113/03/28,6350,89.39,85.86,56.43%,住宅大樓(11層含以上有電梯),14,二層/十四層,房地(土地+建物)+車位,土:1 建:1車:3,2房2廳3衛,750,有,有,住家用,
士林區文林路７６５號九樓之３,寶殿大廈,113/03/28,1320,50.34,26.22,74.14%,住宅大樓(11層含以上有電梯),43,九層/十一層,房地(土地+建物),土:1 建:1車:0,2房2廳2衛,,有,有,住家用,海砂屋。瑕疵物件;
士林區社中街２０號,,113/03/27,2260,0,18.09,,透天厝,57,全/二層,房地(土地+建物),土:1 建:1車:0,2房3廳3衛,,無,無,住家用,1樓營業用1廳1衛，2樓1房1廳1衛 3樓增建1房1廳1衛親友、員工、共有人或其他特殊關係間之交易;頂樓加蓋;
士林區德行西路５０號十二樓之５,萬象之都,113/03/27,1660,113.26,14.66,53.31%,住宅大樓(11層含以上有電梯),16,十二層/十三層,房地(土地+建物),土:3 建:1車:0,1房1廳1衛,,有,有,商業用,陽台外推;
士林區延平北路六段３８４號四樓之１,,113/03/26,2600,51.7,52.04,61.51%,住宅大樓(11層含以上有電梯),18,四層/十一層,房地(土地+建物)+車位,土:1 建:1車:1,3房2廳2衛,350,有,有,住家用,其他增建;
士林區格致路２０巷１號八樓之１５,華崗,113/03/26,410,57.5,7.13,57.32%,華廈(10層含以下有電梯),22,八層/九層,房地(土地+建物),土:1 建:1車:0,1房1廳1衛,,有,有,商業用,陽台外推;夾層;
士林區中山北路七段１４巷３１弄７號五樓之１,隱奕,113/03/26,6350,70.78,103.43,57.65%,華廈(10層含以下有電梯),14,五層/九層,房地(土地+建物)+車位,土:1 建:1車:2,3房2廳3衛,600,有,有,住家用,陽台外推;其他增建;
士林區天母東路２６號七樓,天母東宮,113/03/26,3200,77.98,41.03,69.53%,華廈(10層含以下有電梯),39,七層/十層,房地(土地+建物),土:3 建:1車:0,3房2廳2衛,,有,有,住家用,
士林區忠義街７１巷２１號三樓,,113/03/26,2070,67.37,30.73,84.62%,公寓(5樓含以下無電梯),39,三層/五層,房地(土地+建物),土:1 建:1車:0,3房2廳2衛,,無,無,住家用,
士林區士東路２０２號三樓,家居雲邸,113/03/26,4796,101.09,53.28,60.59%,住宅大樓(11層含以上有電梯),,三層/十九層,房地(土地+建物)+車位,土:1 建:1車:1,3房2廳2衛,340,有,有,住家用,預售屋、或土地及建物分件登記案件;
士林區承德路四段８０巷４６號,,113/03/26,2520,63.26,39.83,85.84%,公寓(5樓含以下無電梯),43,一層/五層,房地(土地+建物),土:3 建:1車:0,3房2廳2衛,,無,無,商業用,平台增建、防火巷增建其他增建;
士林區雨聲街６５巷６號五樓,,113/03/26,550,42.74,12.87,73.67%,公寓(5樓含以下無電梯),39,五層/五層,房地(土地+建物),土:11 建:1車:0,4房2廳2衛,,無,無,住家用,親友、員工、共有人或其他特殊關係間之交易;
士林區承德路四段２９之１號二樓,圓山麗景,113/03/25,2800,64.44,43.45,54.89%,住宅大樓(11層含以上有電梯),24,二層/十一層,房地(土地+建物)+車位,土:2 建:1車:1,3房2廳2衛,,無,有,住家用,
士林區福志路２７號三樓,,113/03/25,6773,124.94,64.55,57.19%,住宅大樓(11層含以上有電梯),,三層/十四層,房地(土地+建物)+車位,土:1 建:1車:1,3房2廳2衛,395,有,有,住家用,"工程變更找補款 (- 289,926)元預售屋、或土地及建物分件登記案件;"
士林區葫蘆街３０巷５４號二樓,,113/03/25,417,16.34,25.52,86.08%,公寓(5樓含以下無電梯),41,二層/五層,房地(土地+建物),土:2 建:1車:0,3房2廳1衛,,無,無,其他,親友、員工、共有人或其他特殊關係間之交易;陽台外推;
士林區德行東路３３８巷２號五樓,天母晨曦,113/03/25,3199,85.67,39.52,45.24%,華廈(10層含以下有電梯),3,五層/七層,房地(土地+建物)+車位,土:2 建:1車:1,,200,有,有,住家用,建案名稱:天母·晨曦
士林區中山北路六段４１８號四樓,,113/03/25,1818,79.22,22.95,100.00%,公寓(5樓含以下無電梯),52,四層/四層,房地(土地+建物),土:1 建:1車:0,2房1廳1衛,,無,無,住家用,
士林區福華路２號五樓,隨河,113/03/24,3500,90.74,47.25,61.25%,華廈(10層含以下有電梯),6,五層/九層,房地(土地+建物)+車位,土:1 建:1車:1,3房2廳2衛,250,有,有,住家用,
士林區格致路２０巷２９號七樓之６,仰德大廈,113/03/24,830,32.11,25.85,32.85%,華廈(10層含以下有電梯),27,七層/十層,房地(土地+建物)+車位,土:2 建:1車:1,1房1廳1衛,150,有,有,住家用,陽台外推;
士林區福林路２５１巷８號八樓之２,官隱,113/03/24,2968,92.74,39.8,58.66%,華廈(10層含以下有電梯),9,八層/八層,房地(土地+建物)+車位,土:2 建:1車:1,2房2廳1衛,280,有,有,住家用,其他增建;
士林區通河西街二段６３號五樓,,113/03/24,1456,47.55,30.62,88.37%,公寓(5樓含以下無電梯),41,五層/五層,房地(土地+建物),土:1 建:1車:0,2房2廳1衛,,無,無,住家用,陽台外推;頂樓加蓋;其他增建;
士林區中山北路七段８２巷２９號三樓,,113/03/24,2800,73.79,37.95,77.09%,華廈(10層含以下有電梯),45,三層/七層,房地(土地+建物),土:1 建:1車:0,2房2廳2衛,,有,有,住家用,含土地增值稅或其他稅費;含仲介費;陽台外推;其他增建;
士林區天母西路２２巷３弄１０號四樓,,113/03/23,2388,53.2,44.89,82.22%,公寓(5樓含以下無電梯),44,四層/五層,房地(土地+建物),土:2 建:1車:0,3房2廳2衛,,無,無,住家用,其他增建;
士林區社子街１２６巷６號,,113/03/23,1280,65.71,19.48,100.00%,公寓(5樓含以下無電梯),52,一層/三層,房地(土地+建物),土:1 建:1車:0,1房1廳1衛,,無,無,住家用,其他增建;
士林區天母西路８號四樓,權立方,113/03/23,9700,80.13,121.06,55.22%,華廈(10層含以下有電梯),11,四層/七層,房地(土地+建物)+車位,土:1 建:1車:3,3房3廳3衛,,有,有,住家用,其他增建;
士林區基河路３９６巷１２號,鄉林陽明,113/03/23,7750,80.98,95.7,43.92%,住宅大樓(11層含以上有電梯),14,一層/十五層,房地(土地+建物)+車位,土:1 建:1車:2,3房2廳2衛,,有,有,住家用,
士林區承德路四段５８巷６５弄６號二樓,,113/03/22,1000,39.04,25.62,86.20%,公寓(5樓含以下無電梯),49,二層/四層,房地(土地+建物),土:1 建:1車:0,3房2廳1衛,,無,無,住家用,親友、員工、共有人或其他特殊關係間之交易;
士林區天母東路１０５巷６３號四樓,天和山城,113/03/22,1540,57.92,26.59,88.01%,公寓(5樓含以下無電梯),45,四層/四層,房地(土地+建物),土:1 建:1車:0,3房2廳1衛,,無,無,住家用,陽台外推;其他增建;
士林區社正路８９號二樓,箱根雅苑A區,113/03/22,2320,57.64,40.25,51.66%,華廈(10層含以下有電梯),19,"二層,三層/八層",房地(土地+建物),土:1 建:1車:0,3房2廳2衛,,有,有,住家用,夾層;其他增建;
士林區中山北路五段６８５號十一樓之１,永勝大樓,113/03/22,2760,86.25,32,72.69%,住宅大樓(11層含以上有電梯),38,十一層/十二層,房地(土地+建物),土:3 建:1車:0,2房2廳2衛,,有,有,住家用,
士林區福壽街７５號四樓,,113/03/22,1140,37.93,30.06,88.25%,公寓(5樓含以下無電梯),47,四層/四層,房地(土地+建物),土:2 建:1車:0,3房2廳2衛,,無,無,住家用,二親等間買賣親友、員工、共有人或其他特殊關係間之交易;頂樓加蓋;
士林區文昌路１０號,,113/03/22,4700,138.21,34.01,100.00%,公寓(5樓含以下無電梯),56,"一層,騎樓/四層",房地(土地+建物),土:2 建:1車:0,,,無,無,住家用,
士林區文昌路１０號二樓,,113/03/22,1870,52.43,35.67,100.00%,公寓(5樓含以下無電梯),56,二層/四層,房地(土地+建物),土:2 建:1車:0,3房1廳1衛,,無,無,住家用,
士林區文昌路１０號三樓,,113/03/22,1700,47.66,35.67,100.00%,公寓(5樓含以下無電梯),56,三層/四層,房地(土地+建物),土:2 建:1車:0,3房1廳1衛,,無,無,住家用,
士林區文昌路１０號四樓,,113/03/22,930,50.32,18.48,100.00%,公寓(5樓含以下無電梯),56,四層/四層,房地(土地+建物),土:2 建:1車:0,2房1廳1衛,,無,無,住家用,頂樓加蓋;
士林區社中街３４６巷４弄１２號二樓,,113/03/21,1070,40.98,26.11,100.00%,公寓(5樓含以下無電梯),51,二層/三層,房地(土地+建物),土:1 建:1車:0,3房2廳1衛,,無,無,住家用,
士林區中山北路六段２９０巷２９弄９號四樓,,113/03/21,1949,53.14,36.68,88.39%,公寓(5樓含以下無電梯),44,四層/五層,房地(土地+建物),土:1 建:1車:0,3房2廳2衛,,無,無,住家用,陽台外推;
士林區文林路１４４巷１２號五樓,圓山藏富,113/03/21,3000,71.94,41.7,55.40%,華廈(10層含以下有電梯),2,"五層,見其他登記事項/五層",房地(土地+建物),土:1 建:1車:0,2廳1衛,,有,有,辦公用,
士林區德行東路３０４號,,113/03/21,3200,85.15,37.58,89.64%,公寓(5樓含以下無電梯),44,一層/五層,房地(土地+建物),土:3 建:1車:0,2房3廳1衛,,無,無,其他,其他增建;
士林區承德路四段６巷３９號四樓,水研,113/03/21,1880,76.5,24.58,100.00%,公寓(5樓含以下無電梯),56,四層/四層,房地(土地+建物),土:1 建:1車:0,4房4衛,,無,無,,頂樓加蓋;其他增建;
士林區基河路２４６號十樓,慶澤園,113/03/21,3378.9,42.45,79.59,52.74%,住宅大樓(11層含以上有電梯),16,十層/十二層,房地(土地+建物)+車位,土:1 建:1車:2,3房2廳2衛,,有,有,住家用,親友、員工、共有人或其他特殊關係間之交易;
士林區芝玉路一段１９７巷４號四樓,,113/03/21,1818,72.5,25.07,85.55%,公寓(5樓含以下無電梯),39,四層/五層,房地(土地+建物),土:1 建:1車:0,3房2廳2衛,,無,無,住家用,
士林區中山北路七段２２０巷６之１號七樓,晶晶,113/03/20,2600,58.77,44.24,77.68%,華廈(10層含以下有電梯),43,七層/七層,房地(土地+建物),土:1 建:1車:0,3房2廳2衛,,有,有,住家用,陽台外推;其他增建;
士林區中山北路五段８５０巷２號五樓,,113/03/20,1640.9,61.96,26.48,80.33%,公寓(5樓含以下無電梯),40,五層/五層,房地(土地+建物),土:1 建:1車:0,1房1廳1衛,,無,無,住家用,陽台外推;頂樓加蓋;
士林區文林路６６１巷１７號三樓,,113/03/20,2105,73.02,28.83,86.76%,公寓(5樓含以下無電梯),45,三層/五層,房地(土地+建物),土:2 建:1車:0,3房2廳1衛,,無,無,住家用,陽台外推;其他增建;
士林區福國路４４號二樓,,113/03/20,1705,66.61,25.6,93.97%,公寓(5樓含以下無電梯),45,二層/四層,房地(土地+建物),土:4 建:1車:0,2房1廳1衛,,無,無,工業用,親友、員工、共有人或其他特殊關係間之交易;
士林區中庸一路１１之４號十三樓,登峰造極,113/03/19,2800,35.39,84.72,96.34%,住宅大樓(11層含以上有電梯),29,十三層/十四層,房地(土地+建物)+車位,土:2 建:1車:2,3房2廳2衛,500,有,有,住家用,陽台外推;其他增建;
士林區福志路９９號二樓,,113/03/19,1970,60.91,32.34,83.15%,公寓(5樓含以下無電梯),45,二層/五層,房地(土地+建物),土:2 建:1車:0,3房2廳2衛,,無,無,住家用,陽台外推;
士林區芝玉路一段２２６號十八樓之３,遠雄天母,113/03/18,6258,90.95,82.54,62.12%,住宅大樓(11層含以上有電梯),15,十八層/十八層,房地(土地+建物)+車位,土:1 建:1車:3,4房2廳2衛,650,有,有,住家用,
士林區華齡街８８號四樓,,113/03/18,1680,49.85,33.7,90.43%,公寓(5樓含以下無電梯),44,四層/五層,房地(土地+建物),土:1 建:1車:0,3房2廳2衛,,無,無,住家用,親友、員工、共有人或其他特殊關係間之交易;
士林區雨農路２１巷１５弄１１號三樓之１,,113/03/18,1680,70.31,23.89,86.21%,公寓(5樓含以下無電梯),40,三層/五層,房地(土地+建物),土:2 建:1車:0,2房2廳1衛,,無,無,住家用,陽台外推;
士林區天玉街１３之２號十樓,縱橫天母,113/03/18,6600,88.95,87.39,59.53%,住宅大樓(11層含以上有電梯),17,十層/十五層,房地(土地+建物)+車位,土:1 建:1車:2,4房2廳2衛,600,有,有,住家用,陽台外推;其他增建;
士林區福港街３０巷４號二樓,,113/03/18,730,21.73,33.6,76.74%,公寓(5樓含以下無電梯),39,二層/五層,房地(土地+建物),土:1 建:1車:0,4房2廳2衛,,無,無,住家用,親友、員工、共有人或其他特殊關係間之交易;
士林區天母西路１３巷１１號,,113/03/18,1800,55.26,32.57,80.07%,公寓(5樓含以下無電梯),45,一層/五層,房地(土地+建物),土:1 建:1車:0,,,無,無,住家用,房子側方增建親友、員工、共有人或其他特殊關係間之交易;其他增建;
士林區承德路四段１８１號四樓之１,圓山皇裔,113/03/18,5100,90.5,65.9,70.83%,住宅大樓(11層含以上有電梯),23,四層/十四層,房地(土地+建物)+車位,土:1 建:1車:1,4房2廳2衛,280,有,有,住家用,其他增建;
士林區格致路２０３號五樓之６、２０３號五樓之７,大衛營,113/03/18,2190,43.12,50.79,44.35%,華廈(10層含以下有電梯),28,五層/十層,房地(土地+建物)+車位,土:1 建:1車:1,2房2廳2衛,200,有,有,住家用,陽台外推;夾層;
士林區延平北路六段２２８號,豐澤,113/03/18,1416.7,75.33,18.81,15.26%,華廈(10層含以下有電梯),3,一層/七層,房地(土地+建物)+車位,土:1 建:2車:1,,,有,有,商業用,
士林區延平北路六段２２８號二樓之１,豐澤,113/03/18,1188,65.98,18,39.52%,華廈(10層含以下有電梯),3,二層/七層,房地(土地+建物),土:1 建:1車:0,1房1廳1衛,,有,有,住家用,
士林區延平北路六段２２８號二樓,豐澤,113/03/18,3201,66.13,48.4,42.47%,華廈(10層含以下有電梯),3,二層/七層,房地(土地+建物)+車位,土:1 建:1車:1,2房2廳1衛,,有,有,住家用,
士林區德行西路３６號八樓之１,萬象之都,113/03/17,1190,108.37,10.98,52.59%,住宅大樓(11層含以上有電梯),16,八層/十三層,房地(土地+建物),土:3 建:1車:0,1廳1衛,,有,有,商業用,陽台外推;夾層;
士林區永平街１５號四樓,,113/03/17,990,46.72,21.19,100.00%,公寓(5樓含以下無電梯),50,四層/四層,房地(土地+建物),土:1 建:1車:0,3房2廳1衛,,無,無,住家用,其他增建;
士林區承德路四段８０巷６７號五樓,,113/03/17,1620,55.1,29.4,85.60%,公寓(5樓含以下無電梯),45,五層/五層,房地(土地+建物),土:2 建:1車:0,5房4廳3衛,,無,無,住家用,陽台外推;頂樓加蓋;
士林區重慶北路四段２２０巷１８號三樓,,113/03/17,1050,53.87,19.49,100.00%,公寓(5樓含以下無電梯),55,三層/四層,房地(土地+建物),土:2 建:1車:0,3房2廳1衛,,無,無,住家用,其他增建
士林區福港街２５９巷１８弄９號二樓,,113/03/17,1860,53.65,34.67,100.00%,公寓(5樓含以下無電梯),52,二層/四層,房地(土地+建物),土:2 建:1車:0,3房2廳2衛,,無,無,住家用,
士林區中山北路六段１７２巷１６弄２號四樓之２,天母小貴族,113/03/17,740,94.41,7.84,62.72%,華廈(10層含以下有電梯),29,四層/五層,房地(土地+建物),土:1 建:1車:0,1房1衛,,無,有,住家用,陽台外推;
士林區中山北路六段１７２巷１６弄５號四樓,,113/03/17,1780,78.44,22.69,84.94%,公寓(5樓含以下無電梯),47,四層/四層,房地(土地+建物),土:1 建:1車:0,2房2廳2衛,,無,無,住家用,頂樓加蓋;
士林區福港街１２９巷５號四樓,,113/03/17,1588,53.35,29.77,100.00%,公寓(5樓含以下無電梯),49,"四層,陽台/四層",房地(土地+建物),土:2 建:1車:0,3房2廳1衛,,無,無,住家用,陽台外推;頂樓加蓋;
士林區葫蘆街５７號四樓,,113/03/17,1380,40.81,33.82,86.84%,公寓(5樓含以下無電梯),46,四層/四層,房地(土地+建物),土:1 建:1車:0,3房2廳2衛,,無,無,住家用,頂樓加蓋;
士林區福港街１６０巷２６號四樓,首里華廈,113/03/17,2670,57.62,46.34,61.65%,華廈(10層含以下有電梯),10,四層/七層,房地(土地+建物)+車位,土:2 建:1車:1,3房2廳1衛,,有,有,住家用,
士林區德行東路１０４巷１１弄７號,,113/03/16,2738,101.78,26.9,92.23%,公寓(5樓含以下無電梯),42,一層/五層,房地(土地+建物)+車位,土:1 建:1車:1,3房2廳2衛,,無,無,住家用,其他增建;
士林區中正路３９９巷１弄８號四樓,,113/03/16,2250,48.33,46.55,87.63%,公寓(5樓含以下無電梯),49,四層/四層,房地(土地+建物),土:1 建:2車:0,5房2廳2衛,,無,無,住家用,
士林區中山北路六段２９０巷２９弄１１號,生活典藏,113/03/16,2750,86.93,31.64,58.62%,華廈(10層含以下有電梯),28,一層/五層,房地(土地+建物),土:1 建:1車:0,2房2廳2衛,,無,有,住家用,夾層;其他增建;
士林區士東路２４號七樓,時代大廈,113/03/16,3300,67.78,48.69,53.43%,華廈(10層含以下有電梯),42,七層/七層,房地(土地+建物),土:1 建:1車:0,5房2廳3衛,,有,有,住家用,
士林區社中街３３９號五樓,三磐舍紫2,113/03/15,2000,73.08,36.34,60.38%,華廈(10層含以下有電梯),1,五層/九層,房地(土地+建物)+車位,土:1 建:1車:1,2房2廳1衛,220,有,有,住家用,
士林區天玉街３４號,,113/03/15,4350,101.63,42.8,73.98%,華廈(10層含以下有電梯),41,一層/七層,房地(土地+建物)+車位,土:1 建:1車:1,3房1廳2衛,,無,有,住商用,其他增建;
士林區基河路１６之２號三樓,圓山窗外,113/03/15,2180,134.05,16.26,55.73%,住宅大樓(11層含以上有電梯),19,三層/十一層,房地(土地+建物),土:1 建:1車:0,1廳1衛,,有,有,辦公用,夾層;
士林區德行西路３６號十一樓之３,萬象之都,113/03/15,1500,104.39,14.37,52.86%,住宅大樓(11層含以上有電梯),16,十一層/十三層,房地(土地+建物),土:3 建:1車:0,1廳1衛,,有,有,商業用,
士林區格致路２０巷１號九樓之１,華崗,113/03/15,690,47.66,14.48,57.69%,華廈(10層含以下有電梯),22,九層/九層,房地(土地+建物),土:1 建:1車:0,1房1廳2衛,,有,有,商業用,陽台外推;
士林區文林路６６１巷１１號,,113/03/15,2300,83.37,27.59,84.10%,公寓(5樓含以下無電梯),46,一層/四層,房地(土地+建物),土:1 建:1車:0,3房2廳2衛,,無,無,住家用,親友、員工、共有人或其他特殊關係間之交易;
士林區德行東路１９０巷６弄３號,,113/03/15,2900,91.83,31.58,87.64%,公寓(5樓含以下無電梯),45,一層/四層,房地(土地+建物),土:1 建:1車:0,3房2廳1衛,,無,無,住家用,
士林區天母東路８巷２７號六樓之７,天母華琪大廈忠孝座,113/03/15,3400,60.93,55.8,95.93%,華廈(10層含以下有電梯),47,六層/七層,房地(土地+建物),土:2 建:1車:0,5房2廳3衛,,有,有,住家用,
士林區文林路５８７巷１０３號,,113/03/14,1560,52.39,29.78,100.00%,公寓(5樓含以下無電梯),49,四層/四層,房地(土地+建物),土:1 建:1車:0,3房2廳1衛,,無,無,住家用,其他增建;
士林區芝玉路二段６１巷１號四樓,,113/03/14,2150,55.83,38.51,87.42%,公寓(5樓含以下無電梯),38,四層/五層,房地(土地+建物),土:1 建:1車:0,3房2廳2衛,,無,無,住家用,
士林區中山北路六段４４１巷２６號四樓,躍天母,113/03/14,5800,79.34,86.13,56.14%,住宅大樓(11層含以上有電梯),14,四層/十四層,房地(土地+建物)+車位,土:1 建:1車:4,3房2廳3衛,800,有,有,住家用,其他增建:雨遮其他增建;
士林區文林路７６３號八樓之８,寶殿大廈,113/03/14,2720,64.01,42.5,70.33%,住宅大樓(11層含以上有電梯),43,八層/十一層,房地(土地+建物),土:1 建:1車:0,2房3廳2衛,,有,有,住家用,其他增建;
士林區中社路二段１８５巷２弄３號三樓,,113/03/13,1050,33.73,31.13,100.00%,公寓(5樓含以下無電梯),48,三層/四層,房地(土地+建物),土:1 建:1車:0,2房2廳2衛,,無,無,住家用,陽台外推;
士林區天母北路５６號十九樓,聯上天母,113/03/13,6602,117.07,65.61,53.36%,住宅大樓(11層含以上有電梯),4,十九層/二十四層,房地(土地+建物)+車位,土:1 建:1車:1,2房2廳2衛,295,有,有,住家用,
士林區天母北路５６號十九樓之１,聯上天母,113/03/13,2985,117.04,35.1,59.48%,住宅大樓(11層含以上有電梯),4,十九層/二十四層,房地(土地+建物)+車位,土:1 建:1車:1,1房1廳1衛,250,有,有,住家用,
士林區文林路７２０號九樓,財星,113/03/13,3050,88.96,34.29,64.58%,華廈(10層含以下有電梯),35,九層/十層,房地(土地+建物),土:1 建:1車:0,3房2廳2衛,,無,有,住家用,
士林區中正路６９１號九樓,忠誠,113/03/13,1770,51.75,34.2,69.51%,住宅大樓(11層含以上有電梯),40,九層/十二層,房地(土地+建物)+車位,土:1 建:1車:1,3房2廳2衛,,有,有,住家用,
士林區至善路二段１９２號十五樓,至善天下,113/03/13,6300,66.82,113.6,49.63%,住宅大樓(11層含以上有電梯),28,十五層/十六層,房地(土地+建物)+車位,土:3 建:1車:2,4房2廳2衛,500,有,有,商業用,
士林區社子街１４６巷３號,,113/03/13,1000,54.42,18.38,100.00%,公寓(5樓含以下無電梯),55,一層/二層,房地(土地+建物),土:1 建:1車:0,2房1廳1衛,,無,無,住家用,
士林區中正路６９４號,永新大廈,113/03/13,2100,47.28,44.42,45.73%,華廈(10層含以下有電梯),26,一層/九層,房地(土地+建物)+車位,土:3 建:1車:1,1房1廳1衛,,無,有,商業用,夾層;
士林區忠誠路一段１７１巷１０弄４號三樓,蘭雅新城,113/03/12,1400,63.8,21.94,87.70%,華廈(10層含以下有電梯),31,三層/十層,房地(土地+建物),土:1 建:1車:0,3房2廳2衛,,有,有,住家用,
士林區中山北路六段４４１巷２６號二樓,躍天母,113/03/12,6200,72.09,86,56.12%,住宅大樓(11層含以上有電梯),14,二層/十四層,房地(土地+建物)+車位,土:1 建:1車:2,2房1廳1衛,,有,有,住家用,其他增建;
士林區中山北路六段１９５巷１７弄６號四樓,遠雄爵士,113/03/12,3150,36.02,87.46,89.67%,華廈(10層含以下有電梯),35,四層/五層,房地(土地+建物),土:1 建:1車:0,4房2廳2衛,,有,有,住家用,親友、員工、共有人或其他特殊關係間之交易;
士林區天母東路７７之５號五樓,,113/03/12,2600,51.39,50.59,81.15%,華廈(10層含以下有電梯),39,五層/七層,房地(土地+建物)+車位,土:1 建:1車:1,3房1廳2衛,,有,有,住家用,
士林區社子街２５巷９號五樓,,113/03/11,1760,37.94,46.39,80.96%,公寓(5樓含以下無電梯),39,五層/五層,房地(土地+建物),土:1 建:1車:0,4房2廳2衛,,無,無,住家用,其他增建;
士林區中山北路六段２３６巷９號三樓之１,天母靜好,113/03/11,1260,101.7,15.2,57.01%,住宅大樓(11層含以上有電梯),2,三層/十四層,房地(土地+建物)+車位,土:1 建:1車:1,3房2廳2衛,90,有,有,住家用,本案為共有人間持分交易。親友、員工、共有人或其他特殊關係間之交易;
士林區天母西路１８之６號二樓,天母齊福華廈,113/03/11,3768,68.99,60.93,99.14%,華廈(10層含以下有電梯),45,二層/七層,房地(土地+建物)+車位,土:5 建:1車:1,3房2廳2衛,300,有,有,住家用,其他增建;
士林區延平北路五段２１３巷２９號四樓,葫蘆公寓,113/03/11,1530,54.21,28.22,100.00%,公寓(5樓含以下無電梯),52,四層/四層,房地(土地+建物),土:1 建:1車:0,7房3廳3衛,,有,無,住家用,陽台外推;頂樓加蓋;
士林區中山北路七段８１巷１６弄１８號九樓,天母上苑,113/03/11,2766,104.33,35.81,62.31%,住宅大樓(11層含以上有電梯),,九層/十二層,房地(土地+建物)+車位,土:1 建:1車:1,2房1廳2衛,255,有,有,住家用,預售屋、或土地及建物分件登記案件;
士林區士東路９號五樓之１,,113/03/11,1306,66.7,19.58,74.05%,華廈(10層含以下有電梯),42,五層/七層,房地(土地+建物),土:1 建:1車:0,2房2廳1衛,,有,有,住家用,陽台外推;其他增建;
士林區中正路４９５號十六樓,霞關,113/03/10,3750,78.23,55.5,99.13%,住宅大樓(11層含以上有電梯),37,十六層/十六層,房地(土地+建物)+車位,土:1 建:1車:1,3房3廳2衛,350,有,有,住家用,陽台外推;頂樓加蓋;其他增建;
士林區天母北路２８巷３９號八樓,天母小西華,113/03/10,905,96.41,9.39,50.05%,華廈(10層含以下有電梯),16,八層/九層,房地(土地+建物),土:1 建:1車:0,1房1廳1衛,,有,有,住家用,陽台外推;夾層;
士林區通河東街一段３２號二樓,,113/03/10,1400,64.68,21.64,100.00%,公寓(5樓含以下無電梯),46,二層/四層,房地(土地+建物),土:1 建:1車:0,2房1廳1衛,,無,無,住家用,其他增建;
士林區通河東街一段３２號,,113/03/10,1000,46.2,21.64,100.00%,公寓(5樓含以下無電梯),46,三層/四層,房地(土地+建物),土:1 建:1車:0,2房1廳1衛,,無,無,住家用,其他增建;
士林區通河東街一段３２號,,113/03/10,1600,73.92,21.64,100.00%,公寓(5樓含以下無電梯),46,一層/四層,房地(土地+建物),土:1 建:1車:0,,,無,無,其他,其他增建;
士林區通河東街一段３２號,,113/03/10,910,42.04,21.64,100.00%,公寓(5樓含以下無電梯),46,四層/四層,房地(土地+建物),土:1 建:1車:0,2房1廳1衛,,無,無,住家用,頂樓加蓋;
士林區文林路７６３號十一樓之７,寶殿大廈,113/03/10,2590,60.4,42.88,73.66%,住宅大樓(11層含以上有電梯),43,十一層/十一層,房地(土地+建物),土:1 建:1車:0,3房2廳2衛,,有,有,住家用,陽台外推;
士林區承德路四段１２巷６６號三樓,,113/03/10,700,30.12,23.24,100.00%,公寓(5樓含以下無電梯),54,三層/四層,房地(土地+建物),土:1 建:1車:0,2房1廳2衛,,無,無,住家用,親友、員工、共有人或其他特殊關係間之交易;
士林區翠山街２８號,,113/03/10,3000,0,31.76,,透天厝,48,全/一層,房地(土地+建物),土:1 建:1車:0,3房2廳2衛,,無,無,住家用,其他增建;
士林區忠誠路二段１４８巷５號四樓,,113/03/09,1980,69.71,28.4,81.99%,公寓(5樓含以下無電梯),43,四層/五層,房地(土地+建物),土:1 建:1車:0,3房2廳2衛,,無,無,住家用,陽台外推;其他增建;
士林區中山北路五段７５１巷１８號三樓,,113/03/09,1738,68.07,25.53,100.00%,公寓(5樓含以下無電梯),48,"三層,陽臺/四層",房地(土地+建物),土:1 建:1車:0,3房2廳1衛,,無,無,住家用,陽台外推;
士林區忠誠路一段１１２號五樓,,113/03/09,4408,90.56,58.34,88.31%,華廈(10層含以下有電梯),37,五層/八層,房地(土地+建物)+車位,土:1 建:1車:1,3房2廳2衛,450,有,有,住家用,陽台外推;其他增建;
士林區承德路四段３巷３號,,113/03/09,1688,78.63,21.47,100.00%,公寓(5樓含以下無電梯),54,一層/四層,房地(土地+建物),土:1 建:1車:0,3房2廳2衛,,無,無,住家用,其他增建;
士林區承德路四段３巷２９號四樓,,113/03/09,619.8,70.73,8.76,59.58%,華廈(10層含以下有電梯),29,四層/五層,房地(土地+建物),土:1 建:1車:0,1房1衛,,無,有,住家用,其他增建:花台、鐵鋁窗陽台外推;其他增建;
士林區大南路３３５號五樓,士林新天地,113/03/09,2980,64.35,46.31,61.73%,住宅大樓(11層含以上有電梯),16,五層/十五層,房地(土地+建物)+車位,土:1 建:1車:1,2房2廳2衛,,有,有,商業用,其他增建;
士林區重慶北路四段２２０巷２１弄１３號,,113/03/09,100,0,1.07,,透天厝,58,全/一層,房地(土地+建物),土:1 建:1車:0,4房1廳1衛,,無,無,住家用,親友、員工、共有人或其他特殊關係間之交易;其他增建;
士林區士東路２５６號六樓,太平洋芝蘭園,113/03/08,3250,81.45,39.9,81.12%,華廈(10層含以下有電梯),42,六層/七層,房地(土地+建物),土:1 建:1車:0,3房2廳2衛,,有,有,住家用,
士林區磺溪街４７巷１４號二樓,,113/03/08,2580,67.27,38.35,88.93%,公寓(5樓含以下無電梯),39,二層/五層,房地(土地+建物),土:1 建:1車:0,3房2廳2衛,,無,無,住家用,陽台外推;其他增建;
士林區通河西街二段５巷８號二樓,,113/03/08,1010,48.52,20.82,83.57%,公寓(5樓含以下無電梯),55,二層/三層,房地(土地+建物),土:1 建:1車:0,3房2廳1衛,,無,無,住商用,
士林區天母西路７９號三樓,齊賢,113/03/08,3330,61.49,54.16,90.30%,華廈(10層含以下有電梯),46,三層/七層,房地(土地+建物)+車位,土:2 建:1車:1,4房2廳2衛,,有,有,住家用,陽台外推;其他增建;
士林區士東路８９巷１６弄２０號五樓,大葉島耕座,113/03/08,4770,75.58,63.11,46.26%,華廈(10層含以下有電梯),15,五層/八層,房地(土地+建物)+車位,土:1 建:1車:1,3房2廳2衛,250,有,有,住家用,其他增建;
士林區士東路２６６巷６弄１４號五樓,太平洋芝蘭園,113/03/08,2000,63.45,31.52,79.23%,華廈(10層含以下有電梯),42,五層/七層,房地(土地+建物),土:1 建:1車:0,2房2廳1衛,,有,有,住家用,
士林區文昌路１５９號四樓,,113/03/08,500,24.64,20.29,89.68%,公寓(5樓含以下無電梯),50,四層/四層,房地(土地+建物),土:2 建:1車:0,4房1廳3衛,,無,無,住家用,親友、員工、共有人或其他特殊關係間之交易;
士林區德行東路３６１號二樓,,113/03/08,1800,50.8,35.43,79.23%,公寓(5樓含以下無電梯),41,二層/五層,房地(土地+建物),土:1 建:1車:0,3房2廳2衛,,無,無,住家用,親友、員工、共有人或其他特殊關係間之交易;
士林區中山北路六段２９０巷７弄３７號七樓,天母哲園,113/03/07,3550,84.88,44.63,49.69%,華廈(10層含以下有電梯),12,七層/七層,房地(土地+建物)+車位,土:1 建:1車:1,,190,有,有,住家用,
士林區大南路３６１號九樓,捷運巨星,113/03/07,10035,40.96,258.73,70.80%,華廈(10層含以下有電梯),34,九層/九層,房地(土地+建物)+車位,土:4 建:1車:2,,400,有,有,工業用,頂樓加蓋;
士林區忠誠路一段１８號十二樓之２,海涵,113/03/07,10000,82.71,120.9,54.73%,住宅大樓(11層含以上有電梯),18,十二層/十四層,房地(土地+建物)+車位,土:2 建:2車:3,4房2廳4衛,,有,有,住家用,親友、員工、共有人或其他特殊關係間之交易;
士林區德行東路９３巷８號三樓,,113/03/07,1660,54.46,30.48,85.66%,公寓(5樓含以下無電梯),46,三層/五層,房地(土地+建物),土:1 建:1車:0,3房2廳1衛,,無,無,住家用,陽台外推;
士林區天母西路１６之１號五樓,,113/03/06,3600,60.96,59.05,100.00%,華廈(10層含以下有電梯),47,"五層,陽臺/七層",房地(土地+建物)+車位,土:3 建:1車:1,4房2廳2衛,350,有,有,住家用,陽台外推;其他增建;
士林區中山北路七段１９０巷２７之１號六樓,翠林大廈,113/03/06,2280,61.02,37.36,85.47%,華廈(10層含以下有電梯),44,六層/七層,房地(土地+建物),土:1 建:1車:0,2房2廳2衛,,無,有,住家用,陽台外推;其他增建;
士林區忠誠路一段５７號二樓,士林御花園,113/03/06,3750,81.71,45.89,81.03%,華廈(10層含以下有電梯),39,二層/七層,房地(土地+建物)+車位,土:1 建:1車:1,4房2廳2衛,350,有,有,住家用,陽台外推;其他增建;
士林區大西路７１號八樓,麗緻文林,113/03/06,5300,86.09,81.78,65.80%,華廈(10層含以下有電梯),23,八層/九層,房地(土地+建物)+車位,土:1 建:1車:2,3房2廳2衛,600,有,有,住家用,其他增建;
士林區格致路２０８號七樓,大衛營,113/03/06,1750,31.95,54.78,67.44%,華廈(10層含以下有電梯),46,七層/七層,房地(土地+建物),土:4 建:1車:0,4房2廳2衛,,有,有,住家用,陽台外推;
士林區天玉街１１５號二樓,家居雲門,113/03/06,6000,48.59,123.48,73.28%,華廈(10層含以下有電梯),16,"二層,三層/五層",房地(土地+建物)+車位,土:1 建:1車:4,5房3廳4衛,,有,有,住家用,親友、員工、共有人或其他特殊關係間之交易;
士林區士商路１４３號五樓,藝術陽明,113/03/06,5700,90.6,74.51,58.30%,住宅大樓(11層含以上有電梯),20,五層/十二層,房地(土地+建物)+車位,土:1 建:2車:2,3房2廳2衛,560,有,有,住家用,陽台外推;其他增建;
士林區基河路３６０號三樓,宏泰陽明,113/03/06,2400,45.14,53.17,55.09%,華廈(10層含以下有電梯),27,三層/十層,房地(土地+建物)+車位,土:1 建:1車:1,3房2廳2衛,,有,有,住家用,親友、員工、共有人或其他特殊關係間之交易;
士林區芝玉路一段１９７巷２５弄２號二樓,,113/03/05,2220,65.36,33.96,87.50%,公寓(5樓含以下無電梯),38,二層/五層,房地(土地+建物),土:1 建:1車:0,3房2廳2衛,,無,無,住家用,
士林區永平街５２號二樓,,113/03/05,1210,53.12,22.78,100.00%,公寓(5樓含以下無電梯),47,"二層,陽台/四層",房地(土地+建物),土:1 建:1車:0,3房2廳2衛,,無,無,住家用,陽台外推;
士林區天母東路３８之５號十樓,,113/03/04,6500,77.11,95.56,84.51%,住宅大樓(11層含以上有電梯),37,十層/十二層,房地(土地+建物)+車位,土:1 建:2車:1,4房2廳4衛,300,有,有,商業用,陽台外推;
士林區中山北路七段１４巷２９之１２號,幸福華廈,113/03/04,1520,66.39,22.9,81.94%,華廈(10層含以下有電梯),46,一層/七層,房地(土地+建物),土:1 建:1車:0,2房2廳1衛,,有,有,住家用,其他增建;
士林區忠義街９１巷３號地下室,,113/03/04,600,22.9,26.21,100.00%,公寓(5樓含以下無電梯),43,地下層/五層,房地(土地+建物),土:1 建:1車:0,3房2廳2衛,,無,無,其他,
士林區中山北路六段４２９號五樓,,113/03/04,1625,63.27,25.69,93.56%,公寓(5樓含以下無電梯),45,五層/五層,房地(土地+建物),土:1 建:1車:0,2房2廳2衛,,無,無,住家用,頂樓加蓋;
士林區中山北路七段１１４巷１號二樓,峰雅,113/03/04,3500,86.5,47.65,58.42%,華廈(10層含以下有電梯),,二層/九層,房地(土地+建物)+車位,土:1 建:1車:1,3房2廳2衛,180,有,有,住家用,預售屋、或土地及建物分件登記案件;
士林區故宮路４１巷５號,,113/03/04,525,58.69,8.94,99.97%,公寓(5樓含以下無電梯),49,"一層,平台/四層",房地(土地+建物),土:1 建:1車:0,3房2廳2衛,,無,無,住家用,親友間持分買賣親友、員工、共有人或其他特殊關係間之交易;
士林區中山北路六段２９０巷１９之１號四樓,,113/03/03,1950,64.15,30.4,89.86%,公寓(5樓含以下無電梯),40,四層/五層,房地(土地+建物),土:1 建:1車:0,3房2廳2衛,,無,無,住家用,陽台外推;其他增建;
士林區德行東路１０４巷７弄２號五樓,忠義新村,113/03/03,850,62.89,13.52,92.23%,公寓(5樓含以下無電梯),42,五層/五層,房地(土地+建物),土:3 建:1車:0,3房2廳2衛,,無,無,住家用,親友、員工、共有人或其他特殊關係間之交易;頂樓加蓋;其他增建;
士林區中山北路六段１５７巷１３號七樓之２,天母樂活,113/03/03,2800,71.16,39.35,38.52%,住宅大樓(11層含以上有電梯),15,七層/十五層,房地(土地+建物)+車位,土:1 建:1車:1,,300,有,有,商業用,
士林區忠誠路一段１７３巷１９號,無相寓所,113/03/03,11800,72.33,163.14,58.58%,華廈(10層含以下有電梯),10,"一層,二層/十層",房地(土地+建物)+車位,土:1 建:1車:6,5房3廳4衛,,有,有,住家用,
士林區忠誠路一段１７３巷２１號六樓,無相寓所,113/03/03,8018,83.18,96.39,41.78%,華廈(10層含以下有電梯),10,六層/十層,房地(土地+建物),土:1 建:1車:0,3房2廳2衛,,有,有,住家用,
士林區德行東路１９０巷３１弄１０號四樓,,113/03/03,1750,56.44,31.01,79.40%,公寓(5樓含以下無電梯),41,四層/五層,房地(土地+建物),土:1 建:1車:0,3房2廳2衛,,無,無,住家用,
士林區德行西路３６號十二樓之２,萬象之都,113/03/02,1392,112.98,12.32,52.52%,住宅大樓(11層含以上有電梯),16,十二層/十三層,房地(土地+建物),土:3 建:1車:0,1房1衛,,有,有,商業用,陽台外推;
士林區華榮街９９號二樓,華榮樂府,113/03/02,1560,86.37,26.64,63.65%,華廈(10層含以下有電梯),15,二層/六層,房地(土地+建物)+車位,土:1 建:1車:1,1房1廳1衛,150,有,有,住家用,其他增建;
士林區天母東路６９巷１７號,,113/03/02,3650,82.56,44.21,100.00%,公寓(5樓含以下無電梯),49,"一層,平台/四層",房地(土地+建物),土:1 建:1車:0,4房2廳2衛,,無,無,住家用,
士林區通河西街一段９７號四樓,,113/03/02,1350,50.95,26.5,100.00%,公寓(5樓含以下無電梯),55,四層/四層,房地(土地+建物),土:1 建:1車:0,3房2廳2衛,,無,無,住家用,頂樓加蓋;
士林區德行東路２８４巷１號三樓,,113/03/02,2158,55.87,38.63,89.11%,公寓(5樓含以下無電梯),41,三層/五層,房地(土地+建物),土:1 建:1車:0,3房2廳2衛,,無,無,住家用,陽台外推;其他增建;
士林區大北路４５號、大北路４５號二樓、大北路４５號三樓、大北路４５號四樓,,113/03/02,6100,0,70.14,,透天厝,49,全/四層,房地(土地+建物),土:1 建:1車:0,12房2廳7衛,,無,無,住家用,一、二樓之價格為參仟捌佰萬元整 三、四樓之價格為貳仟參佰萬元整其他增建;
士林區天玉街３８巷１６弄１０號四樓,,113/03/01,2210,65.59,33.69,92.12%,公寓(5樓含以下無電梯),44,四層/五層,房地(土地+建物),土:1 建:1車:0,4房2廳2衛,,無,無,住家用,陽台外推;其他增建;
士林區中山北路七段１４１巷２３號二樓,君御,113/03/01,4500,86.14,53.03,57.92%,華廈(10層含以下有電梯),1,二層/八層,房地(土地+建物)+車位,土:1 建:1車:1,3房2廳2衛,200,有,有,住家用,含裝潢費;
士林區延平北路六段３８４號八樓之１,,113/03/01,2858,54.92,52.04,61.51%,住宅大樓(11層含以上有電梯),18,八層/十一層,房地(土地+建物)+車位,土:1 建:1車:1,3房2廳2衛,,有,有,住家用,陽台外推;
士林區大南路３８４號四樓,,113/03/01,1450,57.29,25.31,100.00%,公寓(5樓含以下無電梯),49,四層/四層,房地(土地+建物),土:1 建:1車:0,3房2廳1衛,,無,無,住家用,陽台外推;頂樓加蓋;其他增建;
士林區天母北路９巷１４號四樓,億豐居,113/03/01,2220,66.09,33.59,86.77%,公寓(5樓含以下無電梯),45,四層/五層,房地(土地+建物),土:1 建:1車:0,3房2廳2衛,,無,無,住家用,陽台外推;
士林區延平北路六段４７７號十三樓,亞太企業中心,113/03/01,9349,42.9,217.94,55.56%,住宅大樓(11層含以上有電梯),9,十三層/十四層,房地(土地+建物)+車位,土:1 建:2車:5,,,有,有,商業用,
士林區承德路四段２４８之２號四樓,,113/02/29,2000,54.1,36.97,85.61%,公寓(5樓含以下無電梯),38,四層/五層,房地(土地+建物),土:2 建:1車:0,3房2廳2衛,,無,無,住家用,陽台外推;
士林區華光街２２號,,113/02/29,1380,73.39,18.8,100.00%,公寓(5樓含以下無電梯),60,一層/二層,房地(土地+建物),土:1 建:1車:0,2房1廳1衛,,無,無,住家用,其他增建;
士林區士商路１３５號十一樓,藝術陽明,113/02/29,4200,92.72,50.38,58.52%,住宅大樓(11層含以上有電梯),20,十一層/十二層,房地(土地+建物)+車位,土:1 建:2車:1,3房2廳2衛,250,有,有,住家用,陽台外推;
士林區承德路四段５８巷３１弄１４號,,113/02/29,860,93.83,9.17,92.87%,公寓(5樓含以下無電梯),42,一層/五層,房地(土地+建物),土:1 建:1車:0,3房2廳1衛,,無,無,住家用,
士林區大南路３３５號四樓,士林新天地,113/02/29,2666,61.76,46.39,61.29%,住宅大樓(11層含以上有電梯),16,四層/十五層,房地(土地+建物)+車位,土:1 建:1車:1,2房2廳2衛,260,有,有,商業用,親友、員工、共有人或其他特殊關係間之交易;
士林區士東路９１巷２６弄６號六樓之２,天母A+,113/02/28,1320,97.51,18.27,48.83%,華廈(10層含以下有電梯),15,六層/七層,房地(土地+建物)+車位,土:1 建:1車:1,1房1廳1衛,200,有,有,住家用,夾層;其他增建;
士林區前街１０１號三樓,,113/02/28,1650,50.98,32.36,90.55%,公寓(5樓含以下無電梯),47,三層/四層,房地(土地+建物),土:2 建:1車:0,3房2廳2衛,,無,無,住家用,其他增建：陽台。其他增建;
士林區忠誠路二段２１巷３３號四樓,,113/02/28,2100,64.72,32.45,82.96%,公寓(5樓含以下無電梯),39,四層/五層,房地(土地+建物),土:1 建:1車:0,3房2廳2衛,,無,無,住家用,其他增建;
士林區中山北路七段１１４巷３４弄１１號三樓,,113/02/28,2250,48.49,46.4,81.30%,華廈(10層含以下有電梯),37,三層/六層,房地(土地+建物),土:1 建:1車:0,3房2廳2衛,,無,有,住家用,其他增建;
士林區天母北路９巷７號六樓,六隱,113/02/28,5370,80.71,66.54,50.31%,華廈(10層含以下有電梯),12,六層/七層,房地(土地+建物)+車位,土:1 建:1車:1,4房2廳2衛,300,有,有,住家用,
士林區忠誠路一段１０３號四樓,,113/02/28,2900,79.2,36.62,84.64%,公寓(5樓含以下無電梯),39,四層/五層,房地(土地+建物),土:1 建:1車:0,3房2廳2衛,,無,無,住家用,親友、員工、共有人或其他特殊關係間之交易;陽台外推;
士林區天母北路５６號,聯上天母,113/02/27,7188,106.81,85.14,62.76%,住宅大樓(11層含以上有電梯),4,一層/二十四層,房地(土地+建物)+車位,土:1 建:1車:2,3房2廳2衛,600,有,有,住家用,
士林區天母北路５６號十樓之１,聯上天母,113/02/27,7228,100.49,89.07,54.06%,住宅大樓(11層含以上有電梯),4,十層/二十四層,房地(土地+建物)+車位,土:1 建:1車:2,3房2廳2衛,635,有,有,住家用,
士林區延平北路五段２１３巷３３號,葫蘆公寓,113/02/27,1780,59.43,29.95,100.00%,公寓(5樓含以下無電梯),51,二層/四層,房地(土地+建物),土:1 建:1車:0,3房1廳1衛,,有,無,住家用,陽台外推;
士林區天母北路４３巷３號二樓,,113/02/27,3220,82.04,39.25,86.34%,華廈(10層含以下有電梯),38,二層/七層,房地(土地+建物),土:1 建:1車:0,3房2廳2衛,,有,有,住家用,陽台外推;其他增建;
士林區士東路１２４號二樓,,113/02/27,1800,50.51,35.64,89.63%,公寓(5樓含以下無電梯),46,二層/五層,房地(土地+建物),土:1 建:1車:0,3房2廳2衛,,無,無,住家用,親友、員工、共有人或其他特殊關係間之交易;
士林區承德路四段２７７巷７５號二樓,,113/02/27,800,22.81,35.07,91.04%,公寓(5樓含以下無電梯),40,二層/五層,房地(土地+建物),土:1 建:1車:0,3房2廳2衛,,無,無,住家用,親友、員工、共有人或其他特殊關係間之交易;
士林區中山北路七段１１４巷３３弄４之１號五樓,,113/02/27,3520,56.95,61.81,75.40%,華廈(10層含以下有電梯),36,五層/六層,房地(土地+建物)+車位,土:3 建:1車:1,4房2廳2衛,,有,有,住家用,
士林區天母東路８巷２１號七樓之１,華琪,113/02/27,2080,69.29,30.02,86.93%,華廈(10層含以下有電梯),48,"七層,陽臺/七層",房地(土地+建物),土:2 建:1車:0,3房2廳2衛,,有,有,住家用,
士林區中山北路七段１４１巷２３號七樓,君御,113/02/26,4900,93.75,53.03,57.92%,華廈(10層含以下有電梯),1,七層/八層,房地(土地+建物)+車位,土:1 建:1車:1,3房2廳2衛,220,有,有,住家用,
士林區中山北路六段７５４巷１之１號四樓,,113/02/26,2950,71.74,41.12,79.64%,華廈(10層含以下有電梯),46,四層/六層,房地(土地+建物),土:1 建:1車:0,2房2廳2衛,,無,有,住家用,陽台外推;其他增建;
士林區士東路２６６巷６弄５號地下,,113/02/26,950,33.43,28.42,100.00%,公寓(5樓含以下無電梯),42,地下層/五層,房地(土地+建物),土:1 建:1車:0,3房2廳1衛,,無,無,其他,其他增建;
士林區中山北路七段１９０巷１２弄９之１號,瑞盧,113/02/26,3198.7,53.42,59.88,76.51%,華廈(10層含以下有電梯),39,一層/八層,房地(土地+建物)+車位,土:1 建:1車:1,3房2廳2衛,200,有,有,住家用,
士林區承德路四段４０巷１０５號四樓之３,劍潭整宅B區,113/02/25,720,55.61,12.95,92.52%,公寓(5樓含以下無電梯),53,三層/五層,房地(土地+建物),土:1 建:1車:0,2房1廳1衛,,無,無,住家用,陽台外推;其他增建;
士林區大南路２８５巷９弄５號四樓,,113/02/25,1180,52.35,22.54,88.53%,公寓(5樓含以下無電梯),47,四層/四層,房地(土地+建物),土:1 建:1車:0,2房2廳1衛,,無,無,住家用,陽台外推;
士林區中山北路六段２３６巷７號七樓之１,天母靜好,113/02/25,3363,109.93,39.97,56.47%,住宅大樓(11層含以上有電梯),2,七層/十四層,房地(土地+建物)+車位,土:1 建:1車:1,2房2廳1衛,325,有,有,住家用,
士林區永平街８０巷７號,,113/02/25,3600,57,63.16,100.00%,公寓(5樓含以下無電梯),47,"一層,平台/三層",房地(土地+建物),土:1 建:3車:0,4房4廳2衛,,無,無,住家用,增建及出租部分為一樓 整棟成交 拆分價格:一樓1650萬元整、二樓1000萬元整、三樓950萬元整其他增建;含租約;
士林區中山北路七段１１４巷４２號四樓,,113/02/25,1920,61.54,31.2,76.72%,公寓(5樓含以下無電梯),43,四層/五層,房地(土地+建物),土:1 建:1車:0,3房2廳2衛,,無,無,住家用,其他增建;
士林區中正路６５５巷１５號六樓,,113/02/25,2318,47.33,48.98,69.55%,華廈(10層含以下有電梯),27,"六層,七層,電梯樓梯間/七層",房地(土地+建物),土:1 建:1車:0,4房2廳3衛,,有,有,住家用,親友、員工、共有人或其他特殊關係間之交易;
士林區中山北路六段４１８號三樓,,113/02/25,1810,78.88,22.95,100.00%,公寓(5樓含以下無電梯),52,三層/四層,房地(土地+建物),土:1 建:1車:0,1房1廳1衛,,無,無,住家用,
士林區德行西路３６號十樓,萬象之都,113/02/24,1560,107.53,14.51,54.09%,住宅大樓(11層含以上有電梯),16,十層/十三層,房地(土地+建物),土:3 建:1車:0,1房1廳1衛,,有,有,商業用,其他增建;
士林區中山北路七段２２０巷６之２號七樓,晶晶,113/02/24,2650,62.95,50.98,78.80%,華廈(10層含以下有電梯),43,七層/七層,房地(土地+建物)+車位,土:1 建:1車:1,2房2廳2衛,300,有,有,住家用,其他增建;
士林區忠誠路一段１６巷２３號三樓之２,生活爵士,113/02/24,1078,89.14,12.09,58.85%,華廈(10層含以下有電梯),28,三層/五層,房地(土地+建物),土:2 建:1車:0,1房1衛,,有,有,住家用,
士林區大南路３２５號八樓之３,新天地,113/02/24,888,69.51,12.77,58.42%,住宅大樓(11層含以上有電梯),16,八層/十四層,房地(土地+建物),土:1 建:1車:0,1房1廳1衛,,有,有,商業用,
士林區通河東街一段１７３號五樓,,113/02/24,1020,37.06,27.52,94.48%,公寓(5樓含以下無電梯),41,五層/五層,房地(土地+建物),土:2 建:1車:0,3房1廳1衛,,無,無,其他,陽台外推;頂樓加蓋;其他增建;
士林區芝玉路一段２００號八樓,,113/02/24,4800,83.06,68.34,71.39%,住宅大樓(11層含以上有電梯),28,八層/十九層,房地(土地+建物)+車位,土:1 建:1車:1,3房2廳2衛,300,有,有,住家用,其他增建;
士林區通河東街二段２５號四樓,,113/02/23,1275,42,30.36,82.30%,公寓(5樓含以下無電梯),40,四層/五層,房地(土地+建物),土:1 建:1車:0,3房2廳1衛,,無,無,住家用,
士林區承德路四段１０巷３３號四樓,,113/02/23,1502,68.18,22.03,100.00%,公寓(5樓含以下無電梯),56,四層/四層,房地(土地+建物),土:2 建:1車:0,8房8衛,,無,無,住家用,增建項目：露台、陽台、頂樓、其他增建其他增建;
士林區社中街３７９號四樓,,113/02/23,1350,38.62,34.96,100.00%,公寓(5樓含以下無電梯),47,"四層,陽臺/四層",房地(土地+建物),土:1 建:1車:0,3房2廳2衛,,無,無,住家用,頂樓加蓋;夾層;其他增建;
士林區中社路一段３６巷５號二樓,,113/02/23,1480,47.54,31.13,100.00%,公寓(5樓含以下無電梯),49,二層/四層,房地(土地+建物),土:1 建:1車:0,4房2廳2衛,,無,無,住家用,
士林區至誠路二段９２巷３弄６號,,113/02/23,2406,0,38.07,,透天厝,52,全/二層,房地(土地+建物),土:1 建:1車:0,4房2廳2衛,,無,無,住家用,親友、員工、共有人或其他特殊關係間之交易;
士林區社子街８２號三樓,,113/02/21,1000,42.75,23.39,100.00%,公寓(5樓含以下無電梯),48,"三層,陽臺/四層",房地(土地+建物),土:1 建:1車:0,3房1廳1衛,,無,無,住家用,
士林區大東路４０號四樓,,113/02/21,1380,62.94,21.93,81.87%,公寓(5樓含以下無電梯),47,四層/四層,房地(土地+建物),土:1 建:1車:0,2房1廳2衛,,無,無,住家用,陽台外推;其他增建;
士林區德行東路２３９號四樓,德行,113/02/21,2368,85.86,27.58,72.11%,華廈(10層含以下有電梯),18,四層/五層,房地(土地+建物),土:2 建:1車:0,2房2廳1衛,,無,有,住家用,陽台外推;其他增建;
士林區格致路１７９號二樓之１,御陽明,113/02/21,6950,55.35,125.57,46.09%,華廈(10層含以下有電梯),11,二層/四層,房地(土地+建物)+車位,土:1 建:1車:3,,,有,有,住家用,
士林區社正路４５巷４弄１０號二樓,,113/02/21,927,22.45,41.29,92.56%,公寓(5樓含以下無電梯),42,二層/五層,房地(土地+建物),土:1 建:1車:0,3房1廳1衛,,無,無,商業用,親友、員工、共有人或其他特殊關係間之交易;
士林區士東路２６６巷５弄５號三樓,,113/02/21,1650,42.35,38.97,88.63%,公寓(5樓含以下無電梯),44,三層/五層,房地(土地+建物),土:5 建:1車:0,4房2廳2衛,,無,無,住家用,
士林區天母北路２８巷１１號二樓,,113/02/21,2030,65.3,31.09,90.26%,公寓(5樓含以下無電梯),45,二層/五層,房地(土地+建物),土:2 建:1車:0,3房2廳2衛,,無,無,住家用,陽台外推;
士林區天母東路８巷５８號七樓,天美奇跡,113/02/20,8880,100.53,88.33,61.74%,華廈(10層含以下有電梯),18,"七層,八層/八層",房地(土地+建物)+車位,土:1 建:1車:1,4房3廳3衛,450,有,有,住家用,
士林區中山北路七段８１巷４１弄９號二樓,華馨雅築,113/02/20,2800,69.59,40.24,91.11%,華廈(10層含以下有電梯),46,二層/五層,房地(土地+建物),土:2 建:1車:0,4房2廳1衛,,有,有,住家用,陽台外推;
士林區大南路３１０號二樓,,113/02/20,1800,59.13,30.44,95.33%,公寓(5樓含以下無電梯),53,二層/三層,房地(土地+建物),土:1 建:1車:0,3房2廳2衛,,無,無,住家用,
士林區仰德大道三段２４０號,,113/02/20,5000,0,57.67,,透天厝,54,全/一層,房地(土地+建物),土:6 建:1車:0,3房2廳2衛,,無,無,住家用,
士林區天母東路８巷３０弄１３號五樓,,113/02/19,2000,65.57,30.5,91.41%,公寓(5樓含以下無電梯),40,五層/五層,房地(土地+建物),土:3 建:1車:0,3房2廳2衛,,無,無,住家用,其他增建;
士林區中山北路七段１４巷５０弄１９號四樓,,113/02/19,1930,53.93,35.79,81.59%,公寓(5樓含以下無電梯),38,四層/五層,房地(土地+建物),土:1 建:1車:0,3房2廳2衛,,有,無,住家用,陽台外推;其他增建;
士林區克強路２２號,,113/02/19,5098,0,44.44,,透天厝,42,全/二層,房地(土地+建物),土:1 建:1車:0,4房2廳2衛,,無,無,住家用,
士林區中山北路五段５０６號八樓,欣翰士林官邸,113/02/19,29000,117.63,304.2,56.22%,住宅大樓(11層含以上有電梯),9,八層/十二層,房地(土地+建物)+車位,土:1 建:1車:7,,"3,200",有,有,辦公用,毛胚屋;
士林區文林路１４４巷１６號三樓,圓山藏富,113/02/19,1588,82.82,32.53,48.92%,華廈(10層含以下有電梯),2,三層/五層,房地(土地+建物)+車位,土:1 建:1車:2,1房1衛,200,有,有,辦公用,
士林區重慶北路四段４９巷５５號二樓,萊茵首席,113/02/18,1510,68.82,21.94,50.46%,華廈(10層含以下有電梯),3,二層/七層,房地(土地+建物),土:1 建:1車:0,2房2廳1衛,,有,有,辦公用,其他增建;
士林區士東路８９巷１６弄４號二樓,敦安,113/02/18,1998,68.4,29.21,89.91%,公寓(5樓含以下無電梯),39,二層/五層,房地(土地+建物),土:1 建:1車:0,3房2廳2衛,,無,無,住家用,其他增建;
士林區重慶北路四段２２０巷２１弄１２號,,113/02/18,2020,0,37.99,,透天厝,55,全/三層,房地(土地+建物),土:1 建:1車:0,3廳3衛,,無,無,住家用,頂樓加蓋;其他增建;
士林區中正路３６５巷５號二樓之１,士林小築,113/02/18,1708,87.91,19.43,45.70%,華廈(10層含以下有電梯),9,二層/五層,房地(土地+建物),土:1 建:1車:0,2房1廳1衛,,有,有,住家用,其他增建;
士林區天母北路６８之２號五樓,天母石濤園,113/02/18,3700,73.67,58.88,93.33%,住宅大樓(11層含以上有電梯),43,五層/十一層,房地(土地+建物)+車位,土:3 建:1車:1,3房2廳2衛,260,有,有,住家用,陽台外推;其他增建;
士林區德行東路１０９巷６３弄５號五樓,,113/02/18,1950,60.19,32.4,90.96%,公寓(5樓含以下無電梯),44,五層/五層,房地(土地+建物),土:2 建:1車:0,3房2廳2衛,,無,無,住家用,其他增建：陽台加設鋁窗頂樓加蓋;其他增建;
士林區中山北路七段２２０巷５號,,113/02/17,1100,14.36,76.62,79.22%,華廈(10層含以下有電梯),38,一層/六層,房地(土地+建物)+車位,土:1 建:1車:1,4房2廳2衛,,有,有,住家用,親友、員工、共有人或其他特殊關係間之交易;
士林區中庸二路８之１２號,過院來,113/02/17,6953.3,40,218.37,77.52%,華廈(10層含以下有電梯),16,"一層,二層,三層,四層,屋頂突出物,地下一層/五層",房地(土地+建物)+車位,土:1 建:1車:4,4房3廳4衛,400,有,有,住家用,親友、員工、共有人或其他特殊關係間之交易;
士林區社中街１２０號,,113/02/17,449,30.79,14.58,91.83%,公寓(5樓含以下無電梯),47,一層/四層,房地(土地+建物),土:1 建:1車:0,,,無,無,住商用,親友、員工、共有人或其他特殊關係間之交易;
士林區德行東路７６號二樓,,113/02/17,2568,70.86,36.24,94.42%,公寓(5樓含以下無電梯),52,二層/三層,房地(土地+建物),土:2 建:1車:0,3房2廳2衛,,無,無,住家用,其他增建;
士林區延平北路五段８３巷２８弄５號二樓,,113/02/17,1450,54.57,26.57,100.00%,公寓(5樓含以下無電梯),48,"二層,陽臺/四層",房地(土地+建物),土:1 建:1車:0,3房2廳2衛,,無,無,住家用,陽台外推;
士林區大東路１５之９號,,113/02/16,1780,73.25,24.3,100.00%,公寓(5樓含以下無電梯),58,"一層,二層,騎樓/三層",房地(土地+建物),土:2 建:2車:0,5房2廳4衛,,無,無,住商用,親友、員工、共有人或其他特殊關係間之交易;頂樓加蓋;
士林區天母西路５０巷２５號五樓,神曲,113/02/15,6800,73.94,91.97,45.97%,住宅大樓(11層含以上有電梯),23,五層/十四層,房地(土地+建物)+車位,土:1 建:1車:2,4房2廳3衛,600,有,有,住家用,陽台外推;
士林區大南路６６號三樓,,113/02/15,838,46.29,18.1,80.00%,公寓(5樓含以下無電梯),46,三層/四層,房地(土地+建物),土:1 建:1車:0,2房1廳1衛,,無,無,住家用,陽台外推;
士林區中正路６９３號六樓,忠誠,113/02/15,1200,35.09,34.2,69.51%,住宅大樓(11層含以上有電梯),40,六層/十二層,房地(土地+建物),土:1 建:1車:0,3房2廳2衛,,有,有,住家用,親友、員工、共有人或其他特殊關係間之交易;
士林區中山北路六段４１８號二樓,,113/02/12,1840,80.18,22.95,100.00%,公寓(5樓含以下無電梯),52,二層/四層,房地(土地+建物),土:1 建:1車:0,,,無,無,住家用,
士林區延平北路五段５０號十樓,,113/02/09,2520,58.07,43.4,59.42%,住宅大樓(11層含以上有電梯),11,十層/十三層,房地(土地+建物),土:2 建:1車:0,3房2廳2衛,,有,有,住家用,機房增建其他增建;
士林區至誠路一段１３６巷１０號四樓,,113/02/08,2768,48.99,56.5,76.52%,華廈(10層含以下有電梯),41,四層/五層,房地(土地+建物),土:1 建:1車:0,3房2廳3衛,,有,有,住家用,其他增建;
士林區中山北路七段８１巷２８弄６號十六樓,天母紘琚,113/02/08,19400,85.54,226.79,37.11%,住宅大樓(11層含以上有電梯),13,十六層/二十二層,房地(土地+建物)+車位,土:1 建:1車:6,4房2廳4衛,,有,有,住家用,
士林區福華路１６４巷１５號二樓,,113/02/08,2180,85.63,25.46,96.20%,公寓(5樓含以下無電梯),50,二層/四層,房地(土地+建物),土:1 建:1車:0,3房2廳1衛,,無,無,住家用,其他增建;
士林區延平北路九段２１３號三樓,,113/02/06,1000,46.15,21.67,100.00%,公寓(5樓含以下無電梯),48,"三層,陽臺/三層",房地(土地+建物),土:1 建:1車:0,6房1廳1衛,,無,無,住家用,頂樓加蓋;
士林區承德路四段１０巷９４號四樓,,113/02/06,1588,59.35,26.76,87.97%,公寓(5樓含以下無電梯),49,四層/四層,房地(土地+建物),土:1 建:1車:0,3房3廳2衛,,無,無,住家用,陽台外推;頂樓加蓋;
士林區承德路四段２７８號五樓,金花園,113/02/06,2650,62.95,42.1,71.63%,住宅大樓(11層含以上有電梯),38,五層/十二層,房地(土地+建物),土:1 建:1車:0,4房2廳2衛,,有,有,住家用,陽台外推;其他增建;
士林區基河路２２號六樓,鄉林層峰,113/02/06,6100,77.47,78.74,43.69%,住宅大樓(11層含以上有電梯),15,六層/十八層,房地(土地+建物)+車位,土:1 建:1車:2,4房2廳2衛,,有,有,住家用,
士林區承德路四段１２巷５６號三樓,,113/02/06,1551,60.11,25.8,90.90%,公寓(5樓含以下無電梯),54,三層/四層,房地(土地+建物),土:1 建:1車:0,3房2廳2衛,,無,無,住家用,其他增建;
士林區天母北路４８號,,113/02/06,1988,111.28,17.87,100.00%,公寓(5樓含以下無電梯),51,"一層,騎樓/四層",房地(土地+建物),土:2 建:1車:0,,,無,無,住商用,夾層;
士林區承德路四段３巷２９號二樓之２,,113/02/05,418,59.54,7.02,61.87%,華廈(10層含以下有電梯),29,二層/五層,房地(土地+建物),土:1 建:1車:0,1房1廳1衛,,無,有,住家用,
士林區大南路３２５號四樓之１０,新天地,113/02/05,1088,73.43,21.17,58.41%,住宅大樓(11層含以上有電梯),16,四層/十四層,房地(土地+建物)+車位,土:1 建:1車:1,1房1廳1衛,180,有,有,商業用,
士林區延平北路六段１７６巷６弄１２號四樓,,113/02/05,900,48.96,18.38,100.00%,公寓(5樓含以下無電梯),51,四層/四層,房地(土地+建物),土:1 建:1車:0,2廳1衛,,無,無,住家用,其他增建;
士林區文林路６６１巷９號五樓,,113/02/05,1850,63.38,29.19,85.62%,公寓(5樓含以下無電梯),42,五層/五層,房地(土地+建物),土:1 建:1車:0,3房2廳1衛,,無,無,住家用,頂樓加蓋;其他增建;
士林區社中街２８２號七樓,全樂藏悅,113/02/05,3403,49.08,86.51,58.31%,華廈(10層含以下有電梯),15,七層/九層,房地(土地+建物)+車位,土:1 建:1車:2,4房2廳2衛,440,有,有,住家用,
士林區忠義街１５１號九樓,長虹天母,113/02/05,5750,91.55,77.32,65.56%,華廈(10層含以下有電梯),18,九層/十層,房地(土地+建物)+車位,土:1 建:1車:2,4房2廳2衛,600,有,有,住家用,
士林區德行西路５０號八樓,萬象之都,113/02/04,1728,103.98,16.62,54.46%,住宅大樓(11層含以上有電梯),16,八層/十三層,房地(土地+建物),土:3 建:1車:0,1廳1衛,,有,有,商業用,陽台外推;
士林區文林路６６１巷３９弄１６號四樓,,113/02/04,2100,69.43,30.25,100.00%,公寓(5樓含以下無電梯),47,"四層,陽臺/四層",房地(土地+建物),土:1 建:1車:0,3房2廳2衛,,無,無,住家用,建物格局：頂樓加蓋2房2廳2衛。陽台外推;頂樓加蓋;
士林區中山北路七段１４巷５弄９之１號四樓,天母開發,113/02/04,3400,67.39,50.45,80.10%,華廈(10層含以下有電梯),38,四層/七層,房地(土地+建物),土:1 建:1車:0,3房2廳3衛,,有,有,住家用,陽台外推;其他增建;
士林區德行西路３６號九樓之６,萬象之都,113/02/04,1317,107.93,12.2,51.56%,住宅大樓(11層含以上有電梯),16,九層/十三層,房地(土地+建物),土:3 建:1車:0,1房1廳1衛,,有,有,商業用,陽台外推;夾層;其他增建;
士林區天母北路５６號二十四樓之２,聯上天母,113/02/04,6660,112.43,79.15,51.63%,住宅大樓(11層含以上有電梯),4,二十四層/二十四層,房地(土地+建物)+車位,土:1 建:1車:2,,400,有,有,住家用,
士林區天母東路１０５巷５２號二樓,,113/02/03,1630,47.07,34.63,90.54%,公寓(5樓含以下無電梯),45,二層/五層,房地(土地+建物),土:2 建:1車:0,3房2廳2衛,,無,無,住家用,其他增建;
士林區重慶北路四段４９巷３１弄２４號二樓,,113/02/02,640,22.56,28.37,100.00%,公寓(5樓含以下無電梯),50,二層/四層,房地(土地+建物),土:1 建:1車:0,3房2廳1衛,,無,無,住家用,親友、員工、共有人或其他特殊關係間之交易;
士林區天母東路２２巷２３號七樓之４,天母華琪大廈仁座,113/02/02,2200,67.35,32.66,78.22%,華廈(10層含以下有電梯),46,七層/十層,房地(土地+建物),土:1 建:1車:0,3房2廳2衛,,有,有,住家用,陽台外推;其他增建;
士林區福港街２６２巷２０之１號四樓,,113/02/02,1297,53.12,24.41,85.68%,公寓(5樓含以下無電梯),44,四層/五層,房地(土地+建物),土:2 建:1車:0,3房2廳1衛,,無,無,住家用,其他增建;
士林區天母東路８巷４７號五樓,,113/02/02,3700,71,52.11,73.25%,華廈(10層含以下有電梯),42,五層/七層,房地(土地+建物),土:4 建:1車:0,3房2廳2衛,,有,有,住家用,親友、員工、共有人或其他特殊關係間之交易;陽台外推;
士林區通河東街一段１２４巷６弄１６號,,113/02/01,1990,78.24,25.43,85.28%,公寓(5樓含以下無電梯),47,一層/四層,房地(土地+建物),土:1 建:1車:0,3房2廳1衛,,無,無,住家用,其他增建;
士林區中社路一段１１巷３１弄６號二樓,,113/02/01,1000,48.05,20.81,100.00%,公寓(5樓含以下無電梯),49,二層/四層,房地(土地+建物),土:1 建:1車:0,2房2廳1衛,,無,無,住家用,陽台外推;其他增建;
士林區故宮路３５巷２號三樓,,113/02/01,1560,42.95,36.32,100.00%,公寓(5樓含以下無電梯),49,"三層,陽臺/四層",房地(土地+建物),土:4 建:1車:0,5房1廳2衛,,無,無,住家用,陽台外推;其他增建;
士林區小西街７６之５號,,113/02/01,800,24.67,32.43,84.89%,公寓(5樓含以下無電梯),45,一層/五層,房地(土地+建物),土:2 建:1車:0,3房2廳2衛,,無,無,商業用,親友、員工、共有人或其他特殊關係間之交易;
士林區忠誠路一段１６巷１４弄４０號四樓,,113/02/01,2730,99.55,27.42,63.59%,華廈(10層含以下有電梯),41,四層/七層,房地(土地+建物),土:3 建:2車:0,2房2廳1衛,,有,有,住家用,陽台外推;
士林區士東路４６巷３３號三樓,,113/01/31,2180,68.41,31.87,84.98%,公寓(5樓含以下無電梯),45,三層/五層,房地(土地+建物),土:2 建:1車:0,3房2廳2衛,,無,無,住家用,陽台外推;其他增建;
士林區中山北路七段１１４巷１號九樓,峰雅,113/01/31,6800,102.09,74.41,57.14%,華廈(10層含以下有電梯),,"九層,見其他登記事項/九層",房地(土地+建物)+車位,土:1 建:1車:1,3房1廳2衛,150,有,有,住家用,預售屋、或土地及建物分件登記案件;
士林區福港街２１０巷３號,,113/01/30,1950,67.29,28.98,89.77%,公寓(5樓含以下無電梯),46,一層/四層,房地(土地+建物),土:1 建:1車:0,3房2廳2衛,,無,無,住家用,
士林區社子街８６號九樓之１,麗池凡登,113/01/30,1788,59.23,30.19,55.28%,華廈(10層含以下有電梯),15,九層/十層,房地(土地+建物)+車位,土:2 建:1車:1,2房1廳1衛,,有,有,住家用,其他增建;
士林區基河路２３８號七樓之１０,金旺來大廈,113/01/30,860,80.04,10.74,52.98%,華廈(10層含以下有電梯),27,七層/七層,房地(土地+建物),土:2 建:1車:0,1房1廳1衛,,有,有,住家用,陽台外推;
士林區承德路四段２４４號九樓,士林都心,113/01/30,3260,81.18,40.16,83.56%,華廈(10層含以下有電梯),34,九層/十層,房地(土地+建物),土:2 建:1車:0,3房2廳2衛,,有,有,住家用,陽台外推;其他增建;
士林區天母北路２８巷２之１號三樓,,113/01/30,3068,74.07,41.42,78.91%,華廈(10層含以下有電梯),35,三層/五層,房地(土地+建物),土:1 建:1車:0,4房2廳2衛,,無,有,住家用,其他增建;
士林區延平北路六段４７５號十樓,亞太企業中心,113/01/30,9404,37.92,248,55.56%,住宅大樓(11層含以上有電梯),9,十層/十四層,房地(土地+建物)+車位,土:1 建:2車:8,,,有,有,商業用,
士林區文林路５００號五樓,囍堂,113/01/29,2550,99.87,24.1,63.57%,住宅大樓(11層含以上有電梯),11,五層/十三層,房地(土地+建物)+車位,土:1 建:1車:1,2房2廳1衛,180,有,有,住家用,
士林區承德路四段２０號二樓,,113/01/29,1600,71.2,22.47,100.00%,公寓(5樓含以下無電梯),51,"二層,陽臺/四層",房地(土地+建物),土:1 建:1車:0,4房1廳2衛,,無,無,住家用,其他增建;
士林區忠誠路一段１６巷１４弄４０號四樓之２,,113/01/29,2188,102.6,21.33,69.82%,華廈(10層含以下有電梯),41,四層/七層,房地(土地+建物),土:3 建:1車:0,1房1廳1衛,,有,有,住家用,陽台外推;其他增建;
士林區文林路４３２號,,113/01/29,8200,138.13,59.36,100.00%,公寓(5樓含以下無電梯),59,"一層,二層,騎樓/三層",房地(土地+建物),土:1 建:1車:0,2廳2衛,,無,無,住家用,其他增建;
士林區福港街１５２號四樓,,113/01/29,1490,59.65,24.98,100.00%,公寓(5樓含以下無電梯),48,"四層,陽臺/四層",房地(土地+建物),土:1 建:1車:0,5房5衛,,無,無,住家用,陽台外推;頂樓加蓋;
士林區福國路１００號十樓之１,雙子星,113/01/29,2600,70.35,36.96,80.81%,住宅大樓(11層含以上有電梯),45,十層/十四層,房地(土地+建物),土:1 建:1車:0,3房2廳2衛,,有,有,住家用,親友、員工、共有人或其他特殊關係間之交易;
士林區中山北路六段３９之２號,國揚天母,113/01/29,6275,139.88,44.86,67.66%,住宅大樓(11層含以上有電梯),12,"一層,二層/十三層",房地(土地+建物),土:1 建:1車:0,,,有,有,辦公用,
士林區中山北路六段３９號,國揚天母,113/01/29,5530.8,139.89,39.54,69.79%,住宅大樓(11層含以上有電梯),12,"一層,二層/十三層",房地(土地+建物),土:1 建:1車:0,,,有,有,辦公用,
士林區中山北路六段３９之１號,國揚天母,113/01/29,6644.2,139.81,63.59,67.74%,住宅大樓(11層含以上有電梯),12,"一層,二層/十三層",房地(土地+建物)+車位,土:1 建:1車:2,,600,有,有,辦公用,
士林區中山北路六段３７之２號,國揚天母,113/01/29,8550.1,139.86,69.17,69.03%,住宅大樓(11層含以上有電梯),12,"一層,二層/十三層",房地(土地+建物)+車位,土:1 建:1車:1,,300,有,有,辦公用,
士林區劍潭路１２號十二樓之３,圓山凡登,113/01/28,1235,98.97,12.48,58.04%,住宅大樓(11層含以上有電梯),15,十二層/十四層,房地(土地+建物),土:2 建:1車:0,1房1廳1衛,,有,有,住家用,
士林區忠誠路二段２１巷１７號五樓,,113/01/28,5346,92.78,63.11,54.70%,華廈(10層含以下有電梯),17,五層/七層,房地(土地+建物)+車位,土:1 建:1車:2,3房2廳2衛,400,無,有,住家用,陽台外推;其他增建;
士林區天母北路５６號二十一樓,聯上天母,113/01/28,6200,111.39,65.6,53.37%,住宅大樓(11層含以上有電梯),4,二十一層/二十四層,房地(土地+建物)+車位,土:1 建:1車:1,2房2廳2衛,200,有,有,住家用,
士林區德行東路１９０巷１弄１０號二樓,涵芳庭,113/01/28,2240,67.92,32.98,81.04%,公寓(5樓含以下無電梯),38,二層/五層,房地(土地+建物),土:1 建:1車:0,3房2廳2衛,,有,無,住家用,
士林區中山北路五段８２９巷１６號三樓,,113/01/28,2618,73.09,35.82,83.12%,華廈(10層含以下有電梯),42,三層/七層,房地(土地+建物),土:1 建:1車:0,3房2廳2衛,,無,有,住家用,其他增建;
士林區重慶北路四段２２０巷２１弄１４號,,113/01/27,1888,0,37.99,,透天厝,55,全/三層,房地(土地+建物),土:1 建:1車:0,5房2廳3衛,,無,無,住家用,頂樓加蓋;其他增建;
士林區基河路２３６號十樓,公教大樓,113/01/27,3498,65.48,53.42,70.12%,住宅大樓(11層含以上有電梯),28,十層/十二層,房地(土地+建物)+車位,土:1 建:1車:1,3房2廳2衛,,有,有,住家用,其他增建;
士林區永平街９巷１８弄８號,,113/01/27,1460,46.64,31.31,86.88%,公寓(5樓含以下無電梯),43,一層/五層,房地(土地+建物),土:2 建:1車:0,,,無,無,住家用,陽台外推;其他增建;
士林區中山北路五段５０２號六樓,欣翰士林官邸,113/01/27,13500,96.14,159.78,47.90%,住宅大樓(11層含以上有電梯),9,六層/十二層,房地(土地+建物)+車位,土:1 建:1車:3,,900,有,有,辦公用,毛胚屋;
士林區德行東路２５８號十三樓之２,日日好日,113/01/26,7080,109.63,73.68,60.24%,住宅大樓(11層含以上有電梯),2,十三層/十四層,房地(土地+建物)+車位,土:1 建:2車:1,4房2廳2衛,350,有,有,住家用,
士林區延平北路八段１８７巷１弄９號,,113/01/26,310,34.16,9.07,100.00%,公寓(5樓含以下無電梯),54,一層/三層,房地(土地+建物),土:2 建:1車:0,2房1廳1衛,,無,無,住家用,親友、員工、共有人或其他特殊關係間之交易;
士林區忠誠路一段５３號七樓,士林御花園,113/01/26,2758,95,29.03,78.47%,華廈(10層含以下有電梯),39,七層/七層,房地(土地+建物),土:1 建:1車:0,3房2廳2衛,,有,有,住家用,陽台外推;頂樓加蓋;
士林區承德路四段４０巷４９號四樓之４,劍潭整宅貳期,113/01/25,530,57.07,9.29,89.58%,華廈(10層含以下有電梯),51,四層/五層,房地(土地+建物),土:1 建:1車:0,1房1廳1衛,,有,有,住家用,陽台外推;其他增建;
士林區劍潭路３６號二樓,,113/01/25,2450,63.6,38.52,64.25%,華廈(10層含以下有電梯),40,二層/七層,房地(土地+建物),土:1 建:1車:0,3房2廳2衛,,有,有,住家用,陽台外推;其他增建;
士林區中山北路七段１９０巷１２弄１１號七樓,,113/01/25,3800,52.67,72.15,86.81%,華廈(10層含以下有電梯),36,七層/七層,房地(土地+建物)+車位,土:1 建:1車:1,3房2廳2衛,,無,有,住家用,其他增建;
士林區文林路５００號十樓,囍堂,113/01/24,2635,103.45,24.1,63.57%,住宅大樓(11層含以上有電梯),11,十層/十三層,房地(土地+建物)+車位,土:1 建:1車:1,2房1廳1衛,180,有,有,住家用,
士林區葫蘆街４０巷１號二樓,,113/01/23,1500,35.49,42.27,88.14%,公寓(5樓含以下無電梯),38,二層/五層,房地(土地+建物),土:1 建:1車:0,4房2廳2衛,,無,無,住家用,親友、員工、共有人或其他特殊關係間之交易;
士林區文林路７６３號六樓之４,寶殿大廈,113/01/22,2408,65,37.04,76.55%,住宅大樓(11層含以上有電梯),43,六層/十一層,房地(土地+建物),土:1 建:1車:0,4房2廳2衛,,有,有,住家用,陽台外推;其他增建;
士林區中山北路七段１１４巷７２弄３之１號,,113/01/22,6735,0,48.34,,透天厝,60,全/一層,房地(土地+建物),土:1 建:1車:0,4房2廳4衛,,無,無,住家用,頂樓加蓋;其他增建;
士林區天母西路５８號,,113/01/22,6700,68.65,97.59,90.71%,華廈(10層含以下有電梯),39,地下一層/七層,房地(土地+建物),土:6 建:1車:0,,,無,有,其他,其他增建;
士林區小南街１４號四樓,,113/01/21,723,74.13,9.75,100.00%,公寓(5樓含以下無電梯),44,四層/四層,房地(土地+建物),土:1 建:1車:0,1廳1衛,,無,無,住家用,陽台外推;其他增建;
士林區延平北路五段５９巷８弄８號,,113/01/21,910,53.53,17,100.00%,公寓(5樓含以下無電梯),52,四層/四層,房地(土地+建物),土:1 建:1車:0,3房2廳1衛,,無,無,住家用,本案含有獨立出入口之頂樓加蓋，面積約６坪。頂樓加蓋;
士林區中山北路七段８１巷１６弄５號二樓之１,沐山,113/01/21,3688,74.9,50.42,53.23%,住宅大樓(11層含以上有電梯),1,二層/十五層,房地(土地+建物)+車位,土:1 建:1車:1,3房2廳4衛,280,有,有,住家用,
士林區福華路１５３巷１７號,,113/01/21,2050,78.25,26.2,100.00%,公寓(5樓含以下無電梯),52,三層/四層,房地(土地+建物),土:1 建:1車:0,3房2廳1衛,,無,無,住家用,其他增建;
士林區葫蘆街４０巷１５號,,113/01/21,1906,63.84,29.86,88.32%,公寓(5樓含以下無電梯),46,一層/四層,房地(土地+建物),土:3 建:1車:0,1房2廳2衛,,無,無,其他,平台外推、地下室、內梯增建、停車位變更室內使用其他增建;
士林區社正路３０號七樓,成功首席,113/01/20,1656,69,24,58.31%,住宅大樓(11層含以上有電梯),4,七層/十三層,房地(土地+建物),土:1 建:1車:0,1房1廳1衛,,有,有,住家用,其他增建;
士林區中社路一段６０巷４號,,113/01/20,1720,54.8,31.38,100.00%,公寓(5樓含以下無電梯),48,一層/四層,房地(土地+建物),土:1 建:1車:0,3房2廳2衛,,無,無,住家用,其他增建;未登記建物;
士林區社子街１１５巷２０弄１３號四樓,,113/01/20,800,44.92,17.81,82.72%,公寓(5樓含以下無電梯),50,四層/四層,房地(土地+建物),土:1 建:1車:0,2房1廳1衛,,無,無,住家用,
士林區福榮街３５號二樓,,113/01/20,2300,125.99,18.26,100.00%,公寓(5樓含以下無電梯),59,二層/二層,房地(土地+建物),土:3 建:1車:0,2房1廳1衛,,無,無,住家用,陽台加窗。其他增建;
士林區福壽街２７號,,113/01/20,2448,157.9,15.5,100.00%,公寓(5樓含以下無電梯),58,一層/二層,房地(土地+建物),土:1 建:1車:0,2廳1衛,,無,無,住家用,
士林區雨聲街１５巷２之１號二樓,,113/01/18,600,56.83,10.56,76.53%,公寓(5樓含以下無電梯),41,二層/五層,房地(土地+建物),土:1 建:1車:0,3房2廳2衛,,無,無,住家用,親友、員工、共有人或其他特殊關係間之交易;陽台外推;其他增建;
士林區中正路２１２巷４號二樓,長本觀邸,113/01/18,4798,54.93,87.35,53.54%,華廈(10層含以下有電梯),13,二層/九層,房地(土地+建物)+車位,土:1 建:1車:2,3房2廳2衛,,有,有,住家用,
士林區大東路４７號,,113/01/17,931.4,34.17,27.26,72.28%,公寓(5樓含以下無電梯),46,一層/四層,房地(土地+建物),土:2 建:1車:0,4房8衛,,無,無,商業用,親友、員工、共有人或其他特殊關係間之交易;頂樓加蓋;
士林區通河東街一段１３０巷６號三樓,,113/01/17,1000,29.55,33.84,88.13%,公寓(5樓含以下無電梯),46,三層/四層,房地(土地+建物),土:1 建:1車:0,3房2廳1衛,,無,無,住家用,親友、員工、共有人或其他特殊關係間之交易;
士林區雨農路２９號,,113/01/17,745,0,7.08,,透天厝,52,全/二層,房地(土地+建物),土:3 建:1車:0,2房2衛,,無,無,商業用,親友、員工、共有人或其他特殊關係間之交易;頂樓加蓋;
士林區福國路１９之２號四樓,紫金,113/01/17,1880,87.98,21.37,82.56%,住宅大樓(11層含以上有電梯),45,四層/十一層,房地(土地+建物),土:1 建:1車:0,2房2廳1衛,,有,有,住家用,陽台外推;
士林區天母西路５巷１３號,,113/01/16,4150,58.4,71.07,90.14%,華廈(10層含以下有電梯),43,一層/七層,房地(土地+建物),土:1 建:2車:0,,,有,有,商業用,其他增建;
士林區雨聲街１５巷１０號三樓,,113/01/16,2100,57.69,36.4,80.77%,公寓(5樓含以下無電梯),41,三層/五層,房地(土地+建物),土:1 建:1車:0,3房2廳2衛,,無,無,住家用,陽台外推;
士林區基河路４０號十二樓之１,北美館,113/01/15,220,80.99,2.72,58.91%,住宅大樓(11層含以上有電梯),25,十二層/十三層,房地(土地+建物)+車位,土:2 建:1車:1,2房1廳1衛,,有,有,住家用,親友、員工、共有人或其他特殊關係間之交易;
士林區重慶北路四段２４４號,,113/01/15,1300,45.54,28.54,100.00%,公寓(5樓含以下無電梯),54,三層/四層,房地(土地+建物),土:1 建:1車:0,2房1廳1衛,,無,無,住家用,
士林區重慶北路四段２４４號,,113/01/15,1300,45.54,28.54,100.00%,公寓(5樓含以下無電梯),54,二層/四層,房地(土地+建物),土:1 建:1車:0,2房1廳1衛,,無,無,住家用,
士林區重慶北路四段２４４號,,113/01/15,1300,45.54,28.54,100.00%,公寓(5樓含以下無電梯),54,四層/四層,房地(土地+建物),土:1 建:1車:0,2房1廳1衛,,無,無,住家用,
士林區中山北路六段２３６巷７號五樓之３,天母靜好,113/01/15,3050,78.62,38.79,54.72%,住宅大樓(11層含以上有電梯),2,五層/十四層,房地(土地+建物)+車位,土:1 建:1車:1,2房2廳1衛,,有,有,住家用,
士林區忠誠路一段１１１號八樓,天母鉅星,113/01/15,4998,74.96,66.67,79.32%,住宅大樓(11層含以上有電梯),34,八層/十二層,房地(土地+建物)+車位,土:1 建:1車:1,3房2廳2衛,250,有,有,住家用,花台外推陽台外推;其他增建;
士林區士東路２６６巷１２弄１號,,113/01/14,2830,73.16,38.68,89.18%,公寓(5樓含以下無電梯),39,一層/五層,房地(土地+建物),土:2 建:1車:0,3房2廳2衛,,無,無,住家用,其他增建;
士林區基河路１２８號六樓之１,基河之星,113/01/14,625,80.05,7.81,58.66%,住宅大樓(11層含以上有電梯),27,六層/十一層,房地(土地+建物),土:1 建:1車:0,1房1廳1衛,,有,有,住家用,陽台外推;
士林區福港街１８巷１５號五樓,,113/01/13,1910,58.7,32.54,81.39%,公寓(5樓含以下無電梯),39,五層/五層,房地(土地+建物),土:1 建:1車:0,3房2廳1衛,,無,無,住家用,陽台外推;頂樓加蓋;其他增建;
士林區社中街２１０巷９弄１６號二樓,,113/01/13,1100,48.76,22.56,100.00%,公寓(5樓含以下無電梯),48,"二層,陽臺/四層",房地(土地+建物),土:1 建:1車:0,3房2廳1衛,,無,無,住家用,其他增建;
士林區承德路四段７３之１號十樓,富麗圓山,113/01/12,2600,50.71,51.27,74.29%,住宅大樓(11層含以上有電梯),24,十層/十一層,房地(土地+建物)+車位,土:2 建:1車:1,3房2廳2衛,,有,有,住家用,親友、員工、共有人或其他特殊關係間之交易;
士林區中正路３３９號六樓,威震市林,113/01/12,6588,96.53,72.95,54.98%,住宅大樓(11層含以上有電梯),7,六層/十三層,房地(土地+建物)+車位,土:1 建:1車:1,3房2廳2衛,300,有,有,住家用,
士林區中正路３３７號六樓,威震市林,113/01/12,6658,96.5,74.95,54.66%,住宅大樓(11層含以上有電梯),7,六層/十三層,房地(土地+建物)+車位,土:1 建:1車:1,3房2廳2衛,300,有,有,住家用,
士林區福國路５２號六樓,政義大樓,113/01/12,2680,60.63,44.2,90.00%,華廈(10層含以下有電梯),45,六層/七層,房地(土地+建物),土:5 建:1車:0,3房2廳2衛,,有,有,住家用,親友、員工、共有人或其他特殊關係間之交易;陽台外推;
士林區中正路４５２號,大紐約,113/01/11,3505.1,97.67,35.89,78.32%,華廈(10層含以下有電梯),20,"一層,騎樓/十層",房地(土地+建物),土:1 建:1車:0,,,有,有,商業用,親友、員工、共有人或其他特殊關係間之交易;
士林區忠誠路一段１７１巷１０弄２號,蘭雅新城,113/01/11,4618,103.58,44.58,87.83%,華廈(10層含以下有電梯),31,一層/十層,房地(土地+建物),土:1 建:1車:0,1房2廳1衛,,有,有,商業用,其他增建;
士林區中山北路五段８２９巷１９號三樓,,113/01/10,888,61.61,14.41,100.00%,公寓(5樓含以下無電梯),50,三層/四層,房地(土地+建物),土:1 建:1車:0,3房1廳1衛,,無,無,住家用,親友、員工、共有人或其他特殊關係間之交易;
士林區福壽街５８號四樓,日日居,113/01/10,1620,86.38,18.75,54.45%,華廈(10層含以下有電梯),9,四層/七層,房地(土地+建物),土:1 建:1車:0,2房1廳1衛,,有,有,住家用,
士林區中山北路六段２３６巷９號十三樓之１,天母靜好,113/01/10,4600,117.51,39.15,57.28%,住宅大樓(11層含以上有電梯),2,十三層/十四層,房地(土地+建物),土:1 建:1車:0,3房2廳2衛,,有,有,住家用,
士林區天母東路８號三十樓,華固天鑄,113/01/10,31000,146.97,210.93,53.89%,住宅大樓(11層含以上有電梯),7,三十層/三十八層,房地(土地+建物)+車位,土:2 建:1車:4,,,有,有,住家用,
士林區士東路８９巷１５之２號三樓,,113/01/10,2130,58.71,36.28,90.94%,公寓(5樓含以下無電梯),39,三層/五層,房地(土地+建物),土:1 建:1車:0,3房2廳2衛,,無,無,住家用,
士林區格致路２０巷３１號四樓之２,仰德大廈,113/01/09,836,30.79,27.15,36.06%,華廈(10層含以下有電梯),27,四層/十層,房地(土地+建物)+車位,土:2 建:1車:2,1房1廳1衛,,有,有,住家用,車位編號：5、6號。陽台外推;其他增建;
士林區士東路５８號五樓,士東芷園,113/01/09,3280,85.49,38.37,85.73%,華廈(10層含以下有電梯),38,五層/七層,房地(土地+建物),土:1 建:1車:0,3房2廳2衛,,無,有,住家用,
士林區天母西路５巷５號三樓,和園,113/01/09,2900,60.79,47.71,87.03%,華廈(10層含以下有電梯),46,三層/七層,房地(土地+建物),土:1 建:1車:0,4房2廳2衛,,有,有,住家用,
士林區文昌路２７３號四樓,,113/01/09,1768,69.19,25.55,100.00%,公寓(5樓含以下無電梯),49,"四層,陽臺/四層",房地(土地+建物),土:2 建:1車:0,4房1廳4衛,,無,無,住家用,其他增建:陽台增建頂樓加蓋;其他增建;
士林區重慶北路四段１９０巷５弄５號,,113/01/09,1500,56.98,26.33,100.00%,公寓(5樓含以下無電梯),55,一層/四層,房地(土地+建物),土:1 建:1車:0,1房1廳1衛,,無,無,住家用,壹樓空地增建 平台外推其他增建;
士林區仰德大道三段１２５巷５弄１７之１號,,113/01/09,690,38.77,17.8,56.81%,公寓(5樓含以下無電梯),45,一層/四層,房地(土地+建物),土:1 建:1車:0,1房1廳1衛,,無,無,住家用,
士林區天玉街７５巷８號四樓,,113/01/09,500,33.51,14.92,82.85%,公寓(5樓含以下無電梯),45,四層/五層,房地(土地+建物),土:1 建:1車:0,2房2廳2衛,,無,無,住家用,親友、員工、共有人或其他特殊關係間之交易;
士林區雨聲街８３巷６號五樓,,113/01/08,2030,59.86,33.91,87.77%,公寓(5樓含以下無電梯),40,五層/五層,房地(土地+建物),土:1 建:1車:0,2房2廳2衛,,無,無,住家用,陽台外推;頂樓加蓋;
士林區通河東街一段１０５巷１弄９號,,113/01/08,1000,32.04,31.21,83.21%,公寓(5樓含以下無電梯),46,一層/四層,房地(土地+建物),土:2 建:1車:0,3房2廳2衛,,無,無,住家用,親友、員工、共有人或其他特殊關係間之交易;其他增建;
士林區承德路五段２號六樓,長堤,113/01/08,2560,37.35,68.54,82.01%,華廈(10層含以下有電梯),45,六層/七層,房地(土地+建物)+車位,土:4 建:1車:1,3房2廳2衛,300,有,有,住家用,陽台外推;其他增建;
士林區文林路６４３巷２１號五樓,芝山緣,113/01/08,840,21.7,38.71,60.53%,華廈(10層含以下有電梯),21,五層/八層,房地(土地+建物)+車位,土:1 建:1車:1,2房1廳2衛,,有,有,住家用,親友、員工、共有人或其他特殊關係間之交易;
士林區忠誠路一段１７１巷１２弄１號八樓,天母懷德A座,113/01/07,5300,84.9,62.43,76.31%,住宅大樓(11層含以上有電梯),14,八層/十二層,房地(土地+建物)+車位,土:2 建:2車:1,4房2廳2衛,,有,有,住家用,
士林區天母北路５６號六樓之２,聯上天母,113/01/07,4160,86.83,57.34,55.01%,住宅大樓(11層含以上有電梯),4,六層/二十四層,房地(土地+建物)+車位,土:1 建:1車:1,3房2廳2衛,200,無,有,住家用,
士林區格致路２０巷２９號三樓之６,仰德大廈,113/01/07,420,53.98,7.78,63.65%,華廈(10層含以下有電梯),27,三層/十層,房地(土地+建物),土:2 建:1車:0,1房1廳1衛,,有,有,住家用,其他增建;
士林區社正路４５巷１３號五樓,,113/01/07,1298,37.12,34.97,89.83%,公寓(5樓含以下無電梯),43,五層/五層,房地(土地+建物),土:1 建:1車:0,3房2廳2衛,,無,無,住家用,
士林區延平北路五段９４號,,113/01/07,1750,0,30.08,,透天厝,64,全/四層,房地(土地+建物),土:1 建:1車:0,3房1廳1衛,,無,無,住家用,其他增建;
士林區大南路３２５號十樓之１３,新天地,113/01/07,1070,72,21.58,58.40%,住宅大樓(11層含以上有電梯),16,十層/十四層,房地(土地+建物)+車位,土:1 建:1車:1,1房1廳1衛,150,有,有,商業用,
士林區承德路四段２２號四樓,,113/01/07,1520,67.64,22.47,100.00%,公寓(5樓含以下無電梯),51,"四層,陽臺/四層",房地(土地+建物),土:1 建:1車:0,4房2廳2衛,,無,無,住家用,防火巷增建沿著加蓋陽台外推;其他增建;
士林區中山北路六段２９０巷２７號二樓之４,天母風華,113/01/06,930,83.84,11.09,60.68%,華廈(10層含以下有電梯),31,二層/五層,房地(土地+建物),土:1 建:1車:0,1房1廳1衛,,有,有,住家用,
士林區中山北路七段１９０巷２７號六樓,翠林大廈,113/01/06,2200,53.35,41.24,84.82%,華廈(10層含以下有電梯),44,六層/七層,房地(土地+建物),土:1 建:1車:0,3房2廳2衛,,無,有,住家用,
士林區福國路９８號二樓之６,雙子星,113/01/05,5800,52.84,109.76,80.64%,住宅大樓(11層含以上有電梯),45,二層/十四層,房地(土地+建物),土:1 建:3車:0,,,有,有,住家用,
士林區德行西路３６號四樓之１３,萬象之都,113/01/05,1540,106.1,14.51,53.83%,住宅大樓(11層含以上有電梯),16,四層/十三層,房地(土地+建物),土:3 建:1車:0,1房1廳1衛,,有,有,商業用,陽台外推;
士林區德行東路３３１巷５４弄８號五樓,,113/01/05,1460,48.37,30.19,87.10%,公寓(5樓含以下無電梯),44,五層/五層,房地(土地+建物),土:3 建:1車:0,3房2廳2衛,,有,無,住家用,親友、員工、共有人或其他特殊關係間之交易;
士林區福港街１２９巷１０弄１０號四樓,,113/01/05,1600,67.21,23.81,100.00%,公寓(5樓含以下無電梯),49,"四層,陽臺/四層",房地(土地+建物),土:1 建:1車:0,3房2廳1衛,,無,無,住家用,親友、員工、共有人或其他特殊關係間之交易;頂樓加蓋;
士林區大南路３５０巷２７號,,113/01/04,800,43.93,18.21,100.00%,公寓(5樓含以下無電梯),56,一層/二層,房地(土地+建物),土:1 建:1車:0,2房1廳1衛,,無,無,住家用,親友、員工、共有人或其他特殊關係間之交易;
士林區中山北路六段２巷４８號四樓,芝山名蘆,113/01/03,250,26.3,9.5,64.83%,華廈(10層含以下有電梯),29,"四層,電梯樓梯間/六層",房地(土地+建物),土:2 建:1車:0,4房2廳2衛,,無,有,住家用,親友、員工、共有人或其他特殊關係間之交易;
士林區德行東路７４巷１５弄２號三樓,陽明新城乙區,113/01/03,497,81.13,6.13,83.06%,華廈(10層含以下有電梯),37,三層/七層,房地(土地+建物)+車位,土:2 建:1車:1,3房2廳2衛,,有,有,住家用,1/7(權利範圍)
士林區中山北路六段１９５巷１７弄７號五樓,,113/01/03,2000,55.87,35.8,71.40%,公寓(5樓含以下無電梯),37,五層/五層,房地(土地+建物),土:1 建:1車:0,3房2廳2衛,,無,無,住家用,親友、員工、共有人或其他特殊關係間之交易;
士林區天母北路６６之３號三樓,真善美雅苑,113/01/03,770,23.11,33.32,62.74%,華廈(10層含以下有電梯),43,三層/七層,房地(土地+建物)+車位,土:1 建:1車:1,3房2廳2衛,,有,有,住家用,親友、員工、共有人或其他特殊關係間之交易;
士林區至善路二段１９８號十二樓,至善天下,113/01/02,6330,59.74,105.96,49.59%,住宅大樓(11層含以上有電梯),28,十二層/十六層,房地(土地+建物)+車位,土:3 建:1車:1,4房2廳3衛,,有,有,商業用,
士林區承德路四段３９之１號四樓,圓山金城,113/01/02,2700,65.68,41.11,88.55%,住宅大樓(11層含以上有電梯),27,四層/十二層,房地(土地+建物)+車位,土:1 建:1車:1,3房2廳2衛,,有,有,住家用,其他增建;
士林區延平北路五段２３１巷３６號二樓,,113/01/02,1100,48.21,22.82,86.81%,公寓(5樓含以下無電梯),51,二層/四層,房地(土地+建物),土:1 建:1車:0,3房1廳1衛,,無,無,住家用,
士林區至善路二段１２１號,臨溪福邸,113/01/01,1800,65.45,27.5,91.17%,公寓(5樓含以下無電梯),37,一層/四層,房地(土地+建物),土:1 建:1車:0,1房3廳1衛,,無,無,住家用,其他增建;
士林區延平北路五段３０９號,,113/01/01,1268,47.82,26.51,100.00%,公寓(5樓含以下無電梯),53,四層/四層,房地(土地+建物),土:2 建:1車:0,4房1廳1衛,,無,無,住家用,頂樓加蓋;
士林區中山北路六段４２７巷６弄１２號二樓,,113/01/01,2242,55.72,40.24,88.90%,公寓(5樓含以下無電梯),47,二層/五層,房地(土地+建物),土:1 建:1車:0,5房5衛,,無,無,住家用,陽台外推;
士林區文林路６５３號二樓,,113/01/01,1768,67.74,26.1,100.00%,公寓(5樓含以下無電梯),48,"二層,陽臺/四層",房地(土地+建物),土:1 建:1車:0,2房2廳2衛,,無,無,住家用,陽台外推;
士林區天玉街４０號五樓之２,天畝40,112/12/31,959,85.75,11.18,62.40%,華廈(10層含以下有電梯),27,五層/九層,房地(土地+建物),土:1 建:1車:0,1房1衛,,有,有,住家用,陽台外推;
士林區忠誠路一段１６巷１７號五樓,榕園,112/12/31,4050,68.57,59.06,62.04%,華廈(10層含以下有電梯),28,"五層,電梯樓梯間/六層",房地(土地+建物)+車位,土:1 建:1車:1,4房2廳2衛,,有,有,住家用,陽台外推;
士林區中山北路七段１９０巷２８號四樓,浩苑,112/12/31,6488,72.31,89.72,70.32%,華廈(10層含以下有電梯),39,四層/七層,房地(土地+建物)+車位,土:2 建:1車:1,4房2廳3衛,250,有,有,住家用,陽台外推;
士林區延平北路五段１６３巷３５弄１４號,,112/12/31,1400,0,27.94,,透天厝,56,全/二層,房地(土地+建物),土:2 建:1車:0,2房2廳2衛,,無,無,住家用,
士林區德行東路７４巷３弄７號三樓,,112/12/30,1865,80.79,23.08,92.62%,公寓(5樓含以下無電梯),50,三層/四層,房地(土地+建物),土:1 建:1車:0,3房2廳2衛,,無,無,住家用,陽台外推;其他增建;
士林區永平街９巷１８弄１０號四樓,,112/12/30,1168,39.18,29.81,79.24%,公寓(5樓含以下無電梯),43,四層/五層,房地(土地+建物),土:2 建:1車:0,4房2廳1衛,,無,無,住家用,陽台外推;其他增建;
士林區雨聲街５８巷３號二樓,,112/12/30,1500,69.73,21.51,71.59%,公寓(5樓含以下無電梯),31,二層/五層,房地(土地+建物),土:1 建:1車:0,1房1廳1衛,,無,無,住家用,
士林區基河路３６４號二樓,宏泰陽明,112/12/30,3008,63.43,47.42,49.54%,華廈(10層含以下有電梯),27,二層/八層,房地(土地+建物)+車位,土:1 建:1車:1,3房2廳2衛,,有,有,住家用,
士林區社中街２１０巷１６之１號,萌萌i-TIIDA,112/12/29,2900,52.31,59.86,56.04%,住宅大樓(11層含以上有電梯),4,"一層,二層/十一層",房地(土地+建物)+車位,土:1 建:1車:2,3房2廳2衛,260,有,有,住家用,
士林區莊頂路１９８號,柏園山莊,112/12/29,6800,45.87,148.23,80.74%,公寓(5樓含以下無電梯),47,"一層,見使用執照/二層",房地(土地+建物),土:2 建:1車:0,7房4廳7衛,,有,無,住家用,其他增建:後陽台增建其他增建;
士林區通河街１２３號,,112/12/29,1800,41.39,43.48,91.51%,公寓(5樓含以下無電梯),49,一層/四層,房地(土地+建物),土:1 建:1車:0,3房2廳2衛,,無,無,住家用,地下室未辦保存登記，併同移轉親友、員工、共有人或其他特殊關係間之交易;未登記建物;
士林區士東路２６６巷１１弄３之１號二樓,,112/12/28,1890,58.22,32.46,87.55%,公寓(5樓含以下無電梯),43,二層/五層,房地(土地+建物),土:4 建:1車:0,3房2廳2衛,,有,無,住家用,
士林區芝玉路二段８４巷２號五樓,翡翠天母,112/12/28,3980,66.18,60.14,68.76%,住宅大樓(11層含以上有電梯),24,五層/十三層,房地(土地+建物)+車位,土:2 建:1車:1,4房2廳2衛,,有,有,住家用,親友、員工、共有人或其他特殊關係間之交易;
士林區文昌路２６１號四樓,,112/12/28,1548,57.34,27,100.00%,公寓(5樓含以下無電梯),48,"四層,陽臺/四層",房地(土地+建物),土:1 建:1車:0,3房3廳2衛,,無,無,住家用,陽台外推;頂樓加蓋;
士林區中山北路七段１２４巷１之２號三樓,天母碧園,112/12/28,1855,45.97,40.35,76.53%,公寓(5樓含以下無電梯),40,三層/五層,房地(土地+建物),土:1 建:1車:0,3房2廳2衛,,無,無,住家用,
士林區東山路１１０巷４號二樓,,112/12/28,2000,59.08,33.85,88.40%,公寓(5樓含以下無電梯),38,二層/五層,房地(土地+建物),土:2 建:1車:0,3房2廳2衛,,無,無,住家用,其他增建;
士林區天母北路９巷６號四樓,,112/12/28,1780,43.55,40.88,83.76%,公寓(5樓含以下無電梯),42,四層/五層,房地(土地+建物),土:1 建:1車:0,3房1廳2衛,,無,無,住家用,
士林區忠義街１１７之１號四樓,桃花源,112/12/28,3293,55.47,59.37,86.53%,華廈(10層含以下有電梯),39,四層/七層,房地(土地+建物)+車位,土:1 建:1車:1,4房2廳2衛,,有,有,住家用,親友、員工、共有人或其他特殊關係間之交易;
士林區天玉街７５巷８號四樓,,112/12/28,500,33.51,14.92,82.85%,公寓(5樓含以下無電梯),45,四層/五層,房地(土地+建物),土:1 建:1車:0,2房2廳2衛,,無,無,住家用,親友、員工、共有人或其他特殊關係間之交易;
士林區延平北路五段８３巷２８弄８號三樓,,112/12/28,800,22.72,35.21,82.30%,公寓(5樓含以下無電梯),46,三層/四層,房地(土地+建物),土:2 建:4車:0,4房4廳4衛,,無,無,住家用,親友、員工、共有人或其他特殊關係間之交易;
士林區福林路３７９號,,112/12/27,2000,88.98,22.48,100.00%,公寓(5樓含以下無電梯),52,一層/二層,房地(土地+建物),土:1 建:1車:0,3房2廳1衛,,無,無,住家用,親友、員工、共有人或其他特殊關係間之交易;
士林區天母西路１３巷９之１號七樓,松園富堡,112/12/27,2950,76.05,38.79,72.97%,華廈(10層含以下有電梯),39,七層/七層,房地(土地+建物),土:1 建:1車:0,3房2廳2衛,,有,有,住家用,陽台外推;頂樓加蓋;
士林區文林路２９１號,,112/12/27,7500,168.07,44.62,78.51%,華廈(10層含以下有電梯),38,一層/七層,房地(土地+建物),土:1 建:1車:0,,,有,有,商業用,
士林區文林路一段６６１巷６號一樓,,112/12/27,1500,32.99,45.47,65.58%,公寓(5樓含以下無電梯),42,一層/五層,房地(土地+建物),土:1 建:1車:0,3房2廳2衛,,無,無,住家用,親友、員工、共有人或其他特殊關係間之交易;
士林區忠誠路二段２１巷３５號五樓,,112/12/26,2358,54.07,43.61,72.91%,公寓(5樓含以下無電梯),39,五層/五層,房地(土地+建物),土:1 建:1車:0,7房7衛,,無,無,住家用,陽台外推;頂樓加蓋;含租約;
士林區中山北路六段１５７巷１１號十樓之７,天母樂活,112/12/26,3000,83.79,35.8,55.13%,住宅大樓(11層含以上有電梯),15,十層/十五層,房地(土地+建物),土:1 建:1車:0,2房2廳1衛,,有,有,商業用,陽台外推;
士林區天玉街３８巷１８弄２９號五樓,,112/12/26,1900,49.94,38.04,89.42%,公寓(5樓含以下無電梯),47,五層/五層,房地(土地+建物),土:1 建:1車:0,3房2廳2衛,,無,無,住家用,陽台外推;頂樓加蓋;其他增建;
士林區社正路４５巷１９號五樓,,112/12/25,1000,39.79,25.13,88.55%,公寓(5樓含以下無電梯),43,五層/五層,房地(土地+建物),土:1 建:1車:0,3房1廳1衛,,無,無,住家用,其他增建;
士林區德行東路９０巷２號二樓,,112/12/25,3100,68.37,45.34,79.32%,華廈(10層含以下有電梯),33,二層/六層,房地(土地+建物),土:1 建:1車:0,3房2廳2衛,,無,有,住家用,防空避難室做停車位使用陽台外推;其他增建;
士林區福志路５２巷２號四樓,,112/12/25,2300,57.45,40.03,79.60%,公寓(5樓含以下無電梯),38,四層/五層,房地(土地+建物),土:1 建:1車:0,3房2廳2衛,,無,無,住家用,
士林區德行東路２５８號七樓之２,日日好日,112/12/25,6800,101.06,86.24,59.99%,住宅大樓(11層含以上有電梯),1,七層/十四層,房地(土地+建物)+車位,土:1 建:2車:2,,570,有,有,住家用,
士林區葫蘆街３０巷４１弄１３號三樓,,112/12/25,750,44.58,16.83,100.00%,公寓(5樓含以下無電梯),53,三層/三層,房地(土地+建物),土:2 建:1車:0,2房1廳1衛,,無,無,住家用,頂樓加蓋;
士林區忠誠路二段５０巷１１號一樓,,112/12/25,2900,44.32,65.44,93.25%,公寓(5樓含以下無電梯),41,一層/五層,房地(土地+建物),土:1 建:2車:0,3房1廳1衛,,無,無,其他,
士林區小西街２８號三樓之３,,112/12/25,1410,65.65,21.48,74.11%,華廈(10層含以下有電梯),45,三層/七層,房地(土地+建物),土:1 建:1車:0,1房1廳1衛,,無,有,商業用,
士林區重慶北路四段２７４號,,112/12/25,1000,35.66,28.04,100.00%,公寓(5樓含以下無電梯),50,"一層,騎樓/四層",房地(土地+建物),土:2 建:1車:0,1房1廳1衛,,無,無,住家用,親友、員工、共有人或其他特殊關係間之交易;
士林區中正路６９１號七樓,忠誠,112/12/24,1730,50.58,34.2,69.51%,住宅大樓(11層含以上有電梯),40,七層/十二層,房地(土地+建物),土:1 建:1車:0,3房2廳2衛,,有,有,住家用,陽台外推;其他增建;
士林區中正路６７７號四樓,忠誠,112/12/24,1600,46.78,34.2,69.51%,住宅大樓(11層含以上有電梯),40,四層/十二層,房地(土地+建物),土:1 建:1車:0,3房2廳2衛,,有,有,住家用,陽台外推;其他增建;
士林區承德路四段８０巷３５號二樓,,112/12/24,3468,60.74,57.1,86.58%,公寓(5樓含以下無電梯),42,二層/五層,房地(土地+建物),土:7 建:3車:0,3房2廳2衛,,無,無,商業用,陽台外移及再向外加蓋凸窗。總價新台幣參仟肆佰陸拾捌萬元整，其中拆分為二樓及三樓各為新台幣壹仟柒佰參拾肆萬元整。其他增建;
士林區通河東街一段９２號二樓,,112/12/24,1520,54.86,27.71,86.12%,公寓(5樓含以下無電梯),44,二層/五層,房地(土地+建物),土:1 建:1車:0,3房2廳1衛,,無,無,住家用,其他增建;
士林區士東路９１巷１８號二樓,真工,112/12/24,2650,84.69,34.49,53.37%,華廈(10層含以下有電梯),15,二層/七層,房地(土地+建物)+車位,土:1 建:1車:1,2房2廳1衛,200,有,有,住家用,其他增建;
士林區社子街８４巷１０號五樓,,112/12/23,1420,42.47,33.44,82.44%,公寓(5樓含以下無電梯),42,五層/五層,房地(土地+建物),土:2 建:1車:0,3房2廳,,無,無,住家用,陽台外推;頂樓加蓋;其他增建;
士林區葫蘆街１６號,,112/12/23,1250,67.23,18.59,92.74%,公寓(5樓含以下無電梯),61,一層/二層,房地(土地+建物),土:2 建:1車:0,2房1廳1衛,,無,無,住家用,其他增建;
士林區德行東路９０巷２７弄９號三樓,,112/12/23,1880,55.54,33.85,76.14%,公寓(5樓含以下無電梯),43,三層/五層,房地(土地+建物),土:1 建:1車:0,3房2廳2衛,,無,無,住家用,陽台外推;
士林區中山北路七段１５４巷５號二樓,,112/12/23,2250,59.04,38.11,73.68%,華廈(10層含以下有電梯),46,二層/八層,房地(土地+建物),土:4 建:1車:0,3房2廳2衛,,有,有,住家用,陽台外推;
士林區通河街１５１號五樓,千維,112/12/22,2650,63.88,41.48,76.67%,華廈(10層含以下有電梯),38,五層/七層,房地(土地+建物),土:1 建:1車:0,4房2廳2衛,,有,有,住家用,陽台外推;
士林區承德路四段２０號,,112/12/22,1700,81.64,20.82,100.00%,公寓(5樓含以下無電梯),51,"一層,騎樓/四層",房地(土地+建物),土:1 建:1車:0,,,無,無,住家用,其他增建;
士林區至誠路一段１３８號十一樓,太子華威,112/12/22,11333.3,91.3,153.32,57.54%,住宅大樓(11層含以上有電梯),5,十一層/十四層,房地(土地+建物)+車位,土:2 建:1車:3,4房2廳5衛,800,有,有,住家用,
士林區至誠路一段１３８號八樓,太子華威,112/12/22,11128.7,89.7,153.32,57.54%,住宅大樓(11層含以上有電梯),5,八層/十四層,房地(土地+建物)+車位,土:2 建:1車:3,,780,有,有,住家用,
士林區中山北路六段２３６巷７號六樓之３,天母靜好,112/12/22,3060,78.88,38.79,37.33%,住宅大樓(11層含以上有電梯),2,六層/十四層,房地(土地+建物)+車位,土:1 建:1車:1,2房1廳1衛,325,有,有,住家用,
士林區福港街２２４巷１２號二樓,,112/12/22,1435,56.98,25.18,76.90%,公寓(5樓含以下無電梯),46,二層/五層,房地(土地+建物),土:1 建:1車:0,2房2廳1衛,,無,無,住家用,陽台外推;
士林區至誠路二段２７之１號二樓,,112/12/22,2285,51.15,44.67,87.44%,公寓(5樓含以下無電梯),41,二層/五層,房地(土地+建物)+車位,土:1 建:1車:1,3房2廳2衛,,有,無,住家用,陽台外推;
士林區雨聲街４巷１８號,,112/12/22,4820,0,62.07,,透天厝,46,全/二層,房地(土地+建物),土:1 建:1車:0,5房3廳4衛,,無,無,住家用,陽台外推;其他增建;
士林區至誠路一段１３８號十四樓,太子華威,112/12/22,6912,100.74,78.29,56.72%,住宅大樓(11層含以上有電梯),5,十四層/十四層,房地(土地+建物)+車位,土:2 建:2車:1,,300,有,有,住家用,
士林區至誠路一段１３８號十四樓之１,太子華威,112/12/22,5788,100.98,76.77,54.33%,住宅大樓(11層含以上有電梯),5,十四層/十四層,房地(土地+建物)+車位,土:2 建:2車:2,,590,有,有,住家用,
士林區中正路７１９號十一樓,天星花園,112/12/21,1826,66.12,30.66,61.13%,住宅大樓(11層含以上有電梯),20,十一層/十三層,房地(土地+建物)+車位,土:2 建:1車:1,2房2廳1衛,190,有,有,住家用,陽台外推;
士林區福華路１２８巷１０號五樓,,112/12/21,1880,66.07,28.46,85.51%,公寓(5樓含以下無電梯),45,五層/五層,房地(土地+建物),土:2 建:1車:0,3房2廳1衛,,無,無,住家用,陽台外推;頂樓加蓋;其他增建;
士林區忠誠路二段１５４巷１９號四樓,,112/12/21,1800,50.52,35.63,93.75%,公寓(5樓含以下無電梯),50,四層/四層,房地(土地+建物),土:1 建:1車:0,3房2廳1衛,,無,無,住家用,頂樓加蓋;
士林區中山北路六段４３８號五樓,,112/12/21,2800,68.93,40.62,86.83%,華廈(10層含以下有電梯),38,五層/七層,房地(土地+建物),土:1 建:1車:0,3房2廳2衛,,有,有,住家用,其他增建;
士林區中山北路六段４０５巷８８號四樓之５,新美齊心岳,112/12/21,2525,104.65,30.35,61.53%,住宅大樓(11層含以上有電梯),,四層/十四層,房地(土地+建物)+車位,土:1 建:1車:1,2房1廳1衛,285,有,有,住家用,
士林區天母西路２６號四樓,,112/12/21,3250,63.54,51.15,81.23%,華廈(10層含以下有電梯),37,四層/七層,房地(土地+建物),土:1 建:1車:0,3房2廳2衛,,有,有,住家用,
士林區天母西路３號一樓之５５,天母國際,112/12/21,1200,154.06,7.79,60.89%,住宅大樓(11層含以上有電梯),46,一層/十一層,房地(土地+建物),土:2 建:1車:0,,,有,有,商業用,
士林區中山北路六段１７９號四樓,,112/12/21,1900,79.2,23.99,85.39%,公寓(5樓含以下無電梯),35,四層/五層,房地(土地+建物),土:1 建:1車:0,2房1廳1衛,,有,無,住家用,親友、員工、共有人或其他特殊關係間之交易;
士林區社中街２５０巷７號,,112/12/20,2280,62.66,36.39,75.03%,公寓(5樓含以下無電梯),42,一層/五層,房地(土地+建物),土:1 建:1車:0,3房2廳2衛,,無,無,住家用,其他增建;
士林區基河路３０號二樓之３,北美館,112/12/20,1755,119.75,14.66,65.28%,住宅大樓(11層含以上有電梯),25,二層/十三層,房地(土地+建物),土:2 建:1車:0,1房1廳1衛,,有,有,住家用,
士林區承德路四段３３２號,,112/12/20,6639.7,37.75,175.91,76.28%,公寓(5樓含以下無電梯),42,一層/五層,房地(土地+建物),土:1 建:6車:0,12房9廳5衛,,無,無,其他,親友、員工、共有人或其他特殊關係間之交易;
士林區承德路四段３３６號,,112/12/20,5222.7,37.52,139.21,76.13%,公寓(5樓含以下無電梯),42,一層/五層,房地(土地+建物),土:1 建:6車:0,8房5廳5衛,,無,無,其他,親友、員工、共有人或其他特殊關係間之交易;
士林區忠義街９１巷３號地下室,,112/12/19,600,22.9,26.21,100.00%,公寓(5樓含以下無電梯),43,地下層/五層,房地(土地+建物),土:1 建:1車:0,3房2廳2衛,,無,無,其他,其他增建;
士林區士東路１２０巷２２弄９號五樓,,112/12/19,1000,26.79,37.32,79.13%,公寓(5樓含以下無電梯),39,五層/五層,房地(土地+建物),土:1 建:1車:0,3房2廳2衛,,無,無,住家用,親友、員工、共有人或其他特殊關係間之交易;頂樓加蓋;
士林區永平街６１巷１１號二樓,,112/12/19,276,25.51,10.82,100.00%,公寓(5樓含以下無電梯),50,二層/三層,房地(土地+建物),土:1 建:1車:0,3房1廳1衛,,無,無,住家用,親友、員工、共有人或其他特殊關係間之交易;
士林區福志路５２巷１０號五樓,,112/12/19,1550,31.18,49.7,63.19%,華廈(10層含以下有電梯),29,五層/六層,房地(土地+建物)+車位,土:1 建:1車:1,3房2廳2衛,,無,有,住家用,親友、員工、共有人或其他特殊關係間之交易;
士林區福志路５２巷１２號六樓,,112/12/19,1555,30.18,51.53,64.83%,華廈(10層含以下有電梯),29,六層/六層,房地(土地+建物)+車位,土:1 建:1車:1,3房2廳2衛,,無,有,住家用,親友、員工、共有人或其他特殊關係間之交易;
士林區社子街８４巷１４號二樓,,112/12/18,500,15.24,32.8,82.32%,公寓(5樓含以下無電梯),42,二層/五層,房地(土地+建物),土:2 建:1車:0,3房2廳1衛,,無,無,住家用,親友、員工、共有人或其他特殊關係間之交易;
士林區至誠路二段３５之１號三樓,,112/12/18,1900,58.32,32.58,80.95%,公寓(5樓含以下無電梯),41,三層/五層,房地(土地+建物),土:1 建:1車:0,3房2廳2衛,,無,無,住家用,
士林區中山北路五段５０６號九樓,欣翰士林官邸,112/12/18,27300,108.38,301.42,56.01%,住宅大樓(11層含以上有電梯),9,九層/十二層,房地(土地+建物)+車位,土:1 建:1車:6,,"2,100",有,有,辦公用,毛胚屋;
士林區中山北路七段８１巷１６弄１６號十一樓,天母上苑,112/12/18,2955,101.4,38.28,58.86%,住宅大樓(11層含以上有電梯),,十一層/十二層,房地(土地+建物)+車位,土:1 建:1車:1,2房1廳2衛,265,有,有,住家用,預售屋、或土地及建物分件登記案件;
士林區德行東路６之３號地下,陽信大樓,112/12/18,400,14.98,26.7,100.00%,華廈(10層含以下有電梯),41,地下層/七層,房地(土地+建物),土:2 建:1車:0,,,有,有,其他,
士林區承德路四段２９７巷２３號三樓,,112/12/18,1080,68.02,15.88,100.00%,公寓(5樓含以下無電梯),54,三層/三層,房地(土地+建物),土:1 建:1車:0,1房1廳1衛,,無,無,住家用,本案含有樓中樓式之頂樓加蓋面積約8坪頂樓加蓋;
士林區德行東路６之４號三樓,陽信大樓,112/12/18,1100,29.91,36.78,69.11%,華廈(10層含以下有電梯),41,三層/七層,房地(土地+建物),土:2 建:1車:0,2房2廳1衛,,有,有,住家用,親友、員工、共有人或其他特殊關係間之交易;
士林區天母西路４１巷６號五樓,,112/12/17,2050,46.88,43.73,81.39%,公寓(5樓含以下無電梯),43,五層/五層,房地(土地+建物),土:1 建:1車:0,3房2廳2衛,,無,無,住家用,
士林區文林路６１５巷６弄８號三樓,,112/12/17,2080,57.51,36.17,83.11%,公寓(5樓含以下無電梯),36,三層/五層,房地(土地+建物),土:2 建:1車:0,3房2廳2衛,,無,無,住家用,
士林區承德路四段２７７巷７１號二樓,,112/12/17,890,31.32,28.42,100.00%,公寓(5樓含以下無電梯),49,二層/四層,房地(土地+建物),土:1 建:1車:0,3房2廳1衛,,無,無,住家用,親友、員工、共有人或其他特殊關係間之交易;
士林區中山北路六段２９０巷１１弄１１號四樓,,112/12/16,2145,59.23,36.22,82.63%,公寓(5樓含以下無電梯),39,四層/五層,房地(土地+建物),土:1 建:1車:0,3房2廳2衛,,無,無,住家用,陽台外推;其他增建;
士林區通河東街一段１０５巷３號四樓,,112/12/16,1628,49.53,32.87,83.96%,公寓(5樓含以下無電梯),40,四層/五層,房地(土地+建物),土:1 建:1車:0,3房2廳2衛,,無,無,住家用,陽台外推;其他增建;
士林區通河東街一段８８號,,112/12/16,1550,71.12,21.8,90.03%,公寓(5樓含以下無電梯),44,一層/五層,房地(土地+建物),土:1 建:1車:0,4房1廳1衛,,無,無,商業用,其他增建;
士林區中正路１０４巷１弄２之１號地下之１,,112/12/16,500,46.61,10.73,78.99%,華廈(10層含以下有電梯),28,"電梯樓梯間,地下一層/五層",房地(土地+建物),土:1 建:1車:0,1房1廳1衛,,無,有,商業用,其他增建;
士林區福國路９８號七樓之７,雙子星,112/12/16,2488,67.32,36.96,80.81%,住宅大樓(11層含以上有電梯),45,七層/十四層,房地(土地+建物),土:1 建:1車:0,3房2廳2衛,,有,有,住家用,陽台外推;
士林區環河北路三段１２３號十樓,天星花園,112/12/16,3655,60.65,64.13,60.00%,住宅大樓(11層含以上有電梯),20,十層/十三層,房地(土地+建物)+車位,土:2 建:4車:1,4房2廳2衛,250,有,有,住家用,
士林區延平北路五段１６３巷３５弄２４之１號三樓,,112/12/16,760,40.65,18.69,75.10%,公寓(5樓含以下無電梯),40,三層/五層,房地(土地+建物),土:1 建:1車:0,3房2廳1衛,,無,無,住家用,陽台外推;其他增建;
士林區天玉街３８巷１１之２號五樓,,112/12/15,1500,36.51,41.09,86.16%,華廈(10層含以下有電梯),43,五層/七層,房地(土地+建物),土:1 建:1車:0,3房2廳2衛,,無,有,住家用,親友、員工、共有人或其他特殊關係間之交易;
士林區中山北路七段１５９巷２之３號,,112/12/15,1644.7,92.9,17.71,100.00%,公寓(5樓含以下無電梯),53,一層/四層,房地(土地+建物),土:1 建:1車:0,2房2廳1衛,,無,無,住家用,親友、員工、共有人或其他特殊關係間之交易;
士林區延平北路八段９６巷４１號三樓,,112/12/15,750,33.79,22.19,93.80%,公寓(5樓含以下無電梯),55,三層/四層,房地(土地+建物),土:1 建:1車:0,3房2廳1衛,,無,無,住家用,"土地價格660萬,建物價格90萬陽台外推;(包含)公共設施保留地(用地);"
士林區社正路４５巷２９弄１３號,,112/12/15,2230,71.27,31.29,83.51%,公寓(5樓含以下無電梯),41,一層/五層,房地(土地+建物),土:2 建:1車:0,3房3廳2衛,,無,無,住商用,平台增建、地下室增建、內梯增建、鐵鋁窗增建其他增建;
士林區通河東街一段８６號三樓,,112/12/14,1035,48.03,21.55,91.17%,公寓(5樓含以下無電梯),44,三層/五層,房地(土地+建物),土:1 建:1車:0,2房2廳1衛,,無,無,住家用,
士林區中山北路六段２３６巷９號十四樓之１,天母靜好,112/12/14,6328,131.11,67.66,57.65%,住宅大樓(11層含以上有電梯),2,十四層/十四層,房地(土地+建物)+車位,土:1 建:1車:2,3房2廳2衛,690,有,有,住家用,
士林區通河東街一段３９號四樓,,112/12/14,1750,47.92,36.52,81.26%,公寓(5樓含以下無電梯),45,四層/五層,房地(土地+建物),土:1 建:1車:0,3房2廳2衛,,無,無,住家用,陽台外推;
士林區中山北路七段１５９巷２之１號三樓,,112/12/14,900,51.64,17.43,100.00%,公寓(5樓含以下無電梯),53,三層/四層,房地(土地+建物),土:1 建:1車:0,2房1廳1衛,,無,無,住家用,親友、員工、共有人或其他特殊關係間之交易;
士林區中山北路七段１４巷５９弄１２號一樓,羅馬儷園,112/12/14,1800,57.13,31.51,82.30%,公寓(5樓含以下無電梯),39,一層/五層,房地(土地+建物),土:1 建:1車:0,3房2廳2衛,,有,無,住家用,其他增建;
士林區承德路四段４０巷１號三樓之５,劍潭整宅貳期,112/12/14,440,47.38,9.29,89.58%,華廈(10層含以下有電梯),51,三層/五層,房地(土地+建物),土:1 建:1車:0,1房1廳1衛,,無,有,住家用,
士林區芝玉路一段１９７巷２５弄２６號四樓,,112/12/14,2200,53.42,41.18,89.29%,公寓(5樓含以下無電梯),38,四層/五層,房地(土地+建物),土:1 建:1車:0,4房2廳2衛,,無,無,住家用,
士林區永平街８０巷１號一樓,,112/12/13,1650,75.99,21.71,100.00%,公寓(5樓含以下無電梯),47,"一層,平台/三層",房地(土地+建物),土:1 建:1車:0,,,無,無,住家用,其他增建;未登記建物;
士林區德行東路２５８號三樓之２,日日好日,112/12/13,6990,105.47,84.21,61.04%,住宅大樓(11層含以上有電梯),1,三層/十四層,房地(土地+建物)+車位,土:1 建:2車:2,3房2廳2衛,600,有,有,住家用,含裝潢費;
士林區美德街３４號,,112/12/13,1800,64.09,28.08,100.00%,公寓(5樓含以下無電梯),52,二層/三層,房地(土地+建物),土:2 建:1車:0,3房2廳2衛,,無,無,住家用,
士林區雨聲街２巷７號,,112/12/13,3000,97.23,30.86,83.88%,公寓(5樓含以下無電梯),46,一層/二層,房地(土地+建物),土:1 建:1車:0,2廳1衛,,無,無,住家用,
士林區雨聲街２巷７號二樓,,112/12/13,2658,86.14,30.86,83.88%,公寓(5樓含以下無電梯),46,二層/二層,房地(土地+建物),土:1 建:1車:0,4房1衛,,無,無,住家用,
士林區延平北路六段３９２巷６號三樓之８,,112/12/13,580,40.8,14.21,61.44%,住宅大樓(11層含以上有電梯),18,三層/十一層,房地(土地+建物),土:1 建:1車:0,1房1廳1衛,,有,有,住家用,親友、員工、共有人或其他特殊關係間之交易;
士林區士東路５號六樓,,112/12/12,3000,67.86,44.21,77.42%,華廈(10層含以下有電梯),42,六層/七層,房地(土地+建物),土:1 建:1車:0,4房2廳2衛,,無,有,住家用,陽台外推;其他增建;
士林區天母東路８巷２３號七樓之１,華琪,112/12/12,1950,53.8,36.25,92.18%,華廈(10層含以下有電梯),47,"七層,陽臺/七層",房地(土地+建物),土:2 建:1車:0,4房1廳4衛,,有,有,住家用,含陽台增建。
士林區承德路四段１９５巷６號五樓,圓山官邸,112/12/12,6650,90.94,88.87,61.56%,住宅大樓(11層含以上有電梯),15,五層/十二層,房地(土地+建物)+車位,土:1 建:1車:2,3房2廳3衛,560,有,有,住家用,其他增建;
士林區天母東路６９巷７之１號,三峰,112/12/12,2450,58.82,41.65,87.28%,華廈(10層含以下有電梯),46,一層/七層,房地(土地+建物),土:1 建:1車:0,3房1廳1衛,,有,有,住家用,親友、員工、共有人或其他特殊關係間之交易;
士林區通河街３６號,,112/12/11,2320,114.97,20.18,100.00%,公寓(5樓含以下無電梯),51,一層/四層,房地(土地+建物),土:1 建:1車:0,1廳1衛,,無,無,住家用,其他增建;
士林區文林路５１２號七樓,士林文林路,112/12/11,2520,73.35,34.35,73.73%,華廈(10層含以下有電梯),27,七層/七層,房地(土地+建物),土:1 建:1車:0,3房2廳2衛,,有,有,住家用,其他增建;
士林區忠誠路二段８號二樓,,112/12/11,3758,81.94,45.87,75.13%,住宅大樓(11層含以上有電梯),40,二層/十二層,房地(土地+建物),土:1 建:1車:0,3房2廳3衛,,有,有,住家用,陽台外推;其他增建;
士林區德行東路２５１號五樓,,112/12/11,1695,56.42,30.04,94.20%,公寓(5樓含以下無電梯),46,五層/五層,房地(土地+建物),土:1 建:1車:0,3房2廳2衛,,無,無,住家用,陽台外推;頂樓加蓋;其他增建;
士林區福華路１７０號九樓,蘭雅花園,112/12/11,535,21.86,24.48,72.03%,華廈(10層含以下有電梯),33,九層/九層,房地(土地+建物),土:1 建:1車:0,3房2廳2衛,,有,有,住家用,本案為二親等持分買賣親友、員工、共有人或其他特殊關係間之交易;
士林區延平北路五段１６３巷３０號四樓,,112/12/11,802,45.52,17.62,100.00%,公寓(5樓含以下無電梯),52,四層/四層,房地(土地+建物),土:1 建:1車:0,1房2廳1衛,,無,無,住家用,陽台增建外推、鐵鋁窗增建
士林區忠誠路一段９３號六樓,忠誠福園,112/12/11,3680,79.79,46.12,77.31%,華廈(10層含以下有電梯),40,六層/七層,房地(土地+建物),土:1 建:1車:0,3房2廳2衛,,有,有,住家用,其他增建;
士林區幸福街９巷１７號,,112/12/11,100,0,1.06,,透天厝,58,全/二層,房地(土地+建物),土:1 建:1車:0,2房1廳1衛,,無,無,住家用,親友、員工、共有人或其他特殊關係間之交易;
士林區陽明路一段３２號四樓,,112/12/10,1600,27.28,58.66,77.10%,公寓(5樓含以下無電梯),45,四層/五層,房地(土地+建物),土:1 建:1車:0,3房2廳2衛,,無,無,住家用,其他增建：陽台。其他增建;
士林區承德路四段２９７巷１３號,,112/12/10,900,47.95,18.77,100.00%,公寓(5樓含以下無電梯),54,三層/三層,房地(土地+建物),土:2 建:1車:0,2房1廳2衛,,無,無,住家用,
士林區中山北路六段２１２之２號十一樓,國際名園,112/12/10,5528,101.66,60.62,59.78%,住宅大樓(11層含以上有電梯),20,十一層/十四層,房地(土地+建物)+車位,土:1 建:1車:1,3房2廳2衛,300,有,有,住家用,陽台外推;
士林區承德路四段２３７號十一樓,,112/12/10,3068,69.4,44.21,63.06%,住宅大樓(11層含以上有電梯),25,十一層/十一層,房地(土地+建物)+車位,土:1 建:1車:1,3房1廳2衛,,有,有,商業用,
士林區重慶北路四段１７７號四樓,,112/12/10,2550,57.86,44.07,100.00%,公寓(5樓含以下無電梯),50,四層/四層,房地(土地+建物),土:1 建:1車:0,5房2廳1衛,,無,無,住家用,頂樓加蓋;其他增建;
士林區忠誠路一段６７號二樓,士林御花園,112/12/10,2950,75.14,39.26,79.43%,華廈(10層含以下有電梯),39,二層/七層,房地(土地+建物),土:1 建:1車:0,3房2廳2衛,,有,有,住家用,陽台外推;其他增建;
士林區承德路四段１８１號二樓,圓山皇裔,112/12/09,8688,80.01,127.36,71.62%,住宅大樓(11層含以上有電梯),22,二層/十四層,房地(土地+建物)+車位,土:1 建:1車:2,6房2廳5衛,520,有,有,其他,
士林區忠誠路一段１０９號十一樓,天母鉅星,112/12/09,5250,84.01,62.49,74.33%,住宅大樓(11層含以上有電梯),34,十一層/十二層,房地(土地+建物),土:1 建:1車:0,4房2廳2衛,,有,有,住家用,陽台外推;其他增建;
士林區中社路一段４３巷６號四樓,,112/12/09,1250,40.15,31.13,100.00%,公寓(5樓含以下無電梯),48,四層/四層,房地(土地+建物),土:1 建:1車:0,3房2廳2衛,,無,無,住家用,陽台外推;頂樓加蓋;
士林區倫等街５４巷３號二樓,,112/12/09,1115,47.45,23.5,100.00%,公寓(5樓含以下無電梯),50,二層/三層,房地(土地+建物),土:1 建:1車:0,3房2廳1衛,,無,無,住家用,
士林區福華路１７０之１號七樓,蘭雅花園,112/12/09,3468,67.18,51.62,80.85%,住宅大樓(11層含以上有電梯),33,七層/十一層,房地(土地+建物)+車位,土:3 建:1車:1,3房2廳2衛,300,有,有,住家用,
士林區延平北路五段４６號九樓,閤美,112/12/09,2088,64.33,37.92,52.42%,住宅大樓(11層含以上有電梯),8,九層/十一層,房地(土地+建物)+車位,土:2 建:1車:1,2房2廳1衛,190,有,有,住家用,陽台外推;夾層;其他增建;
士林區通河東街一段１２４巷２２號五樓,,112/12/09,1296,50.67,25.58,79.61%,公寓(5樓含以下無電梯),43,五層/五層,房地(土地+建物),土:1 建:1車:0,3房2廳1衛,,無,無,住家用,頂樓加蓋;其他增建;
士林區承德路四段３５４號十二樓,歐香名廈,112/12/08,2198,61.03,36.01,75.47%,住宅大樓(11層含以上有電梯),36,十二層/十二層,房地(土地+建物),土:1 建:1車:0,4房1廳5衛,,有,有,住家用,陽台外推;頂樓加蓋;其他增建;
士林區中山北路七段１４１巷１４弄６號,,112/12/08,3420,99.86,34.25,79.97%,公寓(5樓含以下無電梯),44,一層/五層,房地(土地+建物)+車位,土:1 建:1車:1,3房2廳3衛,,無,無,住家用,其他增建;
士林區天母西路１８之５號二樓,天母齊福華廈,112/12/08,800,30.84,25.94,77.35%,華廈(10層含以下有電梯),45,二層/七層,房地(土地+建物),土:2 建:1車:0,2房2廳1衛,,有,有,住家用,親友、員工、共有人或其他特殊關係間之交易;
士林區承德路四段６巷８５號二樓,,112/12/08,1980,58.8,33.67,86.76%,公寓(5樓含以下無電梯),47,二層/五層,房地(土地+建物),土:1 建:1車:0,3房2廳2衛,,無,無,住家用,陽台外推;其他增建;
士林區承德路四段２２０號二樓,承德企業家,112/12/08,3002.5,19.33,155.29,50.05%,華廈(10層含以下有電梯),27,二層/九層,房地(土地+建物)+車位,土:1 建:3車:3,,,有,有,工業用,親友、員工、共有人或其他特殊關係間之交易;
士林區承德路四段２９４之２號四樓,圓山福第,112/12/07,2520,65.2,38.65,74.91%,住宅大樓(11層含以上有電梯),35,四層/十二層,房地(土地+建物),土:1 建:1車:0,3房2廳2衛,,有,有,住家用,其他增建;
士林區中山北路七段１４巷２９之１１號六樓,幸福華廈,112/12/07,2430,67.15,36.19,80.78%,華廈(10層含以下有電梯),45,六層/七層,房地(土地+建物),土:1 建:1車:0,3房2廳2衛,,有,有,住家用,陽台外推;其他增建;
士林區中山北路七段１４巷７６號四樓,天母藝術家天地,112/12/07,2150,46.95,45.8,79.58%,公寓(5樓含以下無電梯),36,四層/五層,房地(土地+建物),土:1 建:1車:0,4房2廳2衛,,有,無,住家用,陽台外推;其他增建;
士林區至善路二段１１７號二樓,臨溪福邸,112/12/07,1160,41.82,27.74,90.32%,公寓(5樓含以下無電梯),37,二層/四層,房地(土地+建物),土:1 建:1車:0,3房2廳2衛,,有,無,住家用,親友、員工、共有人或其他特殊關係間之交易;
士林區重慶北路四段１９０巷５弄２８號二樓,,112/12/07,1000,36.42,27.46,100.00%,公寓(5樓含以下無電梯),53,二層/四層,房地(土地+建物),土:1 建:1車:0,3房2廳1衛,,無,無,住家用,
士林區延平北路五段８３巷２８弄６號四樓,,112/12/06,370,42.89,8.63,88.64%,公寓(5樓含以下無電梯),46,四層/四層,房地(土地+建物),土:2 建:1車:0,1房1廳2衛,,無,無,住家用,頂樓加蓋;
士林區通河東街一段１７３號,,112/12/06,1588,57.7,27.52,94.48%,公寓(5樓含以下無電梯),41,一層/五層,房地(土地+建物),土:2 建:1車:0,2房2廳1衛,,無,無,工業用,其他增建;
士林區延平北路五段２２４巷１４號,,112/12/06,600,0,9.98,,透天厝,62,全/二層,房地(土地+建物),土:1 建:1車:0,8房8衛,,無,無,住家用,本案僅1/4持分買賣親友、員工、共有人或其他特殊關係間之交易;
士林區倫等街３６巷８號二樓,,112/12/06,800,48.93,16.35,100.00%,公寓(5樓含以下無電梯),50,二層/三層,房地(土地+建物),土:1 建:1車:0,3房1廳1衛,,無,無,住家用,親友、員工、共有人或其他特殊關係間之交易;
士林區中山北路六段７５４巷１２之１號十二樓,,112/12/06,5980,114.21,69.05,83.19%,住宅大樓(11層含以上有電梯),23,十二層/十二層,房地(土地+建物)+車位,土:1 建:1車:2,3房2廳2衛,600,有,有,住家用,陽台外推;其他增建;
士林區福港街２２４巷６號三樓,,112/12/06,550,19.59,28.07,90.89%,公寓(5樓含以下無電梯),46,三層/五層,房地(土地+建物),土:1 建:1車:0,2房1廳1衛,,無,無,住家用,親友、員工、共有人或其他特殊關係間之交易;
士林區忠誠路二段１４號六樓,仰德華廈,112/12/05,6780,86.11,85.42,92.43%,住宅大樓(11層含以上有電梯),41,六層/十四層,房地(土地+建物)+車位,土:1 建:1車:1,5房2廳3衛,450,有,有,住家用,陽台外推;
士林區中正路６８９號六樓,忠誠,112/12/05,80,31.6,2.53,69.89%,住宅大樓(11層含以上有電梯),40,六層/十二層,房地(土地+建物),土:1 建:1車:0,3房1廳2衛,,有,有,住家用,親友、員工、共有人或其他特殊關係間之交易;
士林區通河東街二段１０巷６號二樓,長堤,112/12/05,2460,37.05,66.39,81.86%,華廈(10層含以下有電梯),44,二層/七層,房地(土地+建物)+車位,土:4 建:1車:1,3房2廳1衛,,有,有,住家用,
士林區中正路２４７巷３６號九樓之１,士林竣,112/12/05,3989,121.69,32.78,57.12%,住宅大樓(11層含以上有電梯),,九層/十一層,房地(土地+建物),土:1 建:1車:0,3房2廳2衛,,有,有,住家用,預售屋、或土地及建物分件登記案件;
士林區延平北路五段２１８號四樓,,112/12/04,1600,41.16,38.87,100.00%,公寓(5樓含以下無電梯),53,四層/四層,房地(土地+建物),土:2 建:1車:0,6房4廳2衛,,無,無,住家用,頂樓加蓋;其他增建;
士林區中正路６０６號二樓、三樓,,112/12/04,1800,60.45,29.78,100.00%,公寓(5樓含以下無電梯),57,"二層,三層/三層",房地(土地+建物),土:1 建:1車:0,4房2廳2衛,,無,無,住家用,頂樓加蓋;
士林區承德路四段１２巷４７號,,112/12/04,2550,90.01,28.33,100.00%,公寓(5樓含以下無電梯),53,一層/四層,房地(土地+建物),土:2 建:1車:0,1房2廳2衛,,無,無,住家用,其他增建;
士林區環河北路三段１５３號五樓,,112/12/04,435,24.09,18.06,87.97%,公寓(5樓含以下無電梯),42,五層/五層,房地(土地+建物),土:2 建:1車:0,3房1廳1衛,,無,無,住家用,持分買賣親友、員工、共有人或其他特殊關係間之交易;頂樓加蓋;
士林區華榮街１０１號四樓,華榮樂府,112/12/04,3550,68.64,67.98,62.38%,華廈(10層含以下有電梯),15,四層/六層,房地(土地+建物)+車位,土:1 建:2車:2,4房2廳2衛,300,有,有,住家用,其他增建;
士林區文林路４８８之１號七樓,,112/12/04,2400,45.97,52.2,76.45%,華廈(10層含以下有電梯),43,七層/八層,房地(土地+建物),土:1 建:1車:0,3房2廳2衛,,有,有,住家用,親友、員工、共有人或其他特殊關係間之交易;
士林區前港街７４號,,112/12/04,3500,78.23,44.74,66.98%,公寓(5樓含以下無電梯),43,一層/五層,房地(土地+建物),土:1 建:1車:0,1房2廳2衛,,無,無,其他,其他增建;
士林區雨聲街５０巷１４號,,112/12/04,1670,0,15.14,,透天厝,55,全/二層,房地(土地+建物),土:5 建:1車:0,4房1廳1衛,,無,無,住家用,
士林區至誠路一段６２巷１０弄１號三樓,至誠花園,112/12/03,3380,68.75,52.87,55.60%,華廈(10層含以下有電梯),15,三層/六層,房地(土地+建物)+車位,土:1 建:1車:1,2房2廳2衛,200,有,有,住家用,其他增建;
士林區福港街２９２號五樓,,112/12/03,1680,46.43,36.19,78.32%,公寓(5樓含以下無電梯),38,五層/五層,房地(土地+建物),土:1 建:1車:0,7房3廳4衛,,無,無,住家用,
士林區中山北路七段１４巷２９之１３號二樓,幸福華廈,112/12/03,3168,74.98,42.25,76.83%,華廈(10層含以下有電梯),45,二層/七層,房地(土地+建物),土:1 建:1車:0,4房2廳2衛,,有,有,住家用,陽台外推;其他增建;
士林區中山北路六段４１９巷２２號,,112/12/02,3350,72.28,46.35,79.83%,公寓(5樓含以下無電梯),45,一層/五層,房地(土地+建物),土:2 建:1車:0,6房2廳1衛,,無,無,住家用,其他增建;
士林區基河路４０號六樓之３,北美館,112/12/02,1060,93.07,11.39,64.99%,住宅大樓(11層含以上有電梯),25,六層/十三層,房地(土地+建物),土:2 建:1車:0,1廳1衛,,有,有,住家用,其他增建;
士林區華榮街１０３號四樓,華榮樂府,112/12/01,3218,47.33,67.98,62.38%,華廈(10層含以下有電梯),15,四層/六層,房地(土地+建物)+車位,土:1 建:2車:2,4房2廳2衛,,有,有,住家用,陽台外推;
士林區基河路１３８號九樓之１,基河馨園,112/12/01,3400,58.01,58.61,49.51%,住宅大樓(11層含以上有電梯),22,九層/十六層,房地(土地+建物),土:1 建:1車:0,3房2廳2衛,,有,有,住家用,其他增建;
士林區中山北路六段２３６巷９號六樓之２,天母靜好,112/12/01,3950,108.02,46.26,56.76%,住宅大樓(11層含以上有電梯),2,六層/十四層,房地(土地+建物)+車位,土:1 建:1車:1,3房2廳1衛,285,有,有,住家用,
士林區中社路二段１７巷１２號三樓,,112/12/01,264.9,16.31,16.24,100.00%,公寓(5樓含以下無電梯),48,三層/四層,房地(土地+建物),土:1 建:1車:0,2房2廳1衛,,無,無,住家用,親友、員工、共有人或其他特殊關係間之交易;
士林區後街３１巷５號三樓,,112/12/01,1388,70.11,19.8,100.00%,公寓(5樓含以下無電梯),55,"三層,陽臺/三層",房地(土地+建物),土:1 建:1車:0,4房2廳2衛,,無,無,住家用,親友、員工、共有人或其他特殊關係間之交易;頂樓加蓋;其他增建;
士林區天母東路２４號十樓,天母東宮,112/12/01,1850,75.59,24.48,77.14%,住宅大樓(11層含以上有電梯),39,十層/十二層,房地(土地+建物),土:3 建:1車:0,2房2廳1衛,,有,有,住家用,
士林區承德路四段３巷１９號三樓,,112/11/30,1250,59.19,21.12,94.90%,公寓(5樓含以下無電梯),56,三層/三層,房地(土地+建物),土:2 建:1車:0,2房2廳1衛,,無,無,住家用,內梯增建、前後陽台加窗增建其他增建;
士林區天母北路２８巷３９號五樓之３,天母小西華,112/11/30,1300,95.72,15.32,48.80%,華廈(10層含以下有電梯),16,五層/九層,房地(土地+建物)+車位,土:1 建:1車:1,1房1廳1衛,200,有,有,住家用,陽台外推;夾層;
士林區中山北路七段１１４巷６０弄４號四樓之２,,112/11/30,1650,55.44,29.76,59.19%,華廈(10層含以下有電梯),41,四層/七層,房地(土地+建物),土:1 建:1車:0,2房2廳1衛,,有,有,住家用,陽台外推;其他增建;
士林區承德路五段４號四樓,長堤,112/11/30,2050,43.89,46.71,77.37%,華廈(10層含以下有電梯),44,四層/七層,房地(土地+建物),土:4 建:1車:0,4房2廳2衛,,有,有,住家用,陽台鐵窗其他增建;
士林區延平北路五段２４８號二樓,,112/11/30,243,28.81,8.43,,公寓(5樓含以下無電梯),52,二層/四層,房地(土地+建物),土:1 建:1車:0,,,無,無,住家用,親友、員工、共有人或其他特殊關係間之交易;
士林區中正路２１２巷４弄６號二樓,,112/11/29,2680,54.79,48.91,73.96%,公寓(5樓含以下無電梯),43,二層/五層,房地(土地+建物)+車位,土:1 建:1車:1,3房2廳2衛,,有,無,商業用,
士林區承德路四段３２２號四樓,餘白,112/11/29,5000,56.72,88.15,56.71%,住宅大樓(11層含以上有電梯),11,四層/十四層,房地(土地+建物)+車位,土:2 建:1車:3,3房2廳2衛,,有,有,住家用,
士林區通河西街二段１０８巷５號四樓,,112/11/28,970,41.26,23.51,100.00%,公寓(5樓含以下無電梯),48,"四層,陽臺/四層",房地(土地+建物),土:1 建:1車:0,4房3廳2衛,,無,無,住家用,陽台外推;頂樓加蓋;
士林區士商路１５７號三樓,,112/11/27,4480,76.17,58.81,69.24%,住宅大樓(11層含以上有電梯),23,三層/十二層,房地(土地+建物)+車位,土:1 建:1車:1,3房2廳2衛,,有,有,住家用,
士林區福國路７號二樓,,112/11/27,1820,69.88,26.05,100.00%,公寓(5樓含以下無電梯),47,"二層,陽臺/四層",房地(土地+建物),土:1 建:1車:0,1房2廳1衛,,無,無,住家用,
士林區天母北路５６號二十二樓,聯上天母,112/11/26,6500,113.49,67.25,51.78%,住宅大樓(11層含以上有電梯),3,二十二層/二十四層,房地(土地+建物)+車位,土:1 建:1車:1,2房2廳2衛,200,有,有,住家用,
士林區中山北路七段８１巷１６弄２０號八樓,天母上苑,112/11/26,1950,104.68,18.63,62.78%,住宅大樓(11層含以上有電梯),,八層/十二層,房地(土地+建物),土:1 建:1車:0,2房1廳1衛,,有,有,住家用,預售屋、或土地及建物分件登記案件;
士林區天母東路１０５巷３１之１號地下２層,,112/11/26,900,34.66,25.96,86.08%,公寓(5樓含以下無電梯),45,地下二層/五層,房地(土地+建物),土:1 建:1車:0,3房2廳1衛,,有,無,其他,
士林區中山北路六段４３１之２號二樓之１,富貴園,112/11/25,1910,80.22,23.81,75.63%,華廈(10層含以下有電梯),40,二層/七層,房地(土地+建物),土:1 建:1車:0,2房1廳1衛,,無,有,住家用,
士林區延平北路五段２２４巷３２號三樓,,112/11/25,1290,39.97,32.28,88.41%,公寓(5樓含以下無電梯),41,三層/五層,房地(土地+建物),土:1 建:1車:0,3房2廳1衛,,無,無,住家用,陽台外推;其他增建;
士林區芝玉路一段１９７巷２９號二樓,,112/11/25,2000,59.44,33.65,88.66%,公寓(5樓含以下無電梯),38,二層/五層,房地(土地+建物),土:1 建:1車:0,3房2廳1衛,,無,無,住家用,其他增建;
士林區環河北路三段１３５號三樓,天星花園,112/11/25,2198,59.8,39.66,59.96%,住宅大樓(11層含以上有電梯),20,三層/十三層,房地(土地+建物)+車位,土:2 建:1車:1,3房2廳2衛,180,有,有,住家用,陽台外推;其他增建;
士林區福港街２７２巷１２號四樓,,112/11/24,1390,45.92,30.27,86.51%,公寓(5樓含以下無電梯),47,四層/四層,房地(土地+建物),土:1 建:1車:0,3房2廳2衛,,無,無,住家用,頂樓加蓋;
士林區忠誠路二段５８號七樓,滿慈樓,112/11/24,2200,47.46,46.35,74.82%,華廈(10層含以下有電梯),36,七層/七層,房地(土地+建物),土:1 建:1車:0,2房1廳2衛,,有,有,住家用,親友、員工、共有人或其他特殊關係間之交易;
士林區重慶北路四段２２２號十樓之２,士科京璽,112/11/23,1600,66.19,27.64,57.19%,住宅大樓(11層含以上有電梯),7,十層/十四層,房地(土地+建物)+車位,土:2 建:1車:1,1房1廳1衛,150,有,有,住家用,
士林區承德路四段１９５巷１２號六樓,圓山官邸,112/11/23,6500,73.14,88.87,61.56%,住宅大樓(11層含以上有電梯),15,六層/十二層,房地(土地+建物)+車位,土:1 建:1車:2,4房2廳2衛,,有,有,住家用,其他增建;
士林區中山北路六段２巷２３弄１５號五樓,芝山名園,112/11/23,2120,56.49,37.53,88.05%,公寓(5樓含以下無電梯),39,五層/五層,房地(土地+建物),土:1 建:1車:0,3房2廳2衛,,有,無,住家用,
士林區通河東街一段９巷１４號三樓,,112/11/23,1700,59.14,28.74,91.95%,公寓(5樓含以下無電梯),50,三層/四層,房地(土地+建物),土:1 建:1車:0,3房2廳2衛,,無,無,住家用,其他增建;
士林區德行東路３３１巷５２弄９號二樓,,112/11/23,1750,57.97,30.19,87.10%,公寓(5樓含以下無電梯),44,二層/五層,房地(土地+建物),土:3 建:1車:0,3房2廳1衛,,無,無,住家用,其他增建;
士林區德行東路２６６巷２１號五樓,,112/11/23,2126,46.39,45.83,77.37%,公寓(5樓含以下無電梯),43,五層/五層,房地(土地+建物),土:3 建:1車:0,4房3廳3衛,,無,無,住家用,頂樓加蓋;其他增建;
士林區福華路１４７巷２２號二樓,,112/11/22,1550,67.59,22.93,100.00%,公寓(5樓含以下無電梯),51,二層/四層,房地(土地+建物),土:1 建:1車:0,3房2廳1衛,,無,無,住家用,親友、員工、共有人或其他特殊關係間之交易;
士林區中山北路五段５２２號五樓,欣翰士林官邸,112/11/22,18900,95.05,246.27,50.23%,住宅大樓(11層含以上有電梯),9,五層/十二層,房地(土地+建物)+車位,土:1 建:1車:6,,"1,800",有,有,辦公用,毛胚屋;
士林區忠誠路二段１４號二樓,仰德華廈,112/11/22,5100,69.88,72.98,76.80%,住宅大樓(11層含以上有電梯),41,二層/十四層,房地(土地+建物),土:1 建:1車:0,4房2廳3衛,,有,有,住家用,
士林區雨農路１５號二樓,,112/11/22,2600,45.34,57.34,72.84%,華廈(10層含以下有電梯),40,二層/七層,房地(土地+建物),土:1 建:1車:0,4房2廳2衛,,有,有,住家用,親友、員工、共有人或其他特殊關係間之交易;
士林區延平北路六段４７７號六樓,亞太企業中心,112/11/22,8785,35.42,248,55.56%,住宅大樓(11層含以上有電梯),9,六層/十四層,房地(土地+建物)+車位,土:1 建:2車:8,,,有,有,商業用,
士林區中山北路六段４３號六樓,國揚天母,112/11/21,6980,92.63,75.36,55.71%,住宅大樓(11層含以上有電梯),11,六層/十三層,房地(土地+建物)+車位,土:1 建:1車:1,4房2廳2衛,,有,有,住家用,
士林區菁山路５３之２號,陽明帝景,112/11/21,4280,59.21,80.4,63.81%,華廈(10層含以下有電梯),14,一層/五層,房地(土地+建物)+車位,土:1 建:1車:1,2房2廳2衛,250,有,有,住家用,夾層;
士林區雨農路７６號九樓,雨農山莊,112/11/20,4158,62.19,66.86,52.82%,住宅大樓(11層含以上有電梯),19,九層/十二層,房地(土地+建物)+車位,土:1 建:1車:1,4房2廳2衛,,有,有,住家用,陽台外推;其他增建;
士林區後港街３１號,圓山諾貝爾,112/11/20,1650,106.2,15.54,81.56%,住宅大樓(11層含以上有電梯),39,一層/十二層,房地(土地+建物),土:1 建:1車:0,1房1廳1衛,,有,有,商業用,
士林區天母北路６８之１號,天母石濤園,112/11/20,3500,77.43,45.2,80.03%,住宅大樓(11層含以上有電梯),43,一層/十一層,房地(土地+建物),土:3 建:1車:0,,,有,有,住商用,其他增建;
士林區德行東路１２６號,知田,112/11/20,668.4,109.92,6.08,70.35%,住宅大樓(11層含以上有電梯),11,一層/十四層,房地(土地+建物),土:1 建:1車:0,,,有,有,商業用,親友、員工、共有人或其他特殊關係間之交易;
士林區承德路四段１０巷６０號三樓,,112/11/19,1440,57.02,25.25,100.00%,公寓(5樓含以下無電梯),54,三層/四層,房地(土地+建物),土:1 建:1車:0,3房2廳1衛,,無,無,住家用,陽台外推;其他增建;
士林區福港街２３４巷１號五樓,,112/11/19,1658,60.66,27.33,84.66%,公寓(5樓含以下無電梯),43,五層/五層,房地(土地+建物),土:1 建:1車:0,5房2廳3衛,,無,無,住家用,陽台外推;頂樓加蓋;其他增建;
士林區天玉街３９巷２號七樓,,112/11/19,3700,74.52,49.65,83.54%,華廈(10層含以下有電梯),38,七層/七層,房地(土地+建物),土:1 建:1車:0,4房2廳2衛,,無,有,住家用,頂樓加蓋;其他增建;
士林區德行東路１０９巷７３弄３號三樓,,112/11/19,2130,62.17,34.26,100.00%,公寓(5樓含以下無電梯),47,"三層,陽臺/四層",房地(土地+建物),土:1 建:1車:0,3房2廳2衛,,無,無,住家用,陽台外推;其他增建;
士林區中山北路六段４５０巷６弄１號三樓,,112/11/19,2288,58.98,38.79,88.14%,公寓(5樓含以下無電梯),51,三層/四層,房地(土地+建物),土:1 建:1車:0,2房2廳1衛,,無,無,住家用,陽台外推;
士林區後港街２０巷９號三樓,,112/11/18,1590,54.48,29.19,93.28%,公寓(5樓含以下無電梯),45,三層/五層,房地(土地+建物),土:2 建:1車:0,4房2廳2衛,,無,無,住家用,其他增建;
士林區大西路９號五樓,,112/11/18,1645,51.61,31.87,84.46%,公寓(5樓含以下無電梯),34,五層/五層,房地(土地+建物),土:1 建:1車:0,5房5衛,,無,無,住家用,陽台外推;
士林區中山北路六段４２７巷６弄２３號,,112/11/18,2400,97.56,24.6,91.18%,公寓(5樓含以下無電梯),47,一層/四層,房地(土地+建物),土:2 建:1車:0,3房2廳2衛,,無,無,住家用,其他增建;
士林區承德路四段６７之１號九樓,富麗圓山,112/11/18,3850,79.79,48.25,74.55%,住宅大樓(11層含以上有電梯),23,九層/十一層,房地(土地+建物)+車位,土:2 建:1車:1,3房2廳2衛,,有,有,住家用,陽台外推;其他增建;
士林區永平街７５巷２７號,,112/11/18,1900,68.1,27.9,75.29%,公寓(5樓含以下無電梯),43,一層/五層,房地(土地+建物),土:7 建:1車:0,2房1廳1衛,,無,無,其他,其他增建;
士林區後港街１４１號十二樓之２,圓山森鄰,112/11/18,5570,61.29,90.87,62.04%,住宅大樓(11層含以上有電梯),14,十二層/十四層,房地(土地+建物)+車位,土:1 建:1車:2,4房2廳3衛,,有,有,商業用,陽台外推;其他增建;
士林區福國路９５號五樓之９,,112/11/18,1125,81.38,13.82,88.75%,華廈(10層含以下有電梯),46,五層/八層,房地(土地+建物),土:1 建:1車:0,1房1廳1衛,,有,有,住家用,
士林區前街１２５巷１４號,,112/11/18,1250,77.47,16.14,100.00%,公寓(5樓含以下無電梯),55,一層/三層,房地(土地+建物),土:2 建:1車:0,2房2廳1衛,,無,無,住家用,
士林區永平街３６巷２號三樓,,112/11/17,1070,38.59,27.72,90.23%,公寓(5樓含以下無電梯),43,三層/四層,房地(土地+建物),土:1 建:1車:0,3房2廳2衛,,無,無,住家用,
士林區德行東路１０４巷７弄１號四樓,忠義新村,112/11/17,1700,62.89,27.03,92.23%,公寓(5樓含以下無電梯),42,四層/五層,房地(土地+建物),土:6 建:1車:0,3房2廳2衛,,無,無,住家用,陽台外推;
士林區中山北路六段２３６巷９號十三樓,天母靜好,112/11/17,3296,116.62,37.85,54.39%,住宅大樓(11層含以上有電梯),2,十三層/十四層,房地(土地+建物)+車位,土:1 建:1車:1,2房2廳1衛,320,有,有,住家用,
士林區福國路５０巷５號二樓之２,天母儷園,112/11/17,2450,101.99,24.02,50.23%,華廈(10層含以下有電梯),19,二層/七層,房地(土地+建物),土:3 建:1車:0,2房2廳1衛,,有,有,住家用,
士林區文林路６６１巷３８弄４號,,112/11/17,1000,78.71,12.71,100.00%,公寓(5樓含以下無電梯),54,一層/二層,房地(土地+建物),土:1 建:1車:0,2房1廳1衛,,無,無,住家用,親友、員工、共有人或其他特殊關係間之交易;
士林區士東路１２０巷２２弄１３號四樓,東坡居,112/11/16,2650,67.45,39.29,74.14%,華廈(10層含以下有電梯),39,四層/七層,房地(土地+建物),土:1 建:1車:0,4房2廳2衛,,有,有,住家用,陽台外推;
士林區天母東路４３巷５號,,112/11/16,32000,0,124.12,,透天厝,48,全/二層,房地(土地+建物),土:2 建:1車:0,2房2廳2衛,,無,無,住家用,具重建或重劃、都更等效益;
士林區中正路３２３號,,112/11/15,13800,0,107.93,,透天厝,57,全/四層,房地(土地+建物),土:1 建:1車:0,,,無,無,住商用,
士林區重慶北路四段４９巷３１弄２５號,,112/11/15,1320,63.27,20.86,100.00%,公寓(5樓含以下無電梯),52,一層/四層,房地(土地+建物),土:1 建:1車:0,2房1廳1衛,,無,無,住家用,其他增建;
士林區忠誠路一段１７１巷４號十樓,蘭雅新城,112/11/15,1700,77.47,21.94,87.70%,華廈(10層含以下有電梯),31,十層/十層,房地(土地+建物),土:1 建:1車:0,4房2廳2衛,,有,有,住家用,本房屋為所有權持分1/2之買賣親友、員工、共有人或其他特殊關係間之交易;
士林區至誠路二段９２巷９弄９號,,112/11/15,2830,0,20.59,,透天厝,56,全/二層,房地(土地+建物),土:1 建:1車:0,2房2廳2衛,,無,無,住家用,其他增建;
士林區延平北路五段２１３巷３０號二樓,,112/11/15,650,35.11,18.51,100.00%,公寓(5樓含以下無電梯),59,二層/二層,房地(土地+建物),土:1 建:1車:0,2房1廳1衛,,無,無,住家用,親友、員工、共有人或其他特殊關係間之交易;
士林區福壽街５８號七樓,日日居,112/11/14,3458,89.79,43.04,53.71%,華廈(10層含以下有電梯),9,"七層,見其他登記事項/七層",房地(土地+建物)+車位,土:1 建:2車:1,3房2廳2衛,200,有,有,住家用,陽台外推;夾層;其他增建;
士林區延平北路六段２２８號四樓,豐澤,112/11/14,3158,65.24,48.4,42.47%,華廈(10層含以下有電梯),2,四層/七層,房地(土地+建物)+車位,土:1 建:1車:1,2房2廳2衛,,有,有,住家用,
士林區明溪街２５號三樓,,112/11/14,505,16.09,31.38,100.00%,公寓(5樓含以下無電梯),48,三層/四層,房地(土地+建物),土:1 建:1車:0,4房2廳2衛,,無,無,住家用,親友、員工、共有人或其他特殊關係間之交易;
士林區通河街１４５號四樓,千維,112/11/14,2400,66.87,35.89,80.08%,華廈(10層含以下有電梯),38,四層/七層,房地(土地+建物),土:1 建:1車:0,3房2廳2衛,,有,有,住家用,陽台外推;
士林區芝玉路二段８４巷３號,,112/11/14,2100,72.72,28.88,87.98%,公寓(5樓含以下無電梯),46,一層/五層,房地(土地+建物),土:1 建:1車:0,3房2廳1衛,,無,無,住家用,親友、員工、共有人或其他特殊關係間之交易;
士林區延平北路五段１６３巷３５弄１６號,,112/11/14,1150,0,13,,透天厝,58,全/一層,房地(土地+建物),土:2 建:1車:0,2房1廳1衛,,無,無,住家用,
士林區大南路３２５號三樓之１０,新天地,112/11/13,820,66.31,12.37,58.41%,住宅大樓(11層含以上有電梯),16,三層/十四層,房地(土地+建物),土:1 建:1車:0,1房1衛,,有,有,商業用,
士林區福港街２５９巷１３弄４號三樓,,112/11/13,1420,51.01,27.84,76.46%,公寓(5樓含以下無電梯),41,三層/五層,房地(土地+建物),土:1 建:1車:0,3房2廳1衛,,有,無,住家用,
士林區延平北路五段２４４巷２２弄１５號四樓,,112/11/13,410,21.67,18.92,100.00%,公寓(5樓含以下無電梯),53,四層/四層,房地(土地+建物),土:1 建:1車:0,2房2廳1衛,,無,無,住家用,親友、員工、共有人或其他特殊關係間之交易;頂樓加蓋;
士林區福華路１６４巷１３號三樓,,112/11/13,2080,82.59,25.19,96.54%,公寓(5樓含以下無電梯),50,三層/四層,房地(土地+建物),土:1 建:1車:0,3房2廳1衛,,無,無,住家用,陽台外推;其他增建;
士林區通河街３２３巷６７之２號,劍潭國宅D區,112/11/13,500,56.07,8.92,89.15%,公寓(5樓含以下無電梯),53,二層/五層,房地(土地+建物),土:1 建:1車:0,1房1廳1衛,,無,無,住家用,
士林區美崙街６２巷２０號五樓,,112/11/13,1650,49.9,33.07,81.77%,公寓(5樓含以下無電梯),44,五層/五層,房地(土地+建物),土:1 建:1車:0,3房2廳2衛,,無,無,住家用,陽台外推;
士林區光華路２６巷３之２號四樓,,112/11/13,1470,40.56,36.25,100.00%,公寓(5樓含以下無電梯),46,四層/四層,房地(土地+建物),土:3 建:1車:0,18房4衛,,無,無,住家用,頂樓加蓋;
士林區延平北路六段２２８號六樓,豐澤,112/11/12,3158,65.24,48.4,42.47%,華廈(10層含以下有電梯),2,六層/七層,房地(土地+建物)+車位,土:1 建:1車:1,2房2廳2衛,,有,有,住家用,
士林區後街２１巷１３號七樓之１,大杰士林閤,112/11/12,1120,69.46,16.12,51.71%,華廈(10層含以下有電梯),28,七層/七層,房地(土地+建物),土:1 建:2車:0,1房1衛,,有,有,住家用,其他增建;
士林區中山北路七段４１號二樓,,112/11/12,2008,67.59,29.71,100.00%,公寓(5樓含以下無電梯),52,二層/四層,房地(土地+建物),土:2 建:1車:0,3房2廳2衛,,無,無,住家用,其他增建;
士林區至誠路二段２７號四樓,,112/11/12,1825,54.17,33.69,86.67%,公寓(5樓含以下無電梯),41,四層/五層,房地(土地+建物),土:1 建:1車:0,3房2廳2衛,,無,無,住家用,其他增建;
士林區中山北路六段１７２巷２２弄２號二樓,,112/11/11,1750,74.24,23.57,100.00%,公寓(5樓含以下無電梯),48,"二層,陽臺/四層",房地(土地+建物),土:1 建:1車:0,2房2廳1衛,,無,無,住家用,陽台外推;
士林區福港街２８號四樓,,112/11/11,1250,35.24,35.47,80.28%,公寓(5樓含以下無電梯),38,四層/五層,房地(土地+建物),土:1 建:1車:0,3房2廳2衛,,無,無,住家用,親友、員工、共有人或其他特殊關係間之交易;陽台外推;
士林區永平街９巷２５號二樓,,112/11/11,920,46.98,19.58,90.08%,公寓(5樓含以下無電梯),43,二層/五層,房地(土地+建物),土:1 建:1車:0,3房1廳1衛,,無,無,住家用,陽台外推;其他增建;
士林區中正路７０７巷１７號十二樓,忠誠,112/11/11,1550,49.36,31.4,66.70%,住宅大樓(11層含以上有電梯),40,十二層/十二層,房地(土地+建物),土:3 建:1車:0,3房2廳2衛,,有,有,住家用,陽台外推;
士林區劍潭路１６號十一樓之６,圓山凡登,112/11/11,2100,65.93,31.85,35.20%,住宅大樓(11層含以上有電梯),15,十一層/十四層,房地(土地+建物)+車位,土:2 建:1車:1,,260,有,有,住家用,
士林區文林路４０４巷８號二樓,,112/11/11,1900,96.25,19.74,100.00%,公寓(5樓含以下無電梯),56,二層/三層,房地(土地+建物),土:1 建:1車:0,2房1廳1衛,,無,無,住家用,天井加蓋。陽台外推;其他增建;
士林區中正路６５９號,忠誠,112/11/11,1775,56.5,31.41,65.98%,住宅大樓(11層含以上有電梯),40,一層/十二層,房地(土地+建物),土:1 建:1車:0,3房2廳2衛,,有,有,住家用,其他增建;
士林區士東路２６６巷５弄２１號地下,,112/11/11,800,30.49,26.24,100.00%,公寓(5樓含以下無電梯),42,地下層/五層,房地(土地+建物),土:1 建:1車:0,5房5衛,,無,無,其他,
士林區承德路四段３４２號,,112/11/11,6500,97.67,66.55,48.73%,公寓(5樓含以下無電梯),42,一層/五層,房地(土地+建物),土:1 建:1車:0,,,無,無,其他,其他增建;
士林區中正路６５５巷６號十三樓之２,渼士林,112/11/10,2550,61.76,46.48,59.39%,住宅大樓(11層含以上有電梯),9,十三層/十五層,房地(土地+建物)+車位,土:1 建:1車:1,3房2廳2衛,250,有,有,住家用,
士林區中山北路七段２１６巷５號六樓,福星公爵,112/11/10,3015,58.88,51.21,79.99%,華廈(10層含以下有電梯),37,六層/六層,房地(土地+建物),土:1 建:1車:0,2房2廳3衛,,有,有,住家用,陽台外推;頂樓加蓋;
士林區中正路２２３巷５９號,陽明書院士林會館,112/11/10,3168,112.11,35.65,65.67%,華廈(10層含以下有電梯),11,一層/五層,房地(土地+建物)+車位,土:2 建:1車:2,1房1廳1衛,300,有,有,住家用,其他增建;
士林區延平北路六段１１１號三樓,,112/11/10,540,36.44,14.82,58.48%,華廈(10層含以下有電梯),32,三層/六層,房地(土地+建物),土:1 建:1車:0,3房1衛,,無,有,商業用,親友、員工、共有人或其他特殊關係間之交易;
士林區基河路１６號十樓,圓山窗外,112/11/09,3330,101.83,32.7,55.36%,住宅大樓(11層含以上有電梯),19,十層/十一層,房地(土地+建物)+車位,土:1 建:1車:1,2房1廳2衛,,有,有,辦公用,夾層;
士林區社中街２２１號二樓,,112/11/09,800,37.22,21.49,100.00%,公寓(5樓含以下無電梯),49,二層/四層,房地(土地+建物),土:1 建:1車:0,3房2廳1衛,,無,無,住家用,
士林區中山北路七段８２巷１２號十二樓之１,遠雄陽明,112/11/09,9100,87.61,103.87,60.44%,住宅大樓(11層含以上有電梯),18,十二層/十四層,房地(土地+建物)+車位,土:1 建:1車:2,2房2廳2衛,,有,有,住家用,陽台外推;其他增建;
士林區延平北路五段２８５巷４１號,,112/11/09,1600,28.73,55.7,40.21%,公寓(5樓含以下無電梯),44,一層/五層,房地(土地+建物),土:3 建:1車:0,3房1廳1衛,,無,無,其他,親友、員工、共有人或其他特殊關係間之交易;
士林區重慶北路四段２１０號八樓,吉美悅河,112/11/08,4450,66.15,80.71,58.62%,住宅大樓(11層含以上有電梯),10,八層/十五層,房地(土地+建物)+車位,土:1 建:1車:2,4房2廳2衛,500,有,有,住家用,
士林區忠義街１１５號四樓,桃花源,112/11/08,2000,61.09,32.74,77.37%,華廈(10層含以下有電梯),39,四層/七層,房地(土地+建物),土:1 建:1車:0,2房1廳2衛,,有,有,住家用,
士林區承德路四段８０巷３６號四樓,,112/11/07,1650,57.9,28.5,86.24%,公寓(5樓含以下無電梯),45,四層/五層,房地(土地+建物),土:2 建:1車:0,3房2廳2衛,,無,無,住家用,陽台外推;
士林區中山北路六段４０５巷１４號四樓,,112/11/07,2150,57.85,37.17,88.69%,公寓(5樓含以下無電梯),45,四層/五層,房地(土地+建物),土:1 建:1車:0,3房2廳2衛,,無,無,住家用,
士林區天母北路５０號二樓,,112/11/07,1980,79.98,24.76,100.00%,公寓(5樓含以下無電梯),51,二層/四層,房地(土地+建物),土:2 建:1車:0,2房2廳1衛,,無,無,住家用,陽台外推;其他增建;
士林區天母東路８巷２５號五樓之５,天母華琪大廈忠孝座,112/11/07,1980,81.54,24.28,95.68%,華廈(10層含以下有電梯),47,"五層,陽臺/七層",房地(土地+建物),土:1 建:1車:0,1房1廳1衛,,有,有,住家用,陽台外推;其他增建;
士林區社子街２５巷３弄１８號二樓,,112/11/07,852,20.26,42.04,81.75%,公寓(5樓含以下無電梯),35,二層/五層,房地(土地+建物),土:2 建:1車:0,4房2廳2衛,,無,無,住家用,親友、員工、共有人或其他特殊關係間之交易;陽台外推;
士林區通河街３２３巷６５之３號,劍潭國宅D區,112/11/07,200,44.85,4.46,89.15%,公寓(5樓含以下無電梯),53,三層/五層,房地(土地+建物),土:1 建:1車:0,2房1廳1衛,,無,無,住家用,親友、員工、共有人或其他特殊關係間之交易;
士林區延平北路六段１１６巷４９弄１９號,,112/11/07,600,23.51,25.52,100.00%,公寓(5樓含以下無電梯),49,一層/四層,房地(土地+建物),土:1 建:1車:0,3房1廳1衛,,無,無,住家用,親友、員工、共有人或其他特殊關係間之交易;
士林區基河路２３８號七樓之８,金旺來大廈,112/11/06,840,46.8,17.95,85.07%,華廈(10層含以下有電梯),27,七層/七層,房地(土地+建物)+車位,土:2 建:1車:1,1房1衛,,有,有,住家用,
士林區德行東路２５８號十三樓之３,日日好日,112/11/06,5020,115.17,53.36,59.20%,住宅大樓(11層含以上有電梯),1,十三層/十四層,房地(土地+建物)+車位,土:1 建:2車:1,3房2廳2衛,290,有,有,住家用,含裝潢費;
士林區天母東路８巷２１號二樓之８,華琪,112/11/06,1290,57.78,22.33,93.31%,華廈(10層含以下有電梯),47,"二層,陽臺/七層",房地(土地+建物)+車位,土:2 建:1車:1,1房1廳1衛,300,有,有,住家用,陽台外推;
士林區承德路四段６巷１１號五樓,,112/11/06,600,28.4,21.13,90.78%,公寓(5樓含以下無電梯),37,五層/五層,房地(土地+建物),土:2 建:1車:0,3房1廳2衛,,無,無,住家用,親友、員工、共有人或其他特殊關係間之交易;
士林區中山北路七段１９１巷１７號七樓,,112/11/05,3220,80.02,40.24,76.19%,華廈(10層含以下有電梯),43,七層/七層,房地(土地+建物),土:1 建:1車:0,4房3廳3衛,,無,有,住家用,建物格局：3房2廳2衛(頂樓加蓋：1房1廳1衛)。陽台外推;頂樓加蓋;
士林區天母東路８巷２１號四樓之８,華琪,112/11/05,945,69.87,13.52,88.95%,華廈(10層含以下有電梯),47,"四層,陽臺/七層",房地(土地+建物),土:2 建:1車:0,1房1廳1衛,,有,有,住家用,陽台外推;其他增建;
士林區中山北路六段１５７巷１１號四樓之５,天母樂活,112/11/05,3308,87.87,37.65,56.15%,住宅大樓(11層含以上有電梯),15,四層/十五層,房地(土地+建物),土:1 建:1車:0,2房2廳2衛,,有,有,商業用,
士林區忠誠路二段２１巷４３號二樓,,112/11/05,2360,58.22,40.53,87.50%,公寓(5樓含以下無電梯),40,二層/五層,房地(土地+建物),土:1 建:1車:0,3房2廳2衛,,無,無,住家用,陽台外推;
士林區雨聲街６巷７號,,112/11/05,500,60.86,8.22,86.67%,公寓(5樓含以下無電梯),46,一層/四層,房地(土地+建物),土:1 建:1車:0,3房2廳1衛,,無,無,住家用,
士林區雨聲街６巷７號,,112/11/05,500,60.86,8.22,86.67%,公寓(5樓含以下無電梯),46,一層/四層,房地(土地+建物),土:1 建:1車:0,3房2廳1衛,,無,無,住家用,
士林區中山北路七段２１９巷１６之９號四樓,天母山莊,112/11/04,3000,48.47,63.93,91.53%,華廈(10層含以下有電梯),39,四層/七層,房地(土地+建物)+車位,土:1 建:1車:1,4房2廳2衛,350,有,有,住家用,陽台外推;其他增建;
士林區中山北路六段２９０巷２９弄１１之１號,生活典藏,112/11/04,2200,84.47,26.05,60.59%,華廈(10層含以下有電梯),28,一層/五層,房地(土地+建物),土:1 建:1車:0,2房1廳1衛,,有,有,住家用,陽台外推;夾層;其他增建;
士林區中社路二段１８５巷２弄３號二樓,,112/11/04,1070,34.37,31.13,100.00%,公寓(5樓含以下無電梯),48,二層/四層,房地(土地+建物),土:1 建:1車:0,4房2廳2衛,,無,無,住家用,其他增建;
士林區福港街２８０巷１５號三樓,,112/11/04,1600,53.23,30.06,91.67%,公寓(5樓含以下無電梯),46,三層/四層,房地(土地+建物),土:1 建:1車:0,3房2廳1衛,,無,無,住家用,
士林區中山北路七段１４巷１５號七樓之１,錦龍,112/11/03,2080,73.74,28.21,77.42%,華廈(10層含以下有電梯),46,七層/七層,房地(土地+建物),土:1 建:1車:0,2房2廳1衛,,有,有,住家用,陽台外推;其他增建;
士林區芝玉路二段２０巷１１１號六樓,天母白金賞,112/11/03,5900,61.13,96.51,67.39%,住宅大樓(11層含以上有電梯),21,"六層,七層/十三層",房地(土地+建物)+車位,土:1 建:1車:2,4房3廳2衛,,有,有,住家用,
士林區中山北路七段１９０巷２６弄５號二樓,,112/11/02,1380,14.85,92.9,73.94%,華廈(10層含以下有電梯),39,二層/七層,房地(土地+建物)+車位,土:2 建:1車:1,5房3廳3衛,,有,有,住家用,親友、員工、共有人或其他特殊關係間之交易;
士林區天玉街３４號二樓,,112/11/02,3400,59.46,57.18,80.52%,華廈(10層含以下有電梯),40,二層/七層,房地(土地+建物)+車位,土:1 建:1車:1,3房2廳2衛,,有,有,住家用,陽台外推;其他增建;
士林區德行西路５８號五樓,,112/11/02,2630,89,39.96,75.59%,華廈(10層含以下有電梯),39,五層/七層,房地(土地+建物)+車位,土:4 建:1車:1,3房2廳2衛,250,有,有,住家用,陽台外推;
士林區克強路１０巷１９弄１６號三樓,,112/11/02,2260,56.14,40.26,82.34%,公寓(5樓含以下無電梯),43,三層/五層,房地(土地+建物),土:1 建:1車:0,3房2廳2衛,,無,無,住家用,增建陽臺其他增建;
士林區葫蘆街１０４巷１０弄２號,,112/11/02,710,29.15,24.36,100.00%,公寓(5樓含以下無電梯),49,一層/四層,房地(土地+建物),土:1 建:1車:0,3房1廳1衛,,無,無,住家用,親友、員工、共有人或其他特殊關係間之交易;
士林區中山北路七段２０９之２號三樓,天母中銀山莊,112/11/01,2658,56.01,47.46,74.57%,華廈(10層含以下有電梯),39,三層/七層,房地(土地+建物),土:1 建:1車:0,4房2廳2衛,,有,有,住家用,其他增建;
士林區中山北路五段５２０號八樓,欣翰士林官邸,112/11/01,21919,100,265.54,51.61%,住宅大樓(11層含以上有電梯),8,八層/十二層,房地(土地+建物)+車位,土:1 建:1車:6,,"2,000",有,有,辦公用,
士林區天玉街４號三樓,,112/11/01,2100,48.42,43.37,88.44%,公寓(5樓含以下無電梯),46,三層/四層,房地(土地+建物),土:1 建:1車:0,3房2廳2衛,,無,無,住家用,其他增建:天井陽台外推;其他增建;
士林區仁民路７號,,112/11/01,9500,0,220.04,,透天厝,35,全/二層,房地(土地+建物)+車位,土:1 建:1車:2,8房4廳7衛,,無,無,住家用,其他增建;
士林區重慶北路四段２２２號二樓之７,士科京璽,112/11/01,920,65.96,13.95,59.34%,住宅大樓(11層含以上有電梯),7,二層/十四層,房地(土地+建物),土:2 建:1車:0,1衛,,有,有,住家用,
士林區福港街２６７之５號五樓,劍潭雅園,112/10/31,1900,46.7,40.69,72.79%,華廈(10層含以下有電梯),46,五層/六層,房地(土地+建物),土:1 建:1車:0,4房2廳2衛,,有,有,住家用,
士林區忠誠路一段１７３巷２８弄４號三樓,,112/10/30,1910,61.54,31.04,89.54%,公寓(5樓含以下無電梯),44,三層/五層,房地(土地+建物),土:5 建:1車:0,3房2廳2衛,,無,無,住家用,依土地法34-1條處分陽台外推;其他增建;
士林區中正路６２６號三樓,,112/10/30,700,27.48,25.47,85.49%,公寓(5樓含以下無電梯),40,三層/五層,房地(土地+建物),土:1 建:1車:0,2房1廳1衛,,無,無,住家用,親友、員工、共有人或其他特殊關係間之交易;
士林區天玉街２７巷７號五樓,,112/10/30,1800,52.73,34.13,80.79%,公寓(5樓含以下無電梯),42,五層/五層,房地(土地+建物),土:1 建:1車:0,2房2廳1衛,,無,無,住家用,陽台外推;頂樓加蓋;其他增建;
士林區中山北路七段１４１巷２３號七樓之１,君御,112/10/30,4500,90.33,50.71,57.85%,華廈(10層含以下有電梯),1,七層/八層,房地(土地+建物)+車位,土:1 建:1車:1,3房2廳2衛,200,有,有,住家用,
士林區承德路四段３巷３８號,,112/10/30,1958,34.43,56.87,83.08%,華廈(10層含以下有電梯),42,一層/七層,房地(土地+建物),土:1 建:2車:0,2房2廳1衛,,無,有,其他,其他增建;
士林區劍潭路９５號,,112/10/30,1350,88.92,15.18,100.00%,公寓(5樓含以下無電梯),54,一層/四層,房地(土地+建物),土:3 建:1車:0,,,無,無,住家用,
士林區承德路四段７５號二樓,富麗圓山,112/10/30,1300,51.9,25.05,53.33%,住宅大樓(11層含以上有電梯),23,二層/十一層,房地(土地+建物)+車位,土:2 建:2車:1,,,有,有,其他,親友、員工、共有人或其他特殊關係間之交易;
士林區永平街８０巷５號一樓,,112/10/30,1430,67.92,21.05,100.00%,公寓(5樓含以下無電梯),47,"一層,平台/三層",房地(土地+建物),土:1 建:1車:0,1房1廳1衛,,無,無,住家用,其他增建;
士林區承德路四段１８３號六樓之１,圓山皇裔,112/10/30,4700,72.06,65.22,57.02%,住宅大樓(11層含以上有電梯),22,六層/十四層,房地(土地+建物)+車位,土:1 建:1車:1,4房2廳3衛,,有,有,住家用,
士林區克強路８號六樓,,112/10/29,3085,70.19,43.95,73.27%,華廈(10層含以下有電梯),44,六層/七層,房地(土地+建物),土:1 建:1車:0,4房2廳2衛,,有,有,住家用,陽台外推;
士林區環河北路三段２０３號七樓之２,京水灩,112/10/29,2326,51.24,52.79,54.33%,住宅大樓(11層含以上有電梯),11,七層/十一層,房地(土地+建物)+車位,土:2 建:1車:1,2房2廳2衛,250,有,有,住家用,
士林區重慶北路四段２２２號三樓之５,士科京璽,112/10/29,750,68.11,11.01,57.14%,住宅大樓(11層含以上有電梯),7,三層/十四層,房地(土地+建物),土:2 建:1車:0,1房1廳1衛,,有,有,住家用,
士林區德行東路１９０巷３０弄２號,陽明花園,112/10/29,4100,73.29,55.94,80.58%,住宅大樓(11層含以上有電梯),34,一層/十二層,房地(土地+建物)+車位,土:1 建:1車:1,4房2廳2衛,,有,有,住家用,其他增建;
士林區中山北路七段１５０號五樓,,112/10/29,2600,56.02,46.41,82.06%,華廈(10層含以下有電梯),38,五層/七層,房地(土地+建物),土:1 建:1車:0,4房2廳2衛,,有,有,住家用,陽台外推;其他增建;
士林區中山北路七段１４巷３８號五樓,僑資華廈,112/10/29,2604,61.79,42.14,68.30%,華廈(10層含以下有電梯),46,五層/七層,房地(土地+建物),土:3 建:1車:0,3房2廳2衛,,有,有,住家用,陽台外推;其他增建;
士林區承德路四段１０巷３１號二樓,,112/10/29,1598,72.53,22.03,100.00%,公寓(5樓含以下無電梯),55,二層/四層,房地(土地+建物),土:2 建:1車:0,3房2廳2衛,,無,無,住家用,陽台外推;
士林區芝玉路一段３４號,,112/10/29,2800,0,53.11,,透天厝,51,全/二層,房地(土地+建物),土:1 建:1車:0,6房4廳2衛,,無,無,住家用,頂樓加蓋;
士林區忠誠路一段３３之５號五樓,士林御花園,112/10/28,2700,63.6,42.46,77.01%,華廈(10層含以下有電梯),39,五層/七層,房地(土地+建物)+車位,土:1 建:1車:1,2房2廳1衛,300,有,有,住家用,增建陽台其他增建;
士林區後港街１４號三樓,,112/10/28,1580,64.68,24.43,100.00%,公寓(5樓含以下無電梯),47,"三層,陽臺/五層",房地(土地+建物),土:1 建:1車:0,2房2廳1衛,,無,無,住家用,其他增建;
士林區中山北路七段１４巷２９之６號六樓,幸福華廈,112/10/28,2060,64.03,32.17,70.23%,華廈(10層含以下有電梯),45,六層/七層,房地(土地+建物),土:1 建:1車:0,2房2廳2衛,,無,有,住家用,陽台外推;其他增建;
士林區德行東路２９８號三樓,,112/10/28,1200,42.14,28.47,89.66%,公寓(5樓含以下無電梯),43,三層/五層,房地(土地+建物),土:3 建:1車:0,3房1廳2衛,,無,無,住家用,親友、員工、共有人或其他特殊關係間之交易;
士林區延平北路五段１６３巷１８弄１號,,112/10/27,1138,56.07,20.3,100.00%,公寓(5樓含以下無電梯),57,一層/二層,房地(土地+建物),土:1 建:1車:0,2廳1衛,,無,無,住家用,
士林區文林路６６１巷２號,,112/10/27,3000,0,21.6,,透天厝,56,全/二層,房地(土地+建物),土:2 建:1車:0,1房2廳2衛,,無,無,住家用,頂樓加蓋;其他增建;
士林區天母西路５巷４弄８號,,112/10/27,3500,58.69,59.63,73.52%,華廈(10層含以下有電梯),43,一層/七層,房地(土地+建物)+車位,土:1 建:1車:1,3房2廳3衛,250,無,有,住家用,其他增建;
士林區華齡街３５巷２２號二樓,,112/10/27,1150,41.63,27.62,83.74%,公寓(5樓含以下無電梯),45,二層/四層,房地(土地+建物),土:6 建:1車:0,3房2廳1衛,,無,無,住家用,親友、員工、共有人或其他特殊關係間之交易;
士林區大南路３２５號三樓之１１,新天地,112/10/27,2080,60.5,39.65,56.86%,住宅大樓(11層含以上有電梯),16,三層/十四層,房地(土地+建物)+車位,土:1 建:1車:1,2房2廳1衛,250,有,有,商業用,
士林區福港街１２９巷５號二樓,,112/10/27,600,40.31,14.88,100.00%,公寓(5樓含以下無電梯),48,"二層,陽臺/四層",房地(土地+建物),土:2 建:1車:0,3房2廳2衛,,無,無,住家用,
士林區格致路２０巷１號七樓之１５,華崗,112/10/26,385,53.91,7.14,59.30%,華廈(10層含以下有電梯),22,七層/九層,房地(土地+建物),土:1 建:1車:0,,,有,有,商業用,陽台外推;夾層;
士林區中山北路七段１４１巷１４弄１號二樓,天母一莊,112/10/26,14356,107.72,133.27,61.47%,華廈(10層含以下有電梯),13,二層/五層,房地(土地+建物)+車位,土:1 建:1車:3,3房1廳3衛,,有,有,住家用,本案為二親等買賣。親友、員工、共有人或其他特殊關係間之交易;
士林區中山北路七段１４１巷１４弄１號三樓,天母一莊,112/10/26,14216.9,109.5,129.84,61.51%,華廈(10層含以下有電梯),13,三層/五層,房地(土地+建物)+車位,土:1 建:1車:3,4房1廳3衛,,有,有,住家用,本案為二親等買賣。親友、員工、共有人或其他特殊關係間之交易;
士林區大南路３２５號五樓之１１,新天地,112/10/25,2246,65.99,39.65,56.86%,住宅大樓(11層含以上有電梯),16,五層/十四層,房地(土地+建物)+車位,土:1 建:1車:1,2房2廳1衛,250,有,有,商業用,其他增建;
士林區華聲街８１號,,112/10/25,1380,0,13.43,,透天厝,57,全/二層,房地(土地+建物),土:2 建:1車:0,3房2廳2衛,,無,無,住家用,頂樓加蓋;其他增建;畸零地或有合併使用效益;
士林區重慶北路四段４９巷６０號,,112/10/25,1250,76.18,16.41,100.00%,公寓(5樓含以下無電梯),53,一層/三層,房地(土地+建物),土:1 建:1車:0,1房1廳1衛,,無,無,住家用,其他增建;
士林區格致路２０巷２９號七樓之１,仰德大廈,112/10/24,550,46.98,11.71,55.53%,華廈(10層含以下有電梯),27,七層/十層,房地(土地+建物),土:2 建:1車:0,1房1廳1衛,,有,有,住家用,
士林區承德路四段４９號二樓,圓山金城,112/10/24,3125,62.84,49.73,57.78%,住宅大樓(11層含以上有電梯),27,二層/十二層,房地(土地+建物)+車位,土:1 建:1車:1,2房2廳2衛,,有,有,住家用,陽台外推;
士林區天玉街３８巷１２號二樓之２,天母蘭桂坊,112/10/23,1930,64.78,29.79,36.75%,住宅大樓(11層含以上有電梯),27,二層/十一層,房地(土地+建物)+車位,土:1 建:1車:1,3房2廳2衛,,有,有,住家用,陽台外推;夾層;其他增建;
士林區倫等街４８巷４號,,112/10/23,800,42.4,18.87,100.00%,公寓(5樓含以下無電梯),50,一層/三層,房地(土地+建物),土:1 建:1車:0,3房2廳1衛,,無,無,住家用,親友、員工、共有人或其他特殊關係間之交易;
士林區美德街８４號三樓,,112/10/23,1500,71.07,21.11,93.75%,公寓(5樓含以下無電梯),55,三層/三層,房地(土地+建物),土:1 建:1車:0,2房2廳1衛,,無,無,住家用,親友、員工、共有人或其他特殊關係間之交易;頂樓加蓋;
士林區忠義街７１巷３３號二樓,,112/10/22,2238,61.61,36.32,88.47%,公寓(5樓含以下無電梯),38,二層/五層,房地(土地+建物),土:2 建:1車:0,3房2廳2衛,,無,無,住家用,
士林區基河路１２８號八樓之９,基河之星,112/10/22,650,76.39,8.51,56.59%,住宅大樓(11層含以上有電梯),27,八層/十一層,房地(土地+建物),土:1 建:1車:0,1房1廳1衛,,有,有,住家用,陽台外推;
士林區忠誠路一段１８６號七樓,蘭雅新城,112/10/22,1750,39.71,44.07,86.29%,華廈(10層含以下有電梯),29,七層/十層,房地(土地+建物),土:1 建:1車:0,3房2廳2衛,,有,有,住家用,親友、員工、共有人或其他特殊關係間之交易;
士林區中山北路七段１４１巷２３號三樓之１,君御,112/10/21,4588,91.76,50.71,57.85%,華廈(10層含以下有電梯),1,三層/八層,房地(土地+建物)+車位,土:1 建:1車:1,2房2廳2衛,220,有,有,住家用,
士林區士東路９１巷７號三樓,,112/10/21,2040,57.25,35.63,87.03%,公寓(5樓含以下無電梯),44,三層/五層,房地(土地+建物),土:1 建:1車:0,3房2廳2衛,,無,無,住家用,
士林區福國路９５號六樓之２３,,112/10/21,1750,81.22,21.55,90.03%,華廈(10層含以下有電梯),46,六層/八層,房地(土地+建物),土:1 建:1車:0,2房2廳1衛,,有,有,住家用,陽台外推;其他增建;
士林區承德路四段２９６號十二樓、２９８號十二樓,圓山福第,112/10/21,4600,56.19,81.87,75.92%,住宅大樓(11層含以上有電梯),35,十二層/十二層,房地(土地+建物)+車位,土:1 建:1車:2,5房2廳3衛,,有,有,住家用,坡道平面車位2位，約定專用，無所有權。陽台外推;其他增建;
士林區忠誠路二段５號三樓,新光仰賢華廈,112/10/21,6938,80.9,101.16,96.24%,住宅大樓(11層含以上有電梯),37,三層/十四層,房地(土地+建物)+車位,土:3 建:1車:1,4房2廳3衛,600,有,有,住家用,其他增建;
士林區中社路二段１７巷３３號三樓,,112/10/21,835,40.12,20.81,100.00%,公寓(5樓含以下無電梯),48,三層/四層,房地(土地+建物),土:1 建:1車:0,2房1廳1衛,,無,無,住家用,
士林區芝玉路一段２２６號十四樓,遠雄天母,112/10/20,6528,78.61,83.05,63.14%,住宅大樓(11層含以上有電梯),15,十四層/十八層,房地(土地+建物)+車位,土:1 建:1車:1,3房2廳3衛,,有,有,住家用,
士林區德行東路１９０巷２弄１號四樓,,112/10/20,2368,51.22,46.23,88.59%,公寓(5樓含以下無電梯),47,四層/四層,房地(土地+建物),土:1 建:1車:0,4房2廳2衛,,無,無,住家用,頂樓加蓋;其他增建;
士林區至誠路二段９號三樓,,112/10/20,1956.6,50.99,38.38,81.22%,公寓(5樓含以下無電梯),41,三層/五層,房地(土地+建物),土:1 建:1車:0,3房2廳2衛,,無,無,住家用,
士林區承德路四段９巷８號三樓,,112/10/19,2440,54.37,44.88,89.64%,公寓(5樓含以下無電梯),39,三層/五層,房地(土地+建物),土:2 建:1車:0,4房2廳2衛,,無,無,住家用,其他增建;
士林區中山北路六段４２７巷６弄３號三樓,,112/10/18,1758,69.04,25.46,94.01%,公寓(5樓含以下無電梯),47,三層/四層,房地(土地+建物),土:2 建:1車:0,3房2廳2衛,,無,無,住家用,陽台外推;
士林區中山北路七段１９０巷１２弄６號三樓,,112/10/18,3000,45.61,65.78,69.80%,華廈(10層含以下有電梯),43,三層/七層,房地(土地+建物),土:1 建:1車:0,3房1廳2衛,,無,有,住家用,親友、員工、共有人或其他特殊關係間之交易;
士林區至善路三段１８１巷５弄３０號,,112/10/17,2640,0,23.59,,透天厝,102,全/一層,房地(土地+建物),土:2 建:1車:0,2房2廳1衛,,無,無,住家用,未登記建物;
士林區延平北路八段１８７巷１弄１５號二樓,,112/10/17,5,0.24,21.18,100.00%,公寓(5樓含以下無電梯),54,二層/三層,房地(土地+建物),土:1 建:1車:0,3房1廳1衛,,無,無,住家用,親友、員工、共有人或其他特殊關係間之交易;
士林區中正路７０７巷１５號十二樓,忠誠,112/10/17,1650,52.61,31.36,66.48%,住宅大樓(11層含以上有電梯),40,十二層/十二層,房地(土地+建物),土:3 建:1車:0,3房1廳2衛,,有,有,住家用,其他增建;
士林區天母東路１０５巷５０號五樓,,112/10/17,1960,51.12,38.34,82.02%,公寓(5樓含以下無電梯),44,五層/五層,房地(土地+建物),土:2 建:1車:0,3房2廳1衛,,無,無,住家用,陽台外推;頂樓加蓋;其他增建;
士林區承德路四段１０巷２０號四樓,,112/10/17,1484,51.98,28.55,100.00%,公寓(5樓含以下無電梯),50,四層/四層,房地(土地+建物),土:1 建:1車:0,3房1廳1衛,,無,無,住家用,親友、員工、共有人或其他特殊關係間之交易;頂樓加蓋;
士林區社中街４２０號二樓,,112/10/17,1100,40.94,26.87,100.00%,公寓(5樓含以下無電梯),53,二層/三層,房地(土地+建物),土:1 建:1車:0,3房2廳1衛,,無,無,,
士林區格致路２０巷１號七樓之３,華崗,112/10/16,750,52.93,14.17,58.30%,華廈(10層含以下有電梯),22,七層/九層,房地(土地+建物),土:1 建:1車:0,2房2廳2衛,,有,有,商業用,陽台外推;夾層;
士林區忠誠路二段１７８巷２７弄５號一樓,,112/10/16,2720,83.48,32.58,100.00%,公寓(5樓含以下無電梯),47,"一層,平台/四層",房地(土地+建物),土:1 建:1車:0,4房2廳2衛,,無,無,住家用,
士林區福港街１８巷１０號,,112/10/16,400,45.79,8.74,100.00%,公寓(5樓含以下無電梯),54,三層/三層,房地(土地+建物),土:3 建:1車:0,,,無,無,住家用,
士林區承德路四段５８巷５６弄１號二樓,,112/10/16,1700,42.45,40.04,100.00%,公寓(5樓含以下無電梯),52,二層/四層,房地(土地+建物),土:1 建:1車:0,3房2廳2衛,,無,無,住家用,親友、員工、共有人或其他特殊關係間之交易;
士林區天母西路５巷６號四樓,,112/10/16,2205,59.5,37.06,90.73%,公寓(5樓含以下無電梯),43,四層/五層,房地(土地+建物),土:1 建:1車:0,3房2廳2衛,,無,無,住家用,陽台外推;
士林區劍潭路３９號四樓,,112/10/16,577,20.78,27.77,76.19%,華廈(10層含以下有電梯),31,四層/七層,房地(土地+建物)+車位,土:1 建:1車:1,3房2廳2衛,,有,有,住家用,親友、員工、共有人或其他特殊關係間之交易;
士林區士東路２８６巷１之７號二樓,天母綠庭,112/10/15,2780,52.07,53.39,88.91%,公寓(5樓含以下無電梯),35,"二層,三層/五層",房地(土地+建物)+車位,土:1 建:1車:1,3房2廳2衛,,有,無,住家用,陽台外推;其他增建;
士林區文林路７６５號二樓之３,寶殿大廈,112/10/15,1400,53.39,26.22,74.14%,住宅大樓(11層含以上有電梯),43,二層/十一層,房地(土地+建物),土:1 建:1車:0,2房2廳1衛,,有,有,住家用,其他增建;
士林區文林路７６３號十一樓之４,寶殿大廈,112/10/15,2300,62.09,37.04,76.55%,住宅大樓(11層含以上有電梯),43,十一層/十一層,房地(土地+建物),土:1 建:1車:0,3房2廳2衛,,有,有,住家用,陽台外推;其他增建;
士林區永平街８０巷５號三樓,,112/10/15,950,45.12,21.05,100.00%,公寓(5樓含以下無電梯),47,"三層,陽臺/三層",房地(土地+建物),土:1 建:1車:0,3房1廳1衛,,無,無,住家用,其他增建;
士林區永平街８０巷５號二樓,,112/10/15,950,45.12,21.05,100.00%,公寓(5樓含以下無電梯),47,"二層,陽臺/三層",房地(土地+建物),土:1 建:1車:0,4房1廳1衛,,無,無,住家用,其他增建;
士林區磺溪街２１巷１６號五樓,磺溪逸庭,112/10/15,2258,56.65,39.86,81.30%,公寓(5樓含以下無電梯),35,五層/五層,房地(土地+建物),土:1 建:1車:0,3房2廳2衛,,無,無,住家用,陽台外推;
士林區文林路７６５號七樓之４,寶殿大廈,112/10/15,2300,62.09,37.04,76.55%,住宅大樓(11層含以上有電梯),43,七層/十一層,房地(土地+建物),土:1 建:1車:0,2房2廳2衛,,有,有,住家用,陽台外推;其他增建;
士林區建業路１１巷２號,,112/10/15,5388,0,77.25,,透天厝,49,全/二層,房地(土地+建物),土:2 建:1車:0,5房2廳3衛,,無,無,住家用,其他增建;
士林區福港街２３３之１號五樓,,112/10/14,1851,50.06,36.98,69.42%,公寓(5樓含以下無電梯),40,五層/五層,房地(土地+建物),土:1 建:1車:0,4房2廳2衛,,無,無,住家用,陽台外推;其他增建;
士林區劍潭路１６號九樓之５,圓山凡登,112/10/14,1450,59.16,24.51,29.55%,住宅大樓(11層含以上有電梯),15,九層/十四層,房地(土地+建物)+車位,土:2 建:1車:1,1房1廳1衛,300,有,有,住家用,
士林區芝玉路二段８９巷２號五樓,,112/10/14,1750,56.72,30.86,89.17%,公寓(5樓含以下無電梯),46,五層/五層,房地(土地+建物),土:1 建:1車:0,3房2廳1衛,,無,無,住家用,
士林區中社路二段１８５巷４弄６號四樓,,112/10/14,1530,45.59,33.56,92.77%,公寓(5樓含以下無電梯),48,四層/四層,房地(土地+建物),土:1 建:1車:0,2房1廳2衛,,無,無,住家用,陽台外推;其他增建;
士林區華齡街４０巷１０號,,112/10/13,1250,65.14,19.19,75.16%,公寓(5樓含以下無電梯),40,一層/五層,房地(土地+建物),土:1 建:1車:0,2房1廳1衛,,無,無,商業用,
士林區忠義街８２號地下室,,112/10/13,835,23.68,35.27,100.00%,公寓(5樓含以下無電梯),44,地下層/五層,房地(土地+建物),土:1 建:1車:0,4房2廳2衛,,無,無,其他,
士林區後港街１５０號八樓,圓山巴黎,112/10/13,3200,50.27,63.66,57.99%,住宅大樓(11層含以上有電梯),26,八層/十二層,房地(土地+建物)+車位,土:1 建:1車:1,4房2廳2衛,,有,有,住家用,陽台外推;
士林區士東路９１巷１８號四樓,真工,112/10/12,2760,88.5,34.49,53.37%,華廈(10層含以下有電梯),15,四層/七層,房地(土地+建物)+車位,土:1 建:1車:1,2房2廳1衛,200,有,有,住家用,其他增建;
士林區中山北路七段２２０巷６之３號四樓,晶晶,112/10/12,700,15.62,44.81,73.69%,華廈(10層含以下有電梯),43,四層/七層,房地(土地+建物),土:1 建:1車:0,3房2廳2衛,,有,有,住家用,親友、員工、共有人或其他特殊關係間之交易;
士林區中山北路五段５２２號八樓,欣翰士林官邸,112/10/12,24300,103.86,264.19,55.56%,住宅大樓(11層含以上有電梯),8,八層/十二層,房地(土地+建物)+車位,土:1 建:1車:4,,"1,300",有,有,辦公用,毛胚屋;
士林區天母東路８巷２１號三樓之１,華琪,112/10/12,2050,70.5,29.08,89.73%,華廈(10層含以下有電梯),47,"三層,陽臺/七層",房地(土地+建物),土:2 建:1車:0,2房2廳2衛,,有,有,住家用,其他增建;
士林區福國路１００號十四樓之７,雙子星,112/10/12,2500,69.77,35.83,80.30%,住宅大樓(11層含以上有電梯),44,十四層/十四層,房地(土地+建物),土:1 建:1車:0,3房2廳2衛,,有,有,住家用,陽台外推;其他增建;
士林區承德路四段８８號七樓之３,圓山ART,112/10/12,2888,78.84,36.63,60.17%,住宅大樓(11層含以上有電梯),1,七層/十五層,房地(土地+建物)+車位,土:1 建:1車:1,2房2廳1衛,,有,有,住家用,
士林區中正路２２３巷２５號,,112/10/12,723.3,51.75,13.98,100.00%,公寓(5樓含以下無電梯),59,二層/二層,房地(土地+建物),土:1 建:1車:0,2房1廳1衛,,無,無,住家用,自用增值稅節稅親友、員工、共有人或其他特殊關係間之交易;
士林區社中街４４４號二樓,,112/10/12,1250,53.69,23.28,91.71%,公寓(5樓含以下無電梯),46,二層/四層,房地(土地+建物),土:1 建:1車:0,4房1廳2衛,,無,無,住家用,其他增建;
士林區中山北路六段２３６巷７號十三樓之３,天母靜好,112/10/11,3263,115.6,37.75,54.64%,住宅大樓(11層含以上有電梯),2,十三層/十四層,房地(土地+建物)+車位,土:1 建:1車:1,2房2廳1衛,325,有,有,住家用,
士林區士東路８９巷１３號三樓,綠光新第,112/10/10,780,68.67,11.36,58.24%,華廈(10層含以下有電梯),29,三層/六層,房地(土地+建物),土:1 建:1車:0,,,有,有,住家用,其他增建;
士林區德行東路１０４巷３１號二樓,,112/10/10,2150,57.88,37.15,86.41%,公寓(5樓含以下無電梯),45,二層/四層,房地(土地+建物),土:2 建:1車:0,4房2廳2衛,,無,無,住家用,
士林區德行東路３５８巷２４弄４號四樓,,112/10/10,2700,51.19,52.75,83.41%,公寓(5樓含以下無電梯),36,"四層,五層,屋頂突出物,夾層/五層",房地(土地+建物),土:1 建:1車:0,5房2廳3衛,,有,無,住家用,其他增建：頂樓、露臺、陽台。其他增建;
士林區至誠路一段１３６巷１２號三樓,,112/10/10,2630,47.44,55.44,74.57%,華廈(10層含以下有電梯),41,三層/五層,房地(土地+建物),土:1 建:1車:0,3房2廳2衛,,有,有,住家用,
士林區中正路６５５巷８號八樓之２,渼士林,112/10/10,2750,55.86,49.23,58.25%,住宅大樓(11層含以上有電梯),9,八層/十五層,房地(土地+建物)+車位,土:1 建:1車:1,3房2廳2衛,,有,有,住家用,
士林區中山北路六段４４４號五樓,,112/10/09,1690,83.01,20.36,80.01%,華廈(10層含以下有電梯),37,五層/七層,房地(土地+建物),土:1 建:1車:0,2房2廳1衛,,有,有,住家用,陽台外推;
士林區福志路１１８號二樓,官峰大樓,112/10/08,5168,64.78,79.78,41.22%,住宅大樓(11層含以上有電梯),10,二層/十二層,房地(土地+建物)+車位,土:2 建:1車:2,3房2廳3衛,500,有,有,住家用,
士林區承德路四段１巷２９號四樓,,112/10/08,1680,51.45,32.65,94.53%,公寓(5樓含以下無電梯),47,四層/四層,房地(土地+建物),土:1 建:1車:0,4房3廳2衛,,無,無,,頂樓加蓋;其他增建;
士林區延平北路六段２５８巷２４號三樓,,112/10/07,1650,50.84,32.46,80.25%,公寓(5樓含以下無電梯),40,三層/五層,房地(土地+建物),土:1 建:1車:0,3房2廳2衛,,無,無,住家用,陽台外推;其他增建;
士林區中山北路六段２３６巷７號十一樓之２,天母靜好,112/10/07,4708,120.86,57.9,55.38%,住宅大樓(11層含以上有電梯),2,十一層/十四層,房地(土地+建物)+車位,土:1 建:1車:2,3房2廳1衛,690,有,有,住家用,
士林區福林路１００巷７７弄７號五樓,士林官邸,112/10/07,4900,74.77,65.54,67.54%,華廈(10層含以下有電梯),15,五層/七層,房地(土地+建物)+車位,土:1 建:1車:1,4房2廳2衛,,有,有,住家用,廁所漏水由買方自行修繕
士林區大南路２５１巷１０號二樓,,112/10/07,1550,56.66,27.36,100.00%,公寓(5樓含以下無電梯),47,"二層,陽臺/四層",房地(土地+建物),土:1 建:1車:0,3房2廳2衛,,無,無,住家用,
士林區葫蘆街２３巷２號四樓,,112/10/07,893,44.36,20.13,100.00%,公寓(5樓含以下無電梯),51,四層/四層,房地(土地+建物),土:1 建:1車:0,2房2廳1衛,,無,無,住家用,其他增建;
士林區士東路２７２號七樓,,112/10/07,2650,33.92,78.13,62.86%,華廈(10層含以下有電梯),27,七層/七層,房地(土地+建物),土:1 建:1車:0,3房2廳2衛,,無,有,住家用,親友、員工、共有人或其他特殊關係間之交易;
士林區社子街２號,,112/10/06,6000,0,44.18,,透天厝,,全/二層,房地(土地+建物),土:1 建:1車:0,1房4廳3衛,,無,無,住家用,頂樓加蓋;其他增建;
士林區中山北路六段４５０巷７弄５號,,112/10/06,3200,51.67,61.93,89.79%,公寓(5樓含以下無電梯),36,一層/五層,房地(土地+建物)+車位,土:3 建:1車:1,3房2廳2衛,,有,無,住家用,
士林區中山北路五段８１１巷２２號二樓,,112/10/06,2130,69.13,30.81,94.47%,華廈(10層含以下有電梯),47,"二層,陽臺/七層",房地(土地+建物),土:2 建:1車:0,3房2廳2衛,,有,有,住家用,陽台外推;
士林區劍潭路７３號七樓,新都里,112/10/06,4300,82.76,51.96,52.64%,住宅大樓(11層含以上有電梯),17,七層/十四層,房地(土地+建物)+車位,土:1 建:1車:1,3房2廳2衛,300,有,有,住家用,陽台外推;其他增建;
士林區磺溪街４７巷１４號二樓,,112/10/06,2200,57.37,38.35,88.93%,公寓(5樓含以下無電梯),38,二層/五層,房地(土地+建物),土:1 建:1車:0,3房2廳2衛,,無,無,住家用,親友、員工、共有人或其他特殊關係間之交易;
士林區磺溪街３５巷１２號四樓,,112/10/06,2250,67.03,33.57,85.24%,公寓(5樓含以下無電梯),36,四層/五層,房地(土地+建物),土:1 建:1車:0,3房2廳2衛,,有,無,住家用,陽台外推;
士林區仰德大道二段１３１巷３之１號,,112/10/06,32000,0,218.33,,透天厝,7,全/三層,房地(土地+建物)+車位,土:2 建:1車:4,7房5廳7衛,,無,有,農業用,
士林區士東路３０８號七樓,環秀山莊,112/10/06,1250,36.31,34.43,82.03%,住宅大樓(11層含以上有電梯),33,七層/十一層,房地(土地+建物)+車位,土:1 建:1車:1,4房2廳2衛,,有,有,住家用,親友、員工、共有人或其他特殊關係間之交易;
士林區葫蘆街１３５巷１５弄２號三樓,,112/10/05,1138,47.13,24.15,92.21%,公寓(5樓含以下無電梯),44,三層/五層,房地(土地+建物),土:3 建:1車:0,3房2廳1衛,,無,無,住家用,
士林區天玉街３８巷１１之１號五樓,,112/10/05,2270,67.93,33.42,84.45%,公寓(5樓含以下無電梯),45,五層/五層,房地(土地+建物),土:1 建:1車:0,4房3廳2衛,,無,無,住家用,陽台外推;頂樓加蓋;
士林區雨農路７６號十二樓,雨農山莊,112/10/04,450,25.24,17.83,52.82%,住宅大樓(11層含以上有電梯),18,十二層/十二層,房地(土地+建物),土:1 建:1車:0,4房2廳2衛,,有,有,住家用,親友、員工、共有人或其他特殊關係間之交易;
士林區中山北路七段１１４巷６０弄３號,,112/10/04,1898,46.17,41.11,77.90%,公寓(5樓含以下無電梯),42,一層/五層,房地(土地+建物),土:1 建:1車:0,3房2廳2衛,,無,無,住家用,其他增建;
士林區前港街２６巷２號二樓,,112/10/04,1500,54.02,27.77,100.00%,公寓(5樓含以下無電梯),55,二層/三層,房地(土地+建物),土:2 建:1車:0,3房2廳2衛,,無,無,住家用,親友、員工、共有人或其他特殊關係間之交易;
士林區士東路１２０巷２２弄５號五樓,,112/10/04,1840,53.18,34.6,78.61%,公寓(5樓含以下無電梯),39,五層/五層,房地(土地+建物),土:1 建:1車:0,3房2廳2衛,,無,無,住家用,
士林區通河街２５號七樓,圓山迎春風,112/10/04,2300,74.59,30.84,45.17%,華廈(10層含以下有電梯),11,七層/八層,房地(土地+建物),土:1 建:1車:0,2房2廳1衛,,有,有,住家用,
士林區延平北路六段２２８號三樓,豐澤,112/10/03,3018,62.35,48.4,42.47%,華廈(10層含以下有電梯),2,三層/七層,房地(土地+建物)+車位,土:1 建:1車:1,2房1廳1衛,,有,有,住家用,
士林區天玉街１３之１號四樓,縱橫天母,112/10/03,6400,85.86,87.5,58.70%,住宅大樓(11層含以上有電梯),17,四層/十五層,房地(土地+建物)+車位,土:1 建:1車:2,4房2廳3衛,600,有,有,住家用,
士林區天母東路１０５巷５２號五樓,,112/10/03,1736,45.83,37.88,81.80%,公寓(5樓含以下無電梯),44,五層/五層,房地(土地+建物),土:2 建:1車:0,3房2廳1衛,,無,無,住家用,頂樓加蓋;
士林區重慶北路四段２３８號四樓,,112/10/03,2150,42.66,50.4,73.51%,住宅大樓(11層含以上有電梯),39,四層/十二層,房地(土地+建物),土:2 建:1車:0,4房4衛,,有,有,住家用,
士林區重慶北路四段２２０巷２５號三樓,,112/10/02,1330,50.69,26.24,80.98%,公寓(5樓含以下無電梯),35,三層/五層,房地(土地+建物),土:1 建:1車:0,3房2廳2衛,,無,無,住家用,陽台外推;其他增建;
士林區德行東路２５８號三樓,日日好日,112/10/02,5588,100.63,64.74,58.92%,住宅大樓(11層含以上有電梯),1,三層/十四層,房地(土地+建物)+車位,土:1 建:2車:1,3房2廳2衛,310,有,有,住家用,含裝潢費;
士林區天母西路５０巷２０之１號二樓,天母強者薔薇華廈,112/10/02,5250,92.06,68.19,62.98%,住宅大樓(11層含以上有電梯),27,"二層,電梯樓梯間/十一層",房地(土地+建物)+車位,土:1 建:1車:1,2房2廳2衛,300,有,有,住家用,陽台外推;
士林區天玉街１１３號二樓,家居雲門,112/10/01,7460,97.48,95.19,62.56%,華廈(10層含以下有電梯),16,二層/五層,房地(土地+建物)+車位,土:1 建:1車:2,4房2廳3衛,600,有,有,住家用,其他增建;
士林區延平北路六段２２６號,,112/10/01,1936,0,12.48,,透天厝,30,全/一層,房地(土地+建物),土:1 建:1車:0,2房1廳1衛,,無,無,住商用,
士林區天玉街１６巷３號二樓,天鈺,112/10/01,3150,79.81,39.47,38.17%,華廈(10層含以下有電梯),7,二層/七層,房地(土地+建物)+車位,土:1 建:1車:1,2房2廳2衛,,無,有,辦公用,
士林區社中街９９號二樓,,112/09/30,1170,43.89,26.66,94.07%,公寓(5樓含以下無電梯),41,二層/五層,房地(土地+建物),土:1 建:1車:0,1廳1衛,,無,無,商業用,
士林區中山北路六段７５４巷２６之２號五樓,,112/09/30,1480,66.94,22.11,90.40%,公寓(5樓含以下無電梯),44,五層/五層,房地(土地+建物),土:1 建:1車:0,2房2廳1衛,,無,無,住家用,陽台外推;
士林區福德路３１巷１１號二樓之７,小貴馥,112/09/28,1080,102.42,10.55,49.97%,華廈(10層含以下有電梯),12,二層/八層,房地(土地+建物),土:1 建:1車:0,1廳1衛,,有,有,住家用,夾層;其他增建;
士林區承德路四段１０巷２８號二樓,,112/09/28,1200,42.04,28.55,100.00%,公寓(5樓含以下無電梯),50,二層/四層,房地(土地+建物),土:1 建:1車:0,3房1廳2衛,,無,無,住家用,親友、員工、共有人或其他特殊關係間之交易;
士林區福德路３１巷１１號二樓之１７,小貴馥,112/09/28,1040,103.43,10.06,49.37%,華廈(10層含以下有電梯),12,二層/八層,房地(土地+建物),土:1 建:1車:0,1房1廳1衛,,有,有,住家用,
士林區美崙街７號五樓,,112/09/28,1650,56.97,28.96,91.12%,公寓(5樓含以下無電梯),43,五層/五層,房地(土地+建物),土:1 建:1車:0,4房4廳3衛,,無,無,住家用,頂樓加蓋;其他增建;
士林區格致路１７９號四樓之１,御陽明,112/09/28,6980,56.48,123.57,46.60%,華廈(10層含以下有電梯),10,四層/四層,房地(土地+建物)+車位,土:1 建:1車:3,,600,有,有,住家用,
士林區格致路１７９號四樓,御陽明,112/09/28,6980,56.48,123.57,46.60%,華廈(10層含以下有電梯),10,四層/四層,房地(土地+建物)+車位,土:1 建:1車:3,,600,有,有,住家用,
士林區中山北路六段１２巷８號,,112/09/28,3088,66.25,46.61,59.29%,公寓(5樓含以下無電梯),42,一層/五層,房地(土地+建物),土:1 建:1車:0,2房2廳2衛,,無,無,住家用,其他增建;
士林區劍潭路６２號五樓,,112/09/28,1470,46.8,31.41,83.61%,公寓(5樓含以下無電梯),38,五層/五層,房地(土地+建物),土:1 建:1車:0,3房2廳2衛,,無,無,住家用,
士林區承德路四段４０巷５０號六樓之１１,劍潭整宅B區,112/09/28,550,50.55,10.88,91.10%,公寓(5樓含以下無電梯),53,五層/五層,房地(土地+建物),土:1 建:1車:0,2房2廳1衛,,無,無,住家用,頂樓加蓋;
士林區中山北路七段２１３之８號,天母中銀山莊,112/09/28,2750,64.64,42.54,75.54%,華廈(10層含以下有電梯),39,一層/十層,房地(土地+建物),土:1 建:1車:0,3房2廳2衛,,有,有,住家用,其他增建;
士林區華岡路２１號三樓之４,陽明山莊,112/09/28,655,29.19,22.44,58.42%,華廈(10層含以下有電梯),28,三層/五層,房地(土地+建物),土:1 建:1車:0,1房1廳1衛,,有,有,住家用,
士林區延平北路六段４７７號五樓,亞太企業中心,112/09/28,8080,37.07,217.94,55.56%,住宅大樓(11層含以上有電梯),9,五層/十四層,房地(土地+建物)+車位,土:1 建:2車:5,,,有,有,商業用,
士林區延平北路六段４７５號五樓,亞太企業中心,112/09/28,8070,37.03,217.94,55.56%,住宅大樓(11層含以上有電梯),9,五層/十四層,房地(土地+建物)+車位,土:1 建:2車:5,,,有,有,商業用,
士林區德行西路３６號十二樓之１７,萬象之都,112/09/27,1500,108.15,13.87,54.39%,住宅大樓(11層含以上有電梯),15,十二層/十三層,房地(土地+建物),土:3 建:1車:0,1房1廳1衛,,有,有,商業用,陽台外推;夾層;
士林區延平北路六段３５０號十一樓,龍門天廈,112/09/27,2300,46.88,49.06,54.02%,住宅大樓(11層含以上有電梯),23,十一層/十一層,房地(土地+建物)+車位,土:1 建:1車:2,2房2廳2衛,,有,有,住家用,
士林區永平街９巷６號,,112/09/26,2200,41.75,52.7,54.04%,公寓(5樓含以下無電梯),36,一層/五層,房地(土地+建物),土:1 建:1車:0,2房1廳2衛,,無,無,商業用,其他增建;
士林區社中街１５２巷１８號三樓,,112/09/26,1325,46.25,28.65,90.84%,公寓(5樓含以下無電梯),52,三層/三層,房地(土地+建物),土:1 建:1車:0,3房2廳1衛,,無,無,住家用,其他增建;
士林區德行東路２５８號十二樓之３,日日好日,112/09/26,4600,107.93,48.26,59.37%,住宅大樓(11層含以上有電梯),1,十二層/十四層,房地(土地+建物)+車位,土:1 建:2車:1,3房2廳2衛,180,有,有,住家用,
士林區承德路四段３１號七樓,圓山麗景,112/09/26,3200,68.18,46.93,54.19%,住宅大樓(11層含以上有電梯),23,七層/十一層,房地(土地+建物)+車位,土:2 建:1車:1,3房2廳2衛,,有,有,住家用,陽台增建、凸窗增建陽台外推;其他增建;
士林區中山北路六段２３６巷９號十二樓之２,天母靜好,112/09/26,4290,116.62,46.24,56.78%,住宅大樓(11層含以上有電梯),1,十二層/十四層,房地(土地+建物)+車位,土:1 建:1車:1,3房2廳1衛,335,有,有,住家用,
士林區文林路７３８號,,112/09/26,1800,58.01,31.03,71.25%,公寓(5樓含以下無電梯),44,一層/五層,房地(土地+建物),土:4 建:1車:0,,,無,無,其他,親友、員工、共有人或其他特殊關係間之交易;
士林區德行東路４６巷４弄２號四樓,,112/09/25,1988,60.99,32.59,91.39%,公寓(5樓含以下無電梯),51,四層/四層,房地(土地+建物),土:10 建:1車:0,3房2廳2衛,,無,無,住家用,陽台外推;
士林區德行東路２５８號十四樓之３,日日好日,112/09/25,4770,108.64,55.49,59.48%,住宅大樓(11層含以上有電梯),1,十四層/十四層,房地(土地+建物)+車位,土:1 建:2車:2,2房2廳2衛,330,有,有,住家用,
士林區延平北路五段５９巷８弄３號二樓,,112/09/25,800,46.28,17.29,100.00%,公寓(5樓含以下無電梯),52,二層/四層,房地(土地+建物),土:1 建:1車:0,3房2廳1衛,,無,無,住家用,
士林區中山北路七段２１９巷８號二樓之１６,富春居,112/09/25,1900,57.55,33.01,65.00%,華廈(10層含以下有電梯),34,二層/七層,房地(土地+建物),土:1 建:2車:0,2房1廳1衛,,有,有,住家用,
士林區中山北路六段２３６巷９號五樓之１,天母靜好,112/09/25,4408,106.33,50.73,56.85%,住宅大樓(11層含以上有電梯),1,五層/十四層,房地(土地+建物)+車位,土:1 建:1車:1,3房2廳2衛,325,有,有,住家用,
士林區至善路一段１３８巷５２弄１３號,,112/09/25,193.6,0,7.85,,透天厝,57,全/一層,房地(土地+建物),土:1 建:1車:0,1房1廳1衛,,無,無,住家用,
士林區中山北路七段５６之３號四樓,龍邸,112/09/25,2210,58.22,37.96,78.55%,華廈(10層含以下有電梯),39,四層/七層,房地(土地+建物),土:1 建:1車:0,3房2廳2衛,,有,有,住家用,陽台外推;
士林區天母北路５６號八樓之２,聯上天母,112/09/24,4280,89.45,57.35,55.02%,住宅大樓(11層含以上有電梯),3,八層/二十四層,房地(土地+建物)+車位,土:1 建:1車:1,3房2廳2衛,200,有,有,住家用,
士林區士東路２７６號六樓,天母光點,112/09/24,1680,84.87,19.8,49.33%,華廈(10層含以下有電梯),15,六層/七層,房地(土地+建物),土:1 建:1車:0,1房2廳1衛,,有,有,住家用,夾層;其他增建;
士林區中山北路七段２１６巷５之１號五樓,福星公爵,112/09/24,2380,58.72,40.53,79.60%,華廈(10層含以下有電梯),37,五層/六層,房地(土地+建物),土:1 建:1車:0,,,有,有,住家用,
士林區士東路２巷１１弄１７號三樓,時代大廈,112/09/24,3179,71.79,44.28,72.63%,華廈(10層含以下有電梯),41,三層/七層,房地(土地+建物),土:1 建:1車:0,4房2廳2衛,,有,有,住家用,陽台外推;
士林區華齡街１８５巷１號十一樓之１,國家園首領袖區,112/09/24,2140,69.56,30.76,50.57%,住宅大樓(11層含以上有電梯),15,十一層/十五層,房地(土地+建物)+車位,土:1 建:1車:1,2房2廳1衛,180,有,有,住家用,
士林區中山北路七段８１巷１６弄５號五樓之１,沐山,112/09/24,3650,85.04,42.92,56.43%,住宅大樓(11層含以上有電梯),1,五層/十五層,房地(土地+建物),土:1 建:1車:0,3房2廳2衛,,有,有,住家用,
士林區故宮路４８巷２０之３號,,112/09/24,4920,0,70.44,,透天厝,45,全/三層,房地(土地+建物),土:2 建:1車:0,6房4廳4衛,,無,無,住家用,頂樓加蓋;其他增建;
士林區忠義街９１巷９號,,112/09/24,1200,39.38,30.47,87.56%,公寓(5樓含以下無電梯),38,一層/五層,房地(土地+建物),土:1 建:1車:0,2房2廳2衛,,無,無,住家用,親友、員工、共有人或其他特殊關係間之交易;
士林區通河西街二段１２６號二樓之１,杜拜,112/09/23,1800,55.58,38.83,52.01%,住宅大樓(11層含以上有電梯),12,二層/十四層,房地(土地+建物)+車位,土:1 建:1車:1,2房1廳1衛,250,有,有,住家用,其他增建;
士林區文林路７６３號十一樓之６,寶殿大廈,112/09/23,2588,60.35,42.88,73.66%,住宅大樓(11層含以上有電梯),43,十一層/十一層,房地(土地+建物),土:1 建:1車:0,3房2廳2衛,,有,有,住家用,陽台加窗其他增建;
士林區格致路２０４號,,112/09/23,525.8,0,15.7,,透天厝,65,全/二層,房地(土地+建物),土:1 建:1車:0,2房2廳2衛,,無,無,住家用,親友、員工、共有人或其他特殊關係間之交易;陽台外推;
士林區芝玉路一段２２２號十三樓,遠雄天母,112/09/23,4178,69.67,59.96,56.65%,住宅大樓(11層含以上有電梯),15,十三層/十八層,房地(土地+建物)+車位,土:1 建:1車:2,3房2廳2衛,,有,有,住家用,
士林區延平北路六段３６８巷１８號五樓,,112/09/22,950,37.43,25.38,92.51%,公寓(5樓含以下無電梯),43,五層/五層,房地(土地+建物),土:2 建:1車:0,4房2廳2衛,,無,無,住家用,其他增建;
士林區中山北路五段８５０巷４號,,112/09/22,2550,56.95,44.77,42.63%,公寓(5樓含以下無電梯),40,一層/五層,房地(土地+建物),土:1 建:1車:0,3房2廳2衛,,無,無,住家用,其他增建;
士林區延平北路六段１７６巷６弄７號,,112/09/21,950,38.93,24.4,100.00%,公寓(5樓含以下無電梯),55,二層/三層,房地(土地+建物),土:1 建:1車:0,3房2廳1衛,,無,無,住家用,
士林區芝玉路二段８９巷８號二樓,,112/09/21,2070,64.78,31.95,90.49%,公寓(5樓含以下無電梯),46,二層/五層,房地(土地+建物),土:1 建:1車:0,3房2廳2衛,,無,無,住家用,陽台外推;其他增建;
士林區社中街１２３號六樓之２,御庭,112/09/21,1880,44.26,42.47,36.91%,住宅大樓(11層含以上有電梯),16,六層/十三層,房地(土地+建物)+車位,土:1 建:1車:1,2房2廳1衛,,有,有,住家用,
士林區延平北路五段１巷２４弄１０號,,112/09/21,300,0,5.65,,透天厝,62,全/一層,房地(土地+建物),土:1 建:1車:0,2房2廳2衛,,無,無,住家用,親友、員工、共有人或其他特殊關係間之交易;
士林區文林路７６３號五樓之５,寶殿大廈,112/09/20,2635,59.5,44.29,75.59%,住宅大樓(11層含以上有電梯),43,五層/十一層,房地(土地+建物),土:1 建:1車:0,4房3廳2衛,,有,有,住家用,陽台外推;其他增建;
士林區中山北路七段１１４巷３３弄８號二樓,,112/09/20,4200,49.23,85.32,62.75%,華廈(10層含以下有電梯),40,二層/六層,房地(土地+建物)+車位,土:2 建:1車:1,5房2廳2衛,,有,有,住家用,親友、員工、共有人或其他特殊關係間之交易;
士林區士東路２６６巷６弄１１之１號五樓,,112/09/20,1638,62.93,26.03,86.11%,公寓(5樓含以下無電梯),42,五層/五層,房地(土地+建物),土:1 建:1車:0,3房2廳1衛,,無,無,住家用,陽台外推;其他增建;
士林區承德路四段１０巷１５號,,112/09/20,3900,0,59.89,,透天厝,,全/三層,房地(土地+建物),土:1 建:1車:0,6房6廳3衛,,無,無,,
士林區社正路６１號五樓,,112/09/20,2600,39.71,65.47,75.29%,華廈(10層含以下有電梯),34,五層/七層,房地(土地+建物)+車位,土:1 建:1車:1,4房2廳2衛,,有,有,住家用,親友、員工、共有人或其他特殊關係間之交易;
士林區中山北路五段７７７巷２號,,112/09/20,1700,51.11,33.26,100.00%,公寓(5樓含以下無電梯),49,一層/四層,房地(土地+建物),土:2 建:1車:0,3房2廳2衛,,無,無,住家用,
士林區至誠路一段１３８號三樓,太子華威,112/09/19,10931,89,140.93,57.54%,住宅大樓(11層含以上有電梯),5,三層/十四層,房地(土地+建物)+車位,土:2 建:1車:2,,640,有,有,住家用,
士林區延平北路六段３５６號六樓,金河帝國,112/09/19,2528,51.68,48.92,55.78%,住宅大樓(11層含以上有電梯),7,六層/十二層,房地(土地+建物)+車位,土:1 建:1車:1,3房2廳2衛,,有,有,住家用,其他增建;
士林區中山北路六段４２５之１號四樓,瑞都,112/09/19,3000,61.59,48.71,69.44%,華廈(10層含以下有電梯),42,四層/七層,房地(土地+建物),土:2 建:1車:0,3房2廳2衛,,有,有,住家用,
士林區社正路２６號六樓,成功首席,112/09/18,2820,62.99,49.08,56.70%,住宅大樓(11層含以上有電梯),3,六層/十三層,房地(土地+建物)+車位,土:1 建:1車:3,2房2廳1衛,570,有,有,住家用,
士林區忠義街１４３號十四樓,康和摘星,112/09/18,3200,41.48,77.14,59.60%,住宅大樓(11層含以上有電梯),32,"十四層,十五層/十五層",房地(土地+建物)+車位,土:1 建:1車:1,4房2廳3衛,,有,有,住家用,親友、員工、共有人或其他特殊關係間之交易;
士林區福港街２１０巷１號四樓,,112/09/17,1680,58.89,28.53,90.74%,公寓(5樓含以下無電梯),46,四層/四層,房地(土地+建物),土:1 建:1車:0,3房2廳2衛,,無,無,住家用,陽台外推;頂樓加蓋;其他增建;
士林區劍潭路１２號十三樓之２,圓山凡登,112/09/17,1650,96.88,17.03,59.57%,住宅大樓(11層含以上有電梯),15,十三層/十四層,房地(土地+建物),土:2 建:1車:0,1房1廳1衛,,有,有,住家用,
士林區中社路一段４３巷１２號,,112/09/17,1000,48.05,20.81,100.00%,公寓(5樓含以下無電梯),48,一層/四層,房地(土地+建物),土:1 建:1車:0,3房2廳1衛,,無,無,住家用,其他增建;
士林區中正路２４７巷３６號七樓之１,士林竣,112/09/17,4941.7,113,46.4,58.58%,住宅大樓(11層含以上有電梯),,七層/十一層,房地(土地+建物)+車位,土:1 建:1車:1,3房2廳2衛,220,有,有,住家用,預售屋、或土地及建物分件登記案件;
士林區德行東路３３１巷１８號四樓,皇鼎麗園,112/09/16,7500,75.06,120.6,59.30%,住宅大樓(11層含以上有電梯),18,四層/十二層,房地(土地+建物)+車位,土:1 建:1車:3,4房2廳3衛,700,有,有,住家用,陽台外推;其他增建;
士林區通河東街一段１６７巷２５號二樓,,112/09/16,1450,43.45,33.37,82.77%,公寓(5樓含以下無電梯),34,二層/五層,房地(土地+建物),土:2 建:1車:0,2房2廳1衛,,無,無,工業用,陽台外推;
士林區大光街１０號,,112/09/16,2490,0,27.33,,透天厝,63,全/二層,房地(土地+建物),土:1 建:1車:0,3房2廳1衛,,無,無,住家用,其他增建;
士林區延平北路六段１１６巷１５弄１８號三樓,,112/09/16,1086,36.15,30.04,95.53%,公寓(5樓含以下無電梯),44,三層/五層,房地(土地+建物),土:1 建:1車:0,3房2廳2衛,,無,無,住家用,
士林區仰德大道一段９１巷５弄１號,,112/09/15,3800,0,29.18,,透天厝,62,全/一層,房地(土地+建物),土:2 建:1車:0,,,無,無,住家用,
士林區天母東路１０５巷６４號二樓,,112/09/15,1450,49.33,29.39,91.62%,公寓(5樓含以下無電梯),44,二層/五層,房地(土地+建物),土:2 建:1車:0,3房2廳2衛,,無,無,住家用,其他增建;
士林區忠義街９３號地下樓,,112/09/14,425,26.15,16.25,98.40%,公寓(5樓含以下無電梯),37,地下層/五層,房地(土地+建物),土:1 建:1車:0,3房2廳1衛,,無,無,其他,本筆交易移轉權利範圍為此建物之1/2
士林區華齡街５號三樓,,112/09/13,1150,49.42,23.27,100.00%,公寓(5樓含以下無電梯),51,三層/四層,房地(土地+建物),土:2 建:1車:0,3房2廳1衛,,無,無,住家用,親友、員工、共有人或其他特殊關係間之交易;
士林區平菁街３３之１號二樓,,112/09/13,780,27.6,28.27,89.05%,公寓(5樓含以下無電梯),42,二層/二層,房地(土地+建物),土:3 建:1車:0,3房1廳2衛,,無,無,農業用,陽台、露台其他增建;
士林區福華路１４７巷１號二樓,,112/09/13,530,42.24,12.55,100.00%,公寓(5樓含以下無電梯),51,二層/四層,房地(土地+建物),土:1 建:1車:0,5房1廳1衛,,無,無,住家用,親友、員工、共有人或其他特殊關係間之交易;陽台外推;
士林區後港街１８９號二樓,典藏大樓,112/09/12,4950,41.95,117.99,54.72%,華廈(10層含以下有電梯),9,二層/七層,房地(土地+建物)+車位,土:1 建:1車:3,8房1廳8衛,,有,有,商業用,
士林區葫東街１７巷１４號,,112/09/12,320,46.73,6.85,100.00%,公寓(5樓含以下無電梯),57,二層/二層,房地(土地+建物),土:1 建:1車:0,3房2廳1衛,,無,無,住家用,內梯增建頂樓加蓋;其他增建;
士林區承德路四段１１６號三樓之９,,112/09/12,1300,87.67,14.83,76.76%,華廈(10層含以下有電梯),46,三層/七層,房地(土地+建物),土:1 建:1車:0,2房1廳1衛,,有,有,住家用,陽台外推;
士林區福國路１９之４號十樓,紫金,112/09/11,2056,93,22.11,75.86%,住宅大樓(11層含以上有電梯),45,十層/十一層,房地(土地+建物),土:1 建:1車:0,2房1廳1衛,,有,有,住家用,陽台外推;其他增建;
士林區中山北路七段８７號八樓,國泰天母,112/09/11,19500,130.04,199.15,57.67%,住宅大樓(11層含以上有電梯),9,八層/十九層,房地(土地+建物)+車位,土:1 建:1車:6,5房2廳6衛,"1,800",有,有,住家用,
士林區社正路４５巷１０號四樓,,112/09/11,1470,46.24,31.79,91.34%,公寓(5樓含以下無電梯),43,四層/五層,房地(土地+建物),土:3 建:1車:0,3房2廳2衛,,無,無,住家用,陽台外推;
士林區延平北路六段２５８巷３６弄１２號四樓,,112/09/10,790,43.99,17.96,93.48%,公寓(5樓含以下無電梯),43,四層/五層,房地(土地+建物),土:1 建:1車:0,2房2廳1衛,,無,無,住家用,
士林區中山北路六段３５巷１０號十二樓,筑丰天母,112/09/09,3430,120.91,35.82,52.72%,住宅大樓(11層含以上有電梯),7,十二層/二十一層,房地(土地+建物)+車位,土:1 建:1車:1,2房2廳1衛,300,有,有,住家用,
士林區延平北路五段３２號五樓,山河悅,112/09/09,2175,52.41,41.5,54.20%,住宅大樓(11層含以上有電梯),11,五層/十三層,房地(土地+建物),土:3 建:1車:0,3房2廳2衛,,有,有,住家用,陽台外推;
士林區中山北路六段２３６巷９號十一樓之２,天母靜好,112/09/09,4220,115.59,46.24,56.78%,住宅大樓(11層含以上有電梯),1,十一層/十四層,房地(土地+建物)+車位,土:1 建:1車:1,3房2廳1衛,300,有,有,住家用,
士林區福林路１００巷７７弄１３號七樓,士林官邸,112/09/09,4150,91.95,51.41,70.02%,華廈(10層含以下有電梯),14,七層/七層,房地(土地+建物)+車位,土:1 建:1車:1,3房2廳2衛,250,有,有,住家用,其他增建;
士林區中山北路七段１４１巷８之２號二樓,,112/09/09,2280,64.14,35.55,82.89%,公寓(5樓含以下無電梯),45,二層/五層,房地(土地+建物),土:1 建:1車:0,4房2廳2衛,,無,無,住家用,陽台外推;其他增建;
士林區芝玉路二段２０巷３號三樓,,112/09/08,2300,60.5,38.02,81.83%,公寓(5樓含以下無電梯),44,三層/五層,房地(土地+建物),土:2 建:1車:0,3房2廳2衛,,無,無,住家用,其他增建;
士林區承德路四段８５號四樓,藏峰,112/09/07,5850,76.81,86.13,63.14%,住宅大樓(11層含以上有電梯),21,四層/十四層,房地(土地+建物)+車位,土:2 建:1車:1,3房2廳3衛,300,有,有,住家用,陽台外推;其他增建;
士林區天母北路５６號十八樓,聯上天母,112/09/07,6488,115.81,65.6,53.37%,住宅大樓(11層含以上有電梯),3,十八層/二十四層,房地(土地+建物)+車位,土:1 建:1車:1,2房2廳2衛,250,有,有,住家用,
士林區福港街１９巷６號,,112/09/07,2200,84.72,25.97,100.00%,公寓(5樓含以下無電梯),53,"一層,騎樓/四層",房地(土地+建物),土:1 建:1車:0,4房2廳1衛,,無,無,住商用,其他增建;
士林區基河路１２８號九樓之８,基河之星,112/09/07,596,70.04,8.51,56.59%,住宅大樓(11層含以上有電梯),27,九層/十一層,房地(土地+建物),土:1 建:1車:0,1房1廳1衛,,有,有,住家用,
士林區格致路２０３號三樓之５,大衛營,112/09/07,530,24.18,21.92,30.09%,華廈(10層含以下有電梯),27,三層/十層,房地(土地+建物)+車位,土:1 建:1車:1,1房1廳1衛,80,有,有,住家用,陽台外推;夾層;
士林區中山北路六段２３６巷７號十一樓之３,天母靜好,112/09/06,3409,119.53,38.42,55.41%,住宅大樓(11層含以上有電梯),1,十一層/十四層,房地(土地+建物)+車位,土:1 建:1車:1,2房2廳1衛,290,有,有,住家用,
士林區忠誠路一段１６巷２２弄４號,,112/09/06,10500,0,56.95,,透天厝,51,全/二層,房地(土地+建物),土:1 建:1車:0,4房4廳4衛,,有,無,住家用,頂樓加蓋;其他增建;
士林區通河西街二段２３２之５號,,112/09/06,2300,0,58.15,,透天厝,47,全/一層,房地(土地+建物),土:1 建:1車:0,1衛,,無,無,工業用,其他增建;
士林區通河西街二段２３２之５號二樓,,112/09/06,1300,28.01,46.42,90.93%,公寓(5樓含以下無電梯),40,二層/四層,房地(土地+建物),土:1 建:1車:0,1衛,,無,無,工業用,陽台外推;其他增建;
士林區中山北路六段１８６巷２５弄６號二樓,,112/09/05,2106,62.6,33.64,88.52%,公寓(5樓含以下無電梯),38,二層/五層,房地(土地+建物),土:1 建:1車:0,3房2廳2衛,,有,無,住家用,
士林區延平北路五段１６３巷３５弄５０號,,112/09/05,1188,0,25.86,,透天厝,57,全/二層,房地(土地+建物),土:1 建:1車:0,3房3廳2衛,,無,無,住家用,頂樓加蓋;其他增建;
士林區中山北路五段６９１號四樓,中山華廈,112/09/05,9088,64.01,141.98,83.85%,住宅大樓(11層含以上有電梯),37,四層/十二層,房地(土地+建物),土:1 建:2車:0,9房2廳2衛,,有,有,商業用,陽台外推;
士林區基河路１２８號十一樓之５,基河之星,112/09/04,570,70.21,8.12,56.93%,住宅大樓(11層含以上有電梯),27,十一層/十一層,房地(土地+建物),土:1 建:1車:0,1房1廳1衛,,有,有,住家用,陽台外推;
士林區中正路２０１巷２５號,,112/09/04,3500,135.67,25.8,100.00%,公寓(5樓含以下無電梯),59,"一層,二層/二層",房地(土地+建物),土:1 建:1車:0,4房2廳3衛,,無,無,住家用,其他增建;
士林區基河路１６之２號三樓之１,圓山窗外,112/09/03,1818,134.93,13.47,54.85%,住宅大樓(11層含以上有電梯),19,三層/十一層,房地(土地+建物),土:1 建:1車:0,1房1廳1衛,,有,有,辦公用,夾層;其他增建;
士林區中山北路七段１９０巷８之４號,陽德大廈,112/09/03,1888,57.47,32.85,75.11%,華廈(10層含以下有電梯),42,一層/七層,房地(土地+建物),土:1 建:1車:0,2房2廳1衛,,無,有,住家用,其他增建;
士林區中正路１０４巷１弄２之１號五樓之１,,112/09/03,1550,95.88,16.17,40.68%,華廈(10層含以下有電梯),28,"五層,電梯樓梯間/五層",房地(土地+建物),土:1 建:1車:0,1房1廳1衛,,有,有,住家用,陽台外推;其他增建;
士林區葫蘆街３０巷１８號三樓,,112/09/03,900,47.3,19.03,83.28%,公寓(5樓含以下無電梯),52,三層/四層,房地(土地+建物),土:2 建:1車:0,2房2廳1衛,,無,無,住家用,鐵鋁窗增建其他增建;
士林區天母北路２之１號五樓,齊德華廈,112/09/02,1800,55.98,32.16,87.51%,華廈(10層含以下有電梯),46,五層/七層,房地(土地+建物),土:2 建:1車:0,3房2廳2衛,,有,有,住家用,陽台外推;
士林區通河東街一段１３０巷３號四樓,,112/09/02,1768,54.05,32.71,86.10%,公寓(5樓含以下無電梯),46,四層/四層,房地(土地+建物),土:1 建:1車:0,2房2廳2衛,,無,無,住家用,陽台外推;頂樓加蓋;其他增建;
士林區中山北路五段７０４巷１５號四樓,,112/09/02,2050,58.43,35.08,82.74%,公寓(5樓含以下無電梯),45,四層/五層,房地(土地+建物),土:1 建:1車:0,3房2廳2衛,,無,無,住家用,
士林區中山北路六段２３６巷９號七樓之１,天母靜好,112/09/02,4583,111.18,50.67,57.02%,住宅大樓(11層含以上有電梯),1,七層/十四層,房地(土地+建物)+車位,土:1 建:1車:1,3房2廳2衛,320,有,有,住家用,
士林區延平北路六段１１６巷６０號二樓,,112/09/01,1200,25.73,46.64,80.76%,公寓(5樓含以下無電梯),35,二層/五層,房地(土地+建物),土:1 建:1車:0,5房2廳2衛,,無,無,住家用,親友、員工、共有人或其他特殊關係間之交易;
士林區基河路１７號八樓,圓山1號院,112/09/01,6800,78.95,86.13,57.38%,住宅大樓(11層含以上有電梯),8,八層/二十一層,房地(土地+建物),土:1 建:1車:0,,,有,有,住家用,
士林區中山北路六段２３６巷９號九樓之２,天母靜好,112/09/01,4188,113.12,46.26,56.76%,住宅大樓(11層含以上有電梯),1,九層/十四層,房地(土地+建物)+車位,土:1 建:1車:1,3房2廳1衛,350,有,有,住家用,
士林區福壽街１５號,,112/09/01,3120,0,24.56,,透天厝,58,全/二層,房地(土地+建物),土:1 建:1車:0,4房2廳1衛,,無,無,住家用,頂樓加蓋;
士林區德行東路３５８巷８弄５號四樓,,112/09/01,2136,41.23,51.81,80.05%,公寓(5樓含以下無電梯),35,"四層,五層,夾層/五層",房地(土地+建物)+車位,土:1 建:1車:1,4房2廳3衛,200,有,無,住家用,陽台外推;頂樓加蓋;夾層;
士林區中山北路六段２７７巷１８弄１１號四樓,,112/09/01,1480,36.66,40.37,85.40%,公寓(5樓含以下無電梯),42,四層/五層,房地(土地+建物),土:1 建:1車:0,3房2廳2衛,,無,無,住家用,親友、員工、共有人或其他特殊關係間之交易;
士林區芝玉路二段２０巷１０號地下,,112/08/31,700,21.19,33.03,99.40%,公寓(5樓含以下無電梯),40,地下層/五層,房地(土地+建物),土:1 建:1車:0,2房2廳1衛,,無,無,其他,
士林區中山北路六段１７２巷６號五樓,,112/08/31,2350,48.06,48.9,83.96%,公寓(5樓含以下無電梯),45,五層/五層,房地(土地+建物),土:1 建:1車:0,7房7衛,,無,無,住家用,陽台外推;其他增建;含租約;
士林區忠誠路一段１６巷２１之１號三樓,,112/08/31,3290,78,42.18,82.70%,公寓(5樓含以下無電梯),42,三層/五層,房地(土地+建物),土:1 建:1車:0,4房2廳2衛,,無,無,住家用,
士林區承德路四段２９２巷１１弄８號四樓,,112/08/31,1750,48.45,36.12,79.90%,公寓(5樓含以下無電梯),39,四層/五層,房地(土地+建物),土:2 建:1車:0,3房1廳2衛,,無,無,住家用,親友交易
士林區忠誠路一段１００巷１５弄１５號,陽明新城,112/08/31,3367,82.74,40.69,75.61%,住宅大樓(11層含以上有電梯),35,一層/十五層,房地(土地+建物),土:5 建:1車:0,3房2廳2衛,,有,有,住家用,其他增建;
士林區福港街２６２巷１６號四樓,,112/08/30,1630,53.3,30.58,84.26%,公寓(5樓含以下無電梯),44,四層/五層,房地(土地+建物),土:2 建:1車:0,3房2廳2衛,,無,無,住家用,陽台外推;其他增建;
士林區大南路３２５號四樓,新天地,112/08/30,980,41.47,23.63,36.70%,住宅大樓(11層含以上有電梯),16,四層/十四層,房地(土地+建物)+車位,土:1 建:1車:1,1房1衛,,有,有,商業用,親友、員工、共有人或其他特殊關係間之交易;
士林區中山北路七段１４０巷９號六樓,嘉新天母華廈Ａ棟,112/08/29,2688,81.47,32.99,87.86%,華廈(10層含以下有電梯),39,六層/七層,房地(土地+建物),土:1 建:1車:0,3房2廳2衛,,有,有,住家用,其他增建;
士林區雙溪街１５６號三樓,,112/08/29,1445,52.5,27.52,84.22%,公寓(5樓含以下無電梯),45,三層/五層,房地(土地+建物),土:3 建:1車:0,3房2廳1衛,,無,無,住家用,
士林區中社路二段１５號四樓,,112/08/29,1200,38.24,31.38,100.00%,公寓(5樓含以下無電梯),48,四層/四層,房地(土地+建物),土:1 建:1車:0,4房2廳2衛,,無,無,住家用,其他增建;
士林區天母西路２２巷１４號三樓,,112/08/29,3125,59.61,52.43,77.23%,華廈(10層含以下有電梯),43,三層/六層,房地(土地+建物),土:1 建:1車:0,3房2廳2衛,,有,有,住家用,含使用權車位一個陽台外推;其他增建;
士林區社中街２３１巷２１號三樓,社園,112/08/29,1800,37.04,48.59,75.61%,公寓(5樓含以下無電梯),45,三層/四層,房地(土地+建物),土:1 建:1車:0,7房7衛,,無,無,住家用,其他增建;
士林區芝玉路一段２２２號十一樓之１,遠雄天母,112/08/29,4116,69.61,59.13,57.58%,住宅大樓(11層含以上有電梯),15,十一層/十八層,房地(土地+建物)+車位,土:1 建:1車:1,3房2廳2衛,,有,有,住家用,
士林區福華路１４７巷３１號二樓,,112/08/29,1550,63.06,24.58,100.00%,公寓(5樓含以下無電梯),51,二層/四層,房地(土地+建物),土:1 建:1車:0,3房2廳1衛,,有,無,住家用,
士林區忠誠路一段７９號七樓,士林御花園,112/08/29,2700,59.32,45.51,79.92%,華廈(10層含以下有電梯),39,七層/七層,房地(土地+建物),土:1 建:1車:0,3房1廳2衛,,有,有,住家用,
士林區芝玉路一段１９７巷９號二樓,天母之御,112/08/28,5800,82.02,88.67,59.06%,住宅大樓(11層含以上有電梯),12,二層/十四層,房地(土地+建物)+車位,土:1 建:1車:3,3房2廳2衛,700,有,有,住家用,坡道平面車位價格為300萬元；2個坡道機械車位為一組子母車位，車位價格為一組400萬元，不拆分單一車位價格。
士林區承德路四段８８號十二樓之２,圓山ART,112/08/28,2838,98.75,35,60.38%,住宅大樓(11層含以上有電梯),1,十二層/十五層,房地(土地+建物)+車位,土:1 建:1車:1,2房2廳1衛,220,有,有,住家用,
士林區延平北路六段３６８巷７號,,112/08/28,1005,51.23,19.62,88.50%,公寓(5樓含以下無電梯),44,一層/四層,房地(土地+建物),土:3 建:1車:0,2房1廳1衛,,無,無,住家用,其他增建;
士林區文林路５８７巷１００號二樓,,112/08/28,1950,52.76,36.96,89.47%,公寓(5樓含以下無電梯),43,二層/五層,房地(土地+建物),土:1 建:1車:0,3房2廳2衛,,無,無,住家用,陽台外推;其他增建;
士林區延平北路六段３９２巷６號二樓之７,,112/08/28,706,63.18,11.17,62.05%,住宅大樓(11層含以上有電梯),18,二層/十一層,房地(土地+建物),土:1 建:1車:0,1房1廳1衛,,有,有,住家用,
士林區中山北路六段２３６巷７號十二樓之１,天母靜好,112/08/28,3568,118.25,39.97,56.47%,住宅大樓(11層含以上有電梯),1,十二層/十四層,房地(土地+建物)+車位,土:1 建:1車:1,2房2廳1衛,300,有,有,住家用,其他增建;
士林區天玉街１１１號三樓,,112/08/28,350,17.24,20.3,83.15%,華廈(10層含以下有電梯),37,三層/七層,房地(土地+建物),土:1 建:1車:0,4房2廳2衛,,無,有,住家用,本案為二親等以內親屬間買賣案件親友、員工、共有人或其他特殊關係間之交易;
士林區承德路四段４０巷５０號五樓之４,劍潭整宅B區,112/08/28,485,45.04,10.77,91.01%,公寓(5樓含以下無電梯),53,四層/五層,房地(土地+建物),土:1 建:1車:0,1房1廳1衛,,有,無,住家用,陽台外推;其他增建;
士林區延平北路五段２７６巷１２號,,112/08/28,680,44.09,15.42,100.00%,公寓(5樓含以下無電梯),51,三層/四層,房地(土地+建物),土:1 建:1車:0,2房1廳1衛,,無,無,住家用,
士林區社中街１５２巷３０號四樓之７,葫蘆奇蹟,112/08/27,1060,44.54,23.8,37.14%,華廈(10層含以下有電梯),28,四層/七層,房地(土地+建物)+車位,土:1 建:1車:2,1房1廳1衛,,有,有,住家用,
士林區天玉街３９巷８號,天母天玉,112/08/27,4850,58.15,83.41,45.31%,華廈(10層含以下有電梯),37,一層/七層,房地(土地+建物),土:3 建:1車:0,5房2廳3衛,,無,有,商業用,其他增建;
士林區克強路１０巷９弄２５號,,112/08/27,2980,99.31,30.01,83.71%,公寓(5樓含以下無電梯),46,一層/四層,房地(土地+建物),土:2 建:1車:0,3房4廳2衛,,無,無,住家用,其他增建;
士林區中山北路七段２１９巷８號四樓之１５,富春居,112/08/27,2050,62.09,33.01,65.00%,華廈(10層含以下有電梯),34,四層/七層,房地(土地+建物),土:1 建:2車:0,2房2廳1衛,,有,有,住家用,二戶打通合併使用
士林區忠誠路二段１５４巷４號五樓,,112/08/26,2650,66.5,39.85,74.48%,公寓(5樓含以下無電梯),42,五層/五層,房地(土地+建物),土:1 建:1車:0,3房2廳2衛,,無,無,住家用,陽台外推;頂樓加蓋;其他增建;
士林區華聲街３０號二樓,,112/08/26,1515,63.48,23.86,76.77%,公寓(5樓含以下無電梯),44,二層/五層,房地(土地+建物),土:1 建:1車:0,3房2廳2衛,,無,無,住家用,陽台外推;其他增建;
士林區承德路四段６巷４８號四樓,,112/08/26,1626,58.47,27.81,85.68%,公寓(5樓含以下無電梯),49,四層/四層,房地(土地+建物),土:1 建:1車:0,2房2廳1衛,,無,無,住家用,其他增建;
士林區德行東路２５８號八樓之１,日日好日,112/08/25,5244,103.78,70.3,58.33%,住宅大樓(11層含以上有電梯),1,八層/十四層,房地(土地+建物)+車位,土:1 建:2車:2,,500,有,有,住家用,
士林區葫東街５號,,112/08/25,1488,75.02,19.83,100.00%,公寓(5樓含以下無電梯),50,"一層,騎樓/四層",房地(土地+建物),土:2 建:1車:0,1房2廳1衛,,無,無,住家用,其他增建;
士林區基河路３５０之１號,宏泰陽明,112/08/25,2825,81.76,34.55,67.48%,華廈(10層含以下有電梯),26,一層/八層,房地(土地+建物)+車位,土:1 建:1車:1,1房1廳1衛,,有,有,其他,夾層;其他增建;
士林區中山北路七段１５４巷７號六樓之１,,112/08/25,2070,67.49,30.67,61.54%,華廈(10層含以下有電梯),46,六層/八層,房地(土地+建物),土:4 建:1車:0,3房2廳2衛,,無,有,住家用,陽台外推;其他增建;
士林區光華路２６巷５號地下室,豪宮大廈,112/08/25,880,11.45,76.84,89.10%,華廈(10層含以下有電梯),45,地下層/七層,房地(土地+建物),土:2 建:1車:0,12房12衛,,無,有,其他,
士林區承德路四段３５號十四樓,圓山金城,112/08/25,3158,63.51,49.73,57.43%,住宅大樓(11層含以上有電梯),27,十四層/十六層,房地(土地+建物)+車位,土:1 建:1車:1,3房2廳3衛,,有,有,住家用,其他增建;
士林區中山北路六段２５２巷１６號八樓,,112/08/25,3300,73.58,44.85,89.91%,華廈(10層含以下有電梯),30,八層/八層,房地(土地+建物)+車位,土:1 建:1車:1,2房2廳2衛,,有,有,住家用,陽台外推;
士林區至善路二段６５號一樓,,112/08/23,635,73.58,8.63,100.00%,公寓(5樓含以下無電梯),47,"一層,平台/三層",房地(土地+建物),土:10 建:1車:0,6房5廳5衛,,無,無,住家用,
士林區福德路３１巷１１號六樓之１１,小貴馥,112/08/22,1288,99.95,12.89,49.39%,華廈(10層含以下有電梯),12,六層/八層,房地(土地+建物),土:1 建:1車:0,1房1廳1衛,,有,有,住家用,夾層;其他增建;
士林區小西街４２號,,112/08/22,1628,58.28,27.94,59.11%,公寓(5樓含以下無電梯),40,一層/五層,房地(土地+建物),土:1 建:1車:0,2房2廳1衛,,無,無,住家用,平台、空地加蓋其他增建;
士林區中山北路六段１５７巷１３號八樓之１,天母樂活,112/08/22,1900,92.87,20.46,58.94%,住宅大樓(11層含以上有電梯),15,八層/十五層,房地(土地+建物),土:1 建:1車:0,2房1廳1衛,,有,有,商業用,
士林區承德路四段２９０號十二樓,金花園,112/08/22,2500,68.92,36.28,70.40%,住宅大樓(11層含以上有電梯),37,十二層/十二層,房地(土地+建物),土:1 建:1車:0,3房4廳3衛,,有,有,住家用,陽台外推;頂樓加蓋;其他增建;
士林區士東路２１０號七樓,家居雲邸,112/08/22,5100,108.44,53.28,60.59%,住宅大樓(11層含以上有電梯),,七層/十九層,房地(土地+建物)+車位,土:1 建:1車:1,3房2廳2衛,320,有,有,住家用,預售屋、或土地及建物分件登記案件;
士林區中山北路七段１１４巷２號三樓,,112/08/22,1058,66.43,15.93,87.26%,公寓(5樓含以下無電梯),46,三層/四層,房地(土地+建物),土:1 建:1車:0,3房2廳2衛,,無,無,住家用,
士林區文林路４２１巷２４號四樓,,112/08/22,1050,36.02,29.15,100.00%,公寓(5樓含以下無電梯),47,"四層,陽臺/四層",房地(土地+建物),土:1 建:1車:0,3房1廳2衛,,無,無,住家用,親友、員工、共有人或其他特殊關係間之交易;
士林區福華路１５３巷１號三樓,,112/08/21,760,41.55,18.29,100.00%,公寓(5樓含以下無電梯),51,三層/四層,房地(土地+建物),土:1 建:1車:0,3房2廳1衛,,無,無,住家用,親友、員工、共有人或其他特殊關係間之交易;
士林區社正路１７巷２號五樓之１,幸福一町目,112/08/21,1235,61.62,20.04,49.59%,華廈(10層含以下有電梯),8,五層/九層,房地(土地+建物),土:1 建:1車:0,2房2廳1衛,,有,有,住家用,
士林區福華路８號,隨河,112/08/21,3300,77.04,42.83,51.66%,華廈(10層含以下有電梯),5,一層/九層,房地(土地+建物)+車位,土:1 建:1車:1,3房2廳2衛,250,有,有,住家用,
士林區天母西路１３巷９號七樓,松園富堡,112/08/21,4020,71.6,56.14,85.85%,華廈(10層含以下有電梯),39,七層/七層,房地(土地+建物)+車位,土:1 建:1車:1,4房2廳3衛,,有,有,住家用,陽台外推;頂樓加蓋;其他增建;
士林區忠誠路一段１７１巷６號八樓,蘭雅新城,112/08/20,3250,83.95,38.71,87.29%,華廈(10層含以下有電梯),31,八層/十層,房地(土地+建物),土:1 建:1車:0,3房2廳2衛,,有,有,住家用,陽台加蓋鐵窗、建物向外加蓋鐵窗。其他增建;
士林區中山北路六段２３６巷９號六樓,天母靜好,112/08/20,3198,109.13,38.79,54.69%,住宅大樓(11層含以上有電梯),1,六層/十四層,房地(土地+建物)+車位,土:1 建:1車:1,2房2廳1衛,310,有,有,住家用,
士林區福林路２５１巷１號四樓,仁鄰,112/08/19,2120,66.13,32.06,67.55%,華廈(10層含以下有電梯),38,四層/七層,房地(土地+建物),土:1 建:1車:0,3房2廳2衛,,有,有,住家用,
士林區文林路５５６號五樓之２,文林苑,112/08/19,2798,71.34,39.22,64.04%,住宅大樓(11層含以上有電梯),7,五層/十五層,房地(土地+建物)+車位,土:1 建:1車:1,2房2廳1衛,,有,有,住家用,陽台外推;
士林區中山北路七段１５９巷１０號七樓,,112/08/19,2788,50.01,55.74,76.45%,華廈(10層含以下有電梯),39,七層/七層,房地(土地+建物),土:1 建:1車:0,4房2廳3衛,,無,有,住家用,陽台外推;頂樓加蓋;其他增建;
士林區士東路８９巷１５之２號,,112/08/19,3268,90.08,36.28,90.94%,公寓(5樓含以下無電梯),38,一層/五層,房地(土地+建物),土:1 建:1車:0,3房2廳2衛,,無,無,住家用,
士林區基河路１６之２號四樓之５,圓山窗外,112/08/18,1508,139.99,10.77,59.06%,住宅大樓(11層含以上有電梯),19,四層/十一層,房地(土地+建物),土:1 建:1車:0,1房2廳1衛,,有,有,辦公用,夾層;其他增建;
士林區德行東路２５８號五樓之１,日日好日,112/08/18,5800,113.95,70.22,58.44%,住宅大樓(11層含以上有電梯),1,五層/十四層,房地(土地+建物)+車位,土:1 建:2車:2,3房2廳2衛,600,有,有,住家用,含裝潢費;
士林區大西路７４巷１２號,,112/08/18,899.3,71.98,12.49,100.00%,公寓(5樓含以下無電梯),51,一層/四層,房地(土地+建物),土:1 建:1車:0,3房2廳1衛,,無,無,住商用,二等親間買賣親友、員工、共有人或其他特殊關係間之交易;
士林區德行東路２５８號十四樓之１,日日好日,112/08/16,4470,109.08,50.98,58.03%,住宅大樓(11層含以上有電梯),1,十四層/十四層,房地(土地+建物)+車位,土:1 建:2車:1,,250,有,有,住家用,
士林區小西街４２號五樓,,112/08/15,880,50.78,17.33,81.39%,公寓(5樓含以下無電梯),40,五層/五層,房地(土地+建物),土:1 建:1車:0,3房2廳1衛,,無,無,住家用,陽台外推;
士林區承德路四段２７２號三樓,宏仁大廈,112/08/15,2650,53.84,49.22,71.67%,華廈(10層含以下有電梯),39,三層/八層,房地(土地+建物),土:1 建:1車:0,4房2廳2衛,,有,有,住家用,隔間陽台外推;其他增建;
士林區永平街３７巷１號三樓,,112/08/15,1895,43.01,44.06,80.57%,公寓(5樓含以下無電梯),34,三層/五層,房地(土地+建物),土:1 建:1車:0,3房2廳2衛,,無,無,住家用,陽台外推;其他增建;
士林區中山北路七段８１巷１６弄２０號九樓,天母上苑,112/08/15,1857,99.69,18.63,62.78%,住宅大樓(11層含以上有電梯),,九層/十二層,房地(土地+建物),土:1 建:1車:0,1房1廳1衛,,有,有,住家用,預售屋、或土地及建物分件登記案件;
士林區重慶北路四段１７２號,,112/08/15,1168,41.67,28.03,100.00%,公寓(5樓含以下無電梯),54,二層/四層,房地(土地+建物),土:1 建:1車:0,2房1廳1衛,,無,無,住商用,親友、員工、共有人或其他特殊關係間之交易;
士林區中山北路七段１４０巷７號,嘉新天母華廈Ａ棟,112/08/14,3360,52.57,63.91,47.49%,華廈(10層含以下有電梯),38,一層/七層,房地(土地+建物),土:1 建:1車:0,6房3廳2衛,,有,有,住家用,其他增建;
士林區芝玉路一段２１０之１號五樓,,112/08/14,1762,49.51,35.59,77.12%,公寓(5樓含以下無電梯),39,五層/五層,房地(土地+建物),土:1 建:1車:0,3房2廳2衛,,無,無,住家用,陽台外推;頂樓加蓋;
士林區大南路３２５號十樓之３,新天地,112/08/14,838,65.6,12.77,58.42%,住宅大樓(11層含以上有電梯),16,十層/十四層,房地(土地+建物),土:1 建:1車:0,1房1廳1衛,,有,有,商業用,
士林區天母西路２２巷１６號四樓,,112/08/14,3100,59.2,52.36,77.78%,華廈(10層含以下有電梯),43,四層/六層,房地(土地+建物),土:1 建:1車:0,3房2廳2衛,,有,有,住家用,本案含使用權車位一個其他增建;
士林區通河西街二段１１８號三樓,,112/08/14,1180,50.07,23.57,87.31%,公寓(5樓含以下無電梯),45,三層/四層,房地(土地+建物),土:1 建:1車:0,2房2廳1衛,,無,無,住家用,其他增建;
士林區中山北路五段７２７號五樓,,112/08/14,3338,50.75,65.78,84.23%,住宅大樓(11層含以上有電梯),30,五層/十三層,房地(土地+建物)+車位,土:1 建:1車:1,4房2廳2衛,,有,有,住家用,陽台外推;
士林區中山北路七段１４巷５弄１１之１號七樓,天母開發,112/08/14,1500,68.33,21.95,78.97%,華廈(10層含以下有電梯),38,七層/七層,房地(土地+建物),土:1 建:1車:0,3房2廳2衛,,有,有,住家用,親友、員工、共有人或其他特殊關係間之交易;
士林區中山北路六段２３６巷９號五樓,天母靜好,112/08/14,3092,105.89,38.79,54.69%,住宅大樓(11層含以上有電梯),1,五層/十四層,房地(土地+建物)+車位,土:1 建:1車:1,2房2廳1衛,290,有,有,住家用,
士林區士東路２５巷８弄７號二樓,,112/08/14,2215,54.31,40.78,82.95%,公寓(5樓含以下無電梯),39,二層/五層,房地(土地+建物),土:1 建:1車:0,4房1廳2衛,,無,無,住家用,
士林區天母北路５６號十七樓,聯上天母,112/08/13,6188,107.78,77.17,53.53%,住宅大樓(11層含以上有電梯),3,十七層/二十四層,房地(土地+建物)+車位,土:1 建:1車:2,2房2廳2衛,400,有,有,住家用,
士林區文昌路１５４巷８號,,112/08/13,2805,0,30.46,,透天厝,56,全/二層,房地(土地+建物),土:1 建:1車:0,4房2廳2衛,,無,無,住家用,其他增建;
士林區中社路二段２０巷６號,,112/08/13,1500,47.61,31.51,100.00%,公寓(5樓含以下無電梯),47,一層/二層,房地(土地+建物),土:1 建:1車:0,3房2廳2衛,,無,無,住家用,陽台外推;
士林區德行東路３３８巷３５號六樓,陽明松境,112/08/13,3500,68,51.47,70.94%,住宅大樓(11層含以上有電梯),33,六層/十二層,房地(土地+建物),土:1 建:1車:0,4房2廳2衛,,有,有,住家用,
士林區中山北路六段４７號九樓,國揚天母,112/08/13,5613,101.92,69.55,57.65%,住宅大樓(11層含以上有電梯),11,九層/十三層,房地(土地+建物)+車位,土:1 建:1車:2,3房2廳2衛,600,有,有,住家用,
士林區中山北路七段１４１巷２３號四樓,君御,112/08/12,4450,85.13,53.03,57.92%,華廈(10層含以下有電梯),1,四層/八層,房地(土地+建物)+車位,土:1 建:1車:1,3房2廳2衛,200,有,有,住家用,
士林區重慶北路四段４９巷１５弄１７號二樓,,112/08/12,1176,45.31,25.95,100.00%,公寓(5樓含以下無電梯),52,二層/四層,房地(土地+建物),土:1 建:1車:0,3房2廳1衛,,無,無,住家用,其他增建;
士林區中山北路七段８１巷３０號五樓之１,名流大廈,112/08/12,1500,66.65,22.51,80.22%,華廈(10層含以下有電梯),44,五層/七層,房地(土地+建物),土:1 建:1車:0,2房1廳1衛,,有,有,住家用,陽台外推;
士林區基河路２５１巷３２號六樓,隱秀,112/08/12,4300,67.85,63.37,60.29%,華廈(10層含以下有電梯),9,六層/七層,房地(土地+建物)+車位,土:1 建:1車:1,3房2廳2衛,,有,有,住家用,
士林區後街２１巷１９號五樓之１,IF HOUSE,112/08/11,1450,83.22,17.42,55.61%,華廈(10層含以下有電梯),9,五層/七層,房地(土地+建物),土:1 建:1車:0,2房1廳1衛,,有,有,住家用,夾層;
士林區德行東路２５８號十二樓之１,日日好日,112/08/11,4810,106.19,54.86,58.47%,住宅大樓(11層含以上有電梯),1,十二層/十四層,房地(土地+建物)+車位,土:1 建:2車:1,3房2廳2衛,290,有,有,住家用,含裝潢費;
士林區社子街１２５巷１６號三樓,,112/08/11,930,43.66,21.3,100.00%,公寓(5樓含以下無電梯),52,三層/三層,房地(土地+建物),土:1 建:1車:0,3房1廳1衛,,無,無,住家用,承買人為承租人頂樓加蓋;
士林區承德路四段８０巷５０號四樓,,112/08/11,2288,53.28,42.94,82.85%,公寓(5樓含以下無電梯),38,四層/五層,房地(土地+建物),土:2 建:1車:0,3房2廳2衛,,無,無,住家用,陽台外推;其他增建;
士林區福德路５７巷１３號,,112/08/11,2800,0,34.71,,透天厝,60,全/二層,房地(土地+建物),土:2 建:1車:0,5房2廳2衛,,無,無,住家用,其他增建;
士林區仰德大道一段９１巷７弄７號,,112/08/11,1150,0,15.36,,透天厝,61,全/一層,房地(土地+建物)+車位,土:1 建:1車:1,3房2廳2衛,,無,無,住家用,
士林區前港街２０號四樓,,112/08/11,1380,59.99,23.01,100.00%,公寓(5樓含以下無電梯),50,四層/四層,房地(土地+建物),土:1 建:1車:0,5房2廳2衛,,無,無,住家用,頂樓加蓋;
士林區雨農路６１號五樓,,112/08/10,1650,47.2,34.96,80.51%,公寓(5樓含以下無電梯),36,五層/五層,房地(土地+建物),土:1 建:1車:0,3房2廳2衛,,無,無,住家用,本案確依土地法第34條之1第1項至第3項規定辦理頂樓加蓋;其他增建;
士林區忠誠路一段１２號六樓,家居雲鼎,112/08/10,12000,111.65,142.01,56.78%,住宅大樓(11層含以上有電梯),18,六層/十三層,房地(土地+建物)+車位,土:2 建:1車:3,4房2廳4衛,900,有,有,住家用,陽台外推;其他增建;
士林區文林路５９４巷１２號四樓,,112/08/09,1630,50.94,32,74.78%,公寓(5樓含以下無電梯),41,四層/五層,房地(土地+建物),土:1 建:1車:0,5房5衛,,無,無,住家用,
士林區忠誠路一段１６巷２３號三樓之５,生活爵士,112/08/09,888,98.57,9.01,57.22%,華廈(10層含以下有電梯),28,三層/五層,房地(土地+建物),土:2 建:1車:0,1房1衛,,有,有,住家用,陽台外推;
士林區大南路４００號四樓,,112/08/09,1850,57.94,31.93,93.06%,公寓(5樓含以下無電梯),40,四層/五層,房地(土地+建物),土:1 建:1車:0,3房2廳2衛,,無,無,住家用,陽台加窗
士林區中山北路五段８１１巷３１弄８號一樓,,112/08/09,254.3,31.63,8.04,90.18%,公寓(5樓含以下無電梯),46,一層/四層,房地(土地+建物),土:1 建:1車:0,3房1廳1衛,,無,無,住家用,親友、員工、共有人或其他特殊關係間之交易;
士林區前港街６８巷３號五樓,,112/08/09,1540,54.37,28.32,95.35%,公寓(5樓含以下無電梯),43,五層/五層,房地(土地+建物),土:1 建:1車:0,3房2廳2衛,,無,無,住家用,依土地法34-1 陽台外推頂樓加蓋頂樓加蓋;其他增建;
士林區劍潭路１２號十樓之６,圓山凡登,112/08/08,2200,69.07,31.85,35.20%,住宅大樓(11層含以上有電梯),15,十層/十四層,房地(土地+建物)+車位,土:2 建:1車:1,1房1廳1衛,,有,有,住家用,
士林區忠誠路一段１６巷２２弄８號,,112/08/08,12088,0,57.56,,透天厝,51,全/二層,房地(土地+建物),土:1 建:2車:0,2房1廳3衛,,無,無,住家用,頂樓加蓋;其他增建;
士林區士東路４６巷２號二樓,,112/08/08,1316.6,65.7,20.04,88.91%,公寓(5樓含以下無電梯),30,二層/五層,房地(土地+建物),土:1 建:1車:0,2房1衛,,無,無,住家用,陽台外推;其他增建;
士林區中山北路七段１１４巷６１弄１號六樓,,112/08/08,1880,42.63,44.1,65.27%,華廈(10層含以下有電梯),42,六層/七層,房地(土地+建物),土:1 建:1車:0,3房2廳2衛,,有,有,住家用,親友、員工、共有人或其他特殊關係間之交易;陽台外推;
士林區忠誠路一段１７１巷６號五樓,蘭雅新城,112/08/08,2360,60.96,38.71,87.29%,華廈(10層含以下有電梯),31,五層/十層,房地(土地+建物)+車位,土:1 建:1車:1,3房2廳2衛,,有,有,住家用,親友、員工、共有人或其他特殊關係間之交易;
士林區士東路８９巷２號四樓,,112/08/08,1700,52.15,32.6,88.19%,公寓(5樓含以下無電梯),45,四層/五層,房地(土地+建物),土:2 建:1車:0,3房2廳2衛,,無,無,住家用,親友、員工、共有人或其他特殊關係間之交易;
士林區忠誠路二段１７２巷２號,,112/08/08,18000,0,37.83,,透天厝,50,全/二層,房地(土地+建物),土:1 建:1車:0,,,無,無,住家用,
士林區文昌路２６號二樓,,112/08/08,1480,60.93,24.29,100.00%,公寓(5樓含以下無電梯),53,二層/四層,房地(土地+建物),土:1 建:1車:0,2房1廳1衛,,無,無,住家用,
士林區承德路四段３巷１９號三樓,,112/08/08,1003,50.05,20.04,100.00%,公寓(5樓含以下無電梯),,三層/三層,房地(土地+建物),土:2 建:1車:0,1房1衛,,無,無,,
士林區中山北路六段２９０巷１１弄１２號四樓,,112/08/07,2130,59.4,35.86,80.75%,公寓(5樓含以下無電梯),39,四層/五層,房地(土地+建物),土:1 建:1車:0,3房2廳1衛,,無,無,住家用,陽台外推;
士林區德行東路８１巷９號三樓,,112/08/07,1900,49.01,38.77,91.19%,公寓(5樓含以下無電梯),43,三層/五層,房地(土地+建物),土:1 建:1車:0,3房2廳2衛,,無,無,住家用,親友、員工、共有人或其他特殊關係間之交易;
士林區華齡街１８５巷１號五樓之５,國家園首領袖區,112/08/07,2230,63.52,35.11,47.65%,住宅大樓(11層含以上有電梯),15,五層/十五層,房地(土地+建物)+車位,土:1 建:1車:1,2房2廳1衛,,有,有,住家用,
士林區中山北路七段１４１巷２３號八樓,君御,112/08/06,5830,82.17,71.38,56.75%,華廈(10層含以下有電梯),1,"八層,見其他登記事項/八層",房地(土地+建物)+車位,土:1 建:1車:1,3房2廳3衛,220,有,有,住家用,
士林區天母東路６１巷３號二樓之５,村上春樹,112/08/06,1090,84.54,12.89,58.94%,華廈(10層含以下有電梯),28,二層/五層,房地(土地+建物),土:1 建:1車:0,2房1廳1衛,,無,有,住家用,陽台外推;夾層;
士林區中山北路七段２１３之１號五樓,天母中銀山莊,112/08/06,2250,58.56,38.42,75.74%,華廈(10層含以下有電梯),38,五層/七層,房地(土地+建物),土:1 建:1車:0,3房2廳2衛,,有,有,住家用,其他增建;
士林區德行東路１９０巷３１弄１３號四樓,,112/08/06,1788,53.33,33.53,81.54%,公寓(5樓含以下無電梯),40,四層/五層,房地(土地+建物),土:1 建:1車:0,3房2廳2衛,,無,無,住家用,
士林區承德路四段２９號二樓,圓山麗景,112/08/06,2668,57.09,46.73,54.47%,住宅大樓(11層含以上有電梯),23,二層/十一層,房地(土地+建物),土:2 建:1車:0,3房2廳2衛,,有,有,住家用,
士林區中山北路七段２１３之９號,天母中銀山莊,112/08/06,2338,60.35,38.74,73.62%,華廈(10層含以下有電梯),38,一層/十層,房地(土地+建物),土:1 建:1車:0,3房2廳2衛,,有,有,住家用,其他增建;
士林區基河路２１號十一樓,圓山1號院,112/08/05,8650,63.96,135.25,53.53%,住宅大樓(11層含以上有電梯),8,十一層/二十一層,房地(土地+建物)+車位,土:1 建:1車:3,2房2廳2衛,,有,有,住家用,
士林區延平北路六段３９２巷６號十一樓之３,,112/08/05,2700,60.32,48.31,47.91%,住宅大樓(11層含以上有電梯),17,十一層/十一層,房地(土地+建物)+車位,土:1 建:1車:1,2房1廳1衛,300,有,有,住家用,陽台外推;其他增建;
士林區芝玉路一段１９７巷４號四樓,,112/08/05,1240,49.45,25.07,85.55%,公寓(5樓含以下無電梯),38,四層/五層,房地(土地+建物),土:1 建:1車:0,2房2廳1衛,,無,無,住家用,
士林區雨聲街４２巷１６號四樓,,112/08/05,1700,54.98,30.92,89.26%,公寓(5樓含以下無電梯),46,四層/四層,房地(土地+建物),土:1 建:1車:0,3房2廳2衛,,無,無,住家用,鐵鋁窗其他增建;
士林區延平北路五段８３巷２８弄１７號三樓,,112/08/05,690,42.57,16.21,85.68%,公寓(5樓含以下無電梯),41,三層/五層,房地(土地+建物),土:1 建:1車:0,3房1廳2衛,,無,無,住家用,親友、員工、共有人或其他特殊關係間之交易;
士林區通河西街一段８５號,,112/08/04,1600,62.79,25.48,100.00%,公寓(5樓含以下無電梯),54,一層/四層,房地(土地+建物),土:1 建:1車:0,3房2廳2衛,,無,無,住家用,其他增建;
士林區承德路四段１２巷７６號二樓,,112/08/04,1920,50.57,37.96,86.01%,公寓(5樓含以下無電梯),52,二層/四層,房地(土地+建物),土:1 建:1車:0,3房2廳2衛,,無,無,住家用,
士林區中山北路六段２３６巷７號十三樓之２,天母靜好,112/08/04,4275,116.79,46.15,55.54%,住宅大樓(11層含以上有電梯),1,十三層/十四層,房地(土地+建物)+車位,土:1 建:1車:1,3房2廳1衛,325,有,有,住家用,
士林區建業路２８巷１２弄１號,,112/08/04,900,0,21.29,,透天厝,58,全/二層,房地(土地+建物),土:1 建:1車:0,4房2廳2衛,,無,無,住家用,其他增建;
士林區中山北路五段５２２號六樓,欣翰士林官邸,112/08/03,19315,97.02,237.34,50.23%,住宅大樓(11層含以上有電梯),8,六層/十二層,房地(土地+建物)+車位,土:1 建:1車:6,,"1,860",有,有,辦公用,毛胚屋;
士林區天母東路８巷２１號三樓之３,華琪,112/08/03,944,69.8,13.52,88.95%,華廈(10層含以下有電梯),47,"三層,陽台/七層",房地(土地+建物),土:2 建:1車:0,2房2廳1衛,,有,有,住家用,與台北市士林區天母東路8巷21號三樓之4建物打通使用合計二房二廳一衛
士林區天母東路８巷２１號三樓之４,華琪,112/08/03,944,69.8,13.52,88.95%,華廈(10層含以下有電梯),47,"三層,陽台/七層",房地(土地+建物),土:2 建:1車:0,2房2廳1衛,,有,有,住家用,與台北市士林區天母東路8巷21號3樓之3打通使用，合計二房二廳一衛
士林區中社路二段１８５巷６弄６號,,112/08/03,1570,0,31.27,,透天厝,48,全/二層,房地(土地+建物),土:1 建:1車:0,4房2廳2衛,,無,無,住家用,其他增建;
士林區德行東路３２０號二樓,,112/08/02,2130,61.97,34.37,87.90%,公寓(5樓含以下無電梯),41,二層/五層,房地(土地+建物),土:1 建:1車:0,3房2廳2衛,,無,無,住家用,陽台外推;其他增建;
士林區中山北路五段８３９號四樓之１,,112/08/02,1300,41.01,31.7,100.00%,公寓(5樓含以下無電梯),47,"四層,陽台/四層",房地(土地+建物),土:1 建:2車:0,4房1廳2衛,,無,無,住家用,親友、員工、共有人或其他特殊關係間之交易;頂樓加蓋;
士林區中山北路六段２１０號四樓,,112/08/02,1598,74.33,21.5,86.83%,公寓(5樓含以下無電梯),42,四層/五層,房地(土地+建物),土:1 建:1車:0,2房2廳1衛,,無,無,住家用,陽台外推;
士林區士東路５４巷２４號三樓,,112/08/01,1700,48.49,35.06,85.66%,公寓(5樓含以下無電梯),44,三層/五層,房地(土地+建物),土:1 建:1車:0,3房2廳2衛,,無,無,住家用,
士林區仰德大道一段６巷５１號,,112/08/01,120,0,1.22,,透天厝,57,全/一層,房地(土地+建物),土:1 建:1車:0,4房1廳1衛,,無,無,住家用,親友、員工、共有人或其他特殊關係間之交易;夾層;其他增建;
士林區基河路１６之２號三樓之２,圓山窗外,112/08/01,1680,134.02,12.54,54.37%,住宅大樓(11層含以上有電梯),19,三層/十一層,房地(土地+建物),土:1 建:1車:0,1房1廳1衛,,有,有,辦公用,夾層;其他增建;
士林區忠誠路一段６１之１號七樓,士林御花園,112/08/01,2888,74.86,38.58,76.35%,華廈(10層含以下有電梯),39,七層/七層,房地(土地+建物),土:1 建:1車:0,2房2廳2衛,,有,有,住家用,陽台外推;頂樓加蓋;其他增建;
士林區承德路四段６巷９５號七樓,,112/08/01,2539,86.85,36.16,50.37%,華廈(10層含以下有電梯),,七層/七層,房地(土地+建物)+車位,土:1 建:1車:1,2房2廳1衛,200,有,有,住家用,預售屋、或土地及建物分件登記案件;
士林區格致路２０巷１號四樓之１２,華崗,112/08/01,390,54.61,7.14,59.30%,華廈(10層含以下有電梯),22,四層/九層,房地(土地+建物),土:1 建:1車:0,,,有,有,商業用,陽台外推;夾層;
士林區天母北路２８巷３９號五樓之６,天母小西華,112/07/31,1115,89.21,12.5,51.06%,華廈(10層含以下有電梯),16,五層/九層,房地(土地+建物),土:1 建:1車:0,1房1廳1衛,,有,有,住家用,其他增建：雨遮加蓋。陽台外推;其他增建;
士林區大南路２８５巷３號三樓,,112/07/31,1435,55.52,25.85,86.80%,公寓(5樓含以下無電梯),40,三層/五層,房地(土地+建物),土:1 建:1車:0,3房2廳1衛,,無,無,商業用,其他增建;
士林區中正路２１２巷１２弄６號四樓,中正御林,112/07/31,3528,68.29,52.11,62.75%,住宅大樓(11層含以上有電梯),15,四層/十一層,房地(土地+建物)+車位,土:2 建:2車:2,3房2廳2衛,350,有,有,住家用,陽台外推;
士林區天母西路４３號五樓,,112/07/31,1440,67.65,21.29,62.30%,公寓(5樓含以下無電梯),45,五層/五層,房地(土地+建物),土:4 建:2車:0,2房2廳1衛,,無,無,住家用,陽台外推;其他增建;
士林區大南路３３５號十四樓之１,士林新天地,112/07/31,2800,34.56,81.02,48.26%,住宅大樓(11層含以上有電梯),16,"十四層,十五層/十五層",房地(土地+建物)+車位,土:1 建:1車:4,5房2廳6衛,,有,有,商業用,親友、員工、共有人或其他特殊關係間之交易;
天母東路５０巷２０號八樓之５,華琪,112/07/30,2660,57.23,49.05,86.59%,華廈(10層含以下有電梯),45,八層/八層,房地(土地+建物)+車位,土:2 建:1車:1,3房2廳2衛,280,有,有,住家用,陽台外推;
士林區德行東路５１號四樓,昌軒天母,112/07/30,3825,78.49,48.73,54.49%,華廈(10層含以下有電梯),22,四層/八層,房地(土地+建物)+車位,土:1 建:1車:1,4房2廳2衛,,有,有,住家用,陽台外推;其他增建;
士林區天母北路８７巷２弄５號一樓,,112/07/30,3380,95.19,35.51,85.65%,公寓(5樓含以下無電梯),44,一層/五層,房地(土地+建物),土:6 建:1車:0,3房2廳1衛,,無,無,其他,其他增建;
士林區福志路１８號五樓,,112/07/30,1885,43.95,42.89,70.62%,公寓(5樓含以下無電梯),40,五層/五層,房地(土地+建物),土:1 建:1車:0,4房2廳3衛,,無,無,住家用,陽台外推;其他增建;
士林區忠誠路一段１６巷２３號,生活爵士,112/07/30,1226,80.3,15.27,42.06%,華廈(10層含以下有電梯),28,一層/五層,房地(土地+建物)+車位,土:2 建:1車:1,1房1衛,250,有,有,住家用,其他增建;
士林區忠誠路一段１６巷２３之１號,生活爵士,112/07/30,1100,93.38,11.78,60.43%,華廈(10層含以下有電梯),28,一層/五層,房地(土地+建物),土:2 建:1車:0,1房1廳,,有,有,住家用,其他增建;
士林區福港街１１０巷１弄７號二樓,,112/07/30,1315,37.79,34.79,90.45%,公寓(5樓含以下無電梯),45,二層/四層,房地(土地+建物),土:2 建:1車:0,3房2廳2衛,,無,無,,陽台外推;其他增建;
士林區雨聲街１５巷７號二樓,,112/07/30,1790,54.42,32.89,78.20%,公寓(5樓含以下無電梯),41,二層/五層,房地(土地+建物),土:1 建:1車:0,3房2廳2衛,,無,無,住家用,
士林區中山北路七段３８巷１２弄４之４號三樓,,112/07/30,1500,52.89,28.36,87.33%,公寓(5樓含以下無電梯),45,三層/五層,房地(土地+建物),土:1 建:1車:0,3房2廳2衛,,無,無,住家用,陽台外推;
士林區格致路２０巷２９號五樓之２,仰德大廈,112/07/29,645,30.62,21.06,32.95%,華廈(10層含以下有電梯),27,五層/十層,房地(土地+建物)+車位,土:2 建:1車:2,1房1廳1衛,180,有,有,商業用,2個車位總價180萬，不分別拆價。
士林區中正路２２３巷４５號,,112/07/29,2820,0,24.39,,透天厝,59,全/二層,房地(土地+建物),土:1 建:1車:0,2房2廳2衛,,無,無,住家用,頂樓加蓋;其他增建;
士林區基河路１２８號七樓之８,基河之星,112/07/29,620,72.86,8.51,56.59%,住宅大樓(11層含以上有電梯),27,七層/十一層,房地(土地+建物),土:1 建:1車:0,1房1廳1衛,,有,有,住家用,陽台外推;
士林區忠誠路二段２６號六樓,仰德華廈,112/07/29,3300,74.71,44.17,76.35%,住宅大樓(11層含以上有電梯),41,六層/十四層,房地(土地+建物),土:1 建:1車:0,3房2廳2衛,,有,有,住家用,親友、員工、共有人或其他特殊關係間之交易;
士林區中山北路六段２９０巷２７號二樓之３,天母風華,112/07/28,950,78.47,12.11,60.29%,華廈(10層含以下有電梯),31,二層/五層,房地(土地+建物),土:1 建:1車:0,1房1廳1衛,,有,有,住家用,其他增建;
士林區中正路２０１巷２０號,,112/07/28,550,0,3.51,,透天厝,59,全/二層,房地(土地+建物),土:2 建:1車:0,3房1廳3衛,,無,無,住家用,親友、員工、共有人或其他特殊關係間之交易;頂樓加蓋;
士林區大南路２７６號一樓,,112/07/28,2730,100.41,27.19,100.00%,公寓(5樓含以下無電梯),51,"一層,騎樓/三層",房地(土地+建物),土:1 建:1車:0,1廳1衛,,無,無,住家用,防火巷加蓋。其他增建;含租約;
士林區承德路四段４０巷１０５號五樓之１３,劍潭整宅B區,112/07/28,670,51.75,12.95,92.52%,公寓(5樓含以下無電梯),53,四層/五層,房地(土地+建物),土:1 建:1車:0,2房1廳1衛,,無,無,住家用,陽台外推;其他增建;
士林區延平北路八段８０巷５３弄１２號三樓,,112/07/28,800,34.46,23.21,100.00%,公寓(5樓含以下無電梯),54,三層/三層,房地(土地+建物),土:1 建:1車:0,3房2廳2衛,,無,無,住家用,頂樓加蓋;
士林區中山北路七段１９０巷１２７之２號,,112/07/27,20000,0,205.12,,透天厝,9,全/三層,房地(土地+建物),土:4 建:1車:0,6房4廳7衛,,無,有,農業用,其他增建:庭院車庫上方雨棚增建、庭院車庫後方空地增建、空地水池增建、地下室增建、露臺增建其他增建;
士林區天母東路８５號七樓,大新第來亨華廈,112/07/27,3800,64.83,58.62,78.01%,華廈(10層含以下有電梯),38,七層/七層,房地(土地+建物)+車位,土:2 建:1車:1,5房2廳3衛,,有,有,住家用,親友、員工、共有人或其他特殊關係間之交易;頂樓加蓋;
士林區中山北路七段１４巷５弄８號二樓,,112/07/27,2500,55.99,44.65,88.79%,公寓(5樓含以下無電梯),46,二層/五層,房地(土地+建物),土:1 建:1車:0,3房2廳2衛,,無,無,住家用,親友、員工、共有人或其他特殊關係間之交易;
士林區中山北路七段１００巷１０號四樓,,112/07/27,1880,53.72,35,100.00%,公寓(5樓含以下無電梯),48,"四層,陽台/四層",房地(土地+建物),土:2 建:1車:0,4房3廳2衛,,無,無,住家用,頂樓加蓋;
士林區通河西街一段１０４號二樓,,112/07/27,920,42.83,21.48,100.00%,公寓(5樓含以下無電梯),55,二層/四層,房地(土地+建物),土:1 建:1車:0,3房1廳1衛,,無,無,住家用,
士林區文林路５９４巷１８號五樓,,112/07/26,1768,55.17,32.05,70.35%,公寓(5樓含以下無電梯),41,五層/五層,房地(土地+建物),土:1 建:1車:0,4房2廳2衛,,無,無,住家用,陽台外推;頂樓加蓋;其他增建;
士林區後港街１８５號四樓,,112/07/26,3050,37.96,80.35,74.95%,華廈(10層含以下有電梯),35,四層/五層,房地(土地+建物),土:1 建:1車:0,1廳1衛,,無,有,工業用,有一使用權車位陽台外推;
士林區天玉街３８巷１２號六樓之２,天母蘭桂坊,112/07/26,720,88.55,8.13,58.48%,住宅大樓(11層含以上有電梯),26,六層/十一層,房地(土地+建物),土:1 建:1車:0,,,有,有,住家用,陽台外推;
士林區華榮街７０號二樓,,112/07/26,72500,0,360.94,,透天厝,48,全/二層,房地(土地+建物),土:4 建:7車:0,25房6廳23衛,,無,無,商業用,地政士僅受託買賣案件申請登記，並未代理撰擬不動產買賣契約書，本成交資訊係由義務人自行提供屬實。(本案為危老案)頂樓加蓋;其他增建;具重建或重劃、都更等效益;
士林區社中街１５２巷１６號二樓,,112/07/25,1220,45.13,27.03,91.64%,公寓(5樓含以下無電梯),52,二層/三層,房地(土地+建物),土:1 建:1車:0,3房2廳1衛,,無,無,住家用,親友、員工、共有人或其他特殊關係間之交易;陽台外推;
士林區承德路四段６巷９５號二樓,,112/07/25,2403.8,81.75,36.19,50.31%,華廈(10層含以下有電梯),,二層/七層,房地(土地+建物)+車位,土:1 建:1車:1,2房2廳1衛,200,有,有,住家用,預售屋、或土地及建物分件登記案件;
士林區重慶北路四段２２２號十樓之３,士科京璽,112/07/25,1950,69.02,31.81,54.97%,住宅大樓(11層含以上有電梯),6,十層/十四層,房地(土地+建物)+車位,土:2 建:1車:1,1房1廳1衛,150,有,有,住家用,
士林區通河西街二段８５號,,112/07/25,1500,62.61,23.96,100.00%,公寓(5樓含以下無電梯),48,"一層,平台/四層",房地(土地+建物),土:1 建:1車:0,4房2廳1衛,,無,無,住家用,
士林區承德路四段１２巷２５號,,112/07/24,2380,81.6,29.17,100.00%,公寓(5樓含以下無電梯),53,一層/四層,房地(土地+建物),土:1 建:1車:0,3房2廳1衛,,無,無,住家用,其他增建;
士林區中山北路五段６９８巷３６號二樓,,112/07/24,1950,73.25,26.62,90.65%,公寓(5樓含以下無電梯),38,二層/五層,房地(土地+建物),土:1 建:1車:0,3房2廳1衛,,無,無,住家用,鐵欄杆外推、懸空增建陽台外推;其他增建;
士林區中山北路六段３５巷１０號六樓,筑丰天母,112/07/24,7920,89.42,88.57,37.30%,住宅大樓(11層含以上有電梯),7,六層/二十一層,房地(土地+建物)+車位,土:1 建:1車:3,3房2廳2衛,960,有,有,住家用,
士林區福德路５７巷３９號,,112/07/24,60,0,2.24,,透天厝,63,全/二層,房地(土地+建物),土:1 建:1車:0,3房2廳1衛,,無,無,住家用,親友、員工、共有人或其他特殊關係間之交易;
士林區福港街２５９巷２９弄４號五樓,,112/07/23,1530,56.93,26.88,85.39%,公寓(5樓含以下無電梯),43,五層/五層,房地(土地+建物),土:1 建:1車:0,2房2廳1衛,,無,無,住家用,陽台外推;頂樓加蓋;
士林區忠誠路二段２１巷４５弄７號五樓,,112/07/23,2088,64.96,32.14,90.83%,公寓(5樓含以下無電梯),40,五層/五層,房地(土地+建物),土:1 建:1車:0,3房2廳2衛,,無,無,住家用,陽台外推;其他增建;
士林區天母北路２８巷３９號五樓,天母小西華,112/07/23,1120,90.9,12.32,51.88%,華廈(10層含以下有電梯),15,五層/九層,房地(土地+建物),土:1 建:1車:0,1房1廳1衛,,有,有,住家用,陽台外推;夾層;
士林區延平北路五段２４４巷１２號四樓,,112/07/23,1050,68.41,15.35,100.00%,公寓(5樓含以下無電梯),52,四層/四層,房地(土地+建物),土:1 建:1車:0,2房2廳1衛,,無,無,住家用,頂樓加蓋;其他增建;
士林區福國路５０巷６弄６號四樓,,112/07/23,1610,66.28,24.29,83.20%,公寓(5樓含以下無電梯),44,四層/四層,房地(土地+建物),土:4 建:1車:0,3房2廳1衛,,無,無,住家用,陽台外推;其他增建;
士林區中正路６９０號二樓之２,永新大廈,112/07/23,1445,45.43,31.8,72.91%,華廈(10層含以下有電梯),25,二層/九層,房地(土地+建物)+車位,土:3 建:1車:1,2房2廳1衛,,有,有,住家用,陽台外推;其他增建;
士林區雨農路８０號五樓,雨農山莊,112/07/23,3500,52.34,66.86,52.82%,住宅大樓(11層含以上有電梯),18,五層/十二層,房地(土地+建物),土:1 建:1車:0,3房2廳2衛,,有,有,住家用,其他增建;
士林區承德路四段３巷２１號三樓,,112/07/23,1170,55.4,21.12,94.90%,公寓(5樓含以下無電梯),55,三層/三層,房地(土地+建物),土:1 建:1車:0,2房2廳1衛,,無,無,住家用,陽台外推;頂樓加蓋;
士林區後街２１巷１３號五樓之１,大杰士林閤,112/07/22,1090,63.71,17.11,53.94%,華廈(10層含以下有電梯),28,五層/七層,房地(土地+建物),土:1 建:2車:0,1房1廳1衛,,有,有,住家用,
士林區天母東路６９巷１１之６號二樓,僑資華廈,112/07/22,3508,68.04,51.56,78.82%,華廈(10層含以下有電梯),46,二層/八層,房地(土地+建物),土:4 建:1車:0,4房2廳2衛,,有,有,住家用,陽台外推;其他增建;
士林區文林路７６３號九樓之１,寶殿大廈,112/07/21,390,62.89,6.2,83.27%,住宅大樓(11層含以上有電梯),42,九層/十一層,房地(土地+建物),土:1 建:1車:0,1房1衛,,有,有,住家用,懸空增建其他增建;
士林區德行東路２６５巷５號二樓,,112/07/21,1660,51.94,31.96,88.03%,公寓(5樓含以下無電梯),44,二層/五層,房地(土地+建物),土:1 建:1車:0,3房2廳2衛,,無,無,住家用,其他增建:鐵鋁窗其他增建;
士林區延平北路六段３９２巷６號九樓之８,,112/07/21,920,40.47,22.73,61.44%,住宅大樓(11層含以上有電梯),17,九層/十一層,房地(土地+建物)+車位,土:1 建:1車:1,2房1廳1衛,,有,有,住家用,夾層;
士林區格致路５５巷３０弄２號,,112/07/21,781,0,14.62,,透天厝,54,全/二層,房地(土地+建物),土:1 建:1車:0,4房2廳2衛,,無,無,住家用,其他增建為一樓空地親友、員工、共有人或其他特殊關係間之交易;頂樓加蓋;其他增建;
士林區基河路１２８號五樓之３,基河之星,112/07/20,638,78.38,8.14,59.16%,住宅大樓(11層含以上有電梯),27,五層/十一層,房地(土地+建物),土:1 建:1車:0,,,有,有,住家用,
士林區延平北路六段２１１號十一樓之１,鄉林左岸,112/07/20,2500,50.23,59.23,56.92%,住宅大樓(11層含以上有電梯),7,十一層/十一層,房地(土地+建物)+車位,土:4 建:1車:1,3房2廳2衛,150,有,有,住家用,親友、員工、共有人或其他特殊關係間之交易;
士林區中山北路六段４０５巷８９號二樓,谷畫青,112/07/20,6980,84.82,82.3,52.10%,華廈(10層含以下有電梯),6,二層/八層,房地(土地+建物)+車位,土:1 建:2車:2,3房2廳2衛,,有,有,住家用,
士林區福壽街４５號四樓之１,築禾韻,112/07/20,1910,89.29,21.39,51.75%,華廈(10層含以下有電梯),8,四層/七層,房地(土地+建物),土:2 建:1車:0,3房1廳1衛,,有,有,住家用,親友、員工、共有人或其他特殊關係間之交易;
士林區德行東路３３２巷１號四樓,,112/07/19,1900,54.39,34.93,86.16%,公寓(5樓含以下無電梯),41,四層/五層,房地(土地+建物),土:1 建:1車:0,3房2廳2衛,,無,無,住家用,陽台外推;其他增建;
士林區天母北路８７巷２弄１５號四樓,,112/07/19,1560,48.99,31.84,92.99%,公寓(5樓含以下無電梯),46,四層/五層,房地(土地+建物),土:2 建:1車:0,3房2廳2衛,,無,無,住家用,陽台外推;其他增建;
士林區中社路二段１２８號,,112/07/19,1800,0,31.76,,透天厝,48,全/一層,房地(土地+建物),土:1 建:1車:0,,,無,無,住家用,增建露臺、陽台、頂樓後方平台、玄關、地下一樓、地下二樓。
士林區士東路２１０號三樓,家居雲邸,112/07/19,4680,98.91,53.28,60.59%,住宅大樓(11層含以上有電梯),,三層/十九層,房地(土地+建物)+車位,土:1 建:1車:1,3房2廳2衛,320,有,有,住家用,預售屋、或土地及建物分件登記案件;
士林區中山北路六段４１９巷３號二樓,,112/07/19,2235,68.63,32.56,89.35%,公寓(5樓含以下無電梯),43,二層/五層,房地(土地+建物),土:4 建:1車:0,3房2廳2衛,,無,無,住家用,陽台外推;
士林區士東路４６巷２９號四樓,,112/07/18,1850,58.87,31.43,85.01%,公寓(5樓含以下無電梯),44,四層/五層,房地(土地+建物),土:2 建:1車:0,2房2廳2衛,,無,無,住家用,陽台外推;其他增建;
士林區天玉街７５巷７號,,112/07/18,5480,64.18,85.38,75.26%,公寓(5樓含以下無電梯),44,"一層,二層/五層",房地(土地+建物)+車位,土:1 建:1車:1,6房1廳3衛,,無,無,其他,
士林區重慶北路四段４９巷５５號,萊茵首席,112/07/18,1168,66.53,17.56,63.06%,華廈(10層含以下有電梯),2,一層/七層,房地(土地+建物),土:1 建:1車:0,2房1廳1衛,,有,有,辦公用,其他增建;
士林區中正路６５５巷６號十二樓之１,渼士林,112/07/18,1650,65.03,25.37,60.10%,住宅大樓(11層含以上有電梯),9,十二層/十五層,房地(土地+建物),土:1 建:1車:0,2房1廳1衛,,有,有,住家用,本案含機車位1個
士林區中山北路六段２９０巷３４號二樓,天母華廈,112/07/17,2648,60.35,43.87,88.62%,公寓(5樓含以下無電梯),37,二層/五層,房地(土地+建物),土:2 建:1車:0,3房2廳2衛,,無,無,住家用,其他增建;
士林區菁山路５３之２號三樓,陽明帝景,112/07/17,3768,52.91,86.43,63.63%,華廈(10層含以下有電梯),14,三層/五層,房地(土地+建物)+車位,土:1 建:1車:2,3房2廳2衛,500,有,有,住家用,
士林區雨聲街４巷１１號四樓,,112/07/17,1650,55.11,29.94,85.61%,公寓(5樓含以下無電梯),46,四層/四層,房地(土地+建物),土:1 建:1車:0,3房2廳1衛,,無,無,住家用,
士林區延平北路五段１３６巷２７弄６號三樓,,112/07/17,1150,44.71,25.72,94.57%,公寓(5樓含以下無電梯),52,三層/四層,房地(土地+建物),土:1 建:1車:0,1廳1衛,,無,無,住家用,
士林區德行東路２１３號五樓,,112/07/16,1658,50.51,32.82,85.98%,公寓(5樓含以下無電梯),42,五層/五層,房地(土地+建物),土:1 建:1車:0,3房2廳2衛,,有,無,住家用,陽台外推;其他增建;
士林區通河西街一段９６號,,112/07/16,1700,65.42,25.99,100.00%,公寓(5樓含以下無電梯),54,一層/四層,房地(土地+建物),土:1 建:1車:0,1廳,,無,無,住家用,其他增建;
士林區社子街２２巷２３弄３號四樓,,112/07/16,780,47.22,16.52,100.00%,公寓(5樓含以下無電梯),48,四層/四層,房地(土地+建物),土:1 建:1車:0,2房1廳1衛,,無,無,住家用,頂樓加蓋;其他增建;
士林區環河北路三段１９３號三樓,,112/07/15,357,24.6,14.51,92.75%,公寓(5樓含以下無電梯),43,三層/五層,房地(土地+建物),土:5 建:1車:0,3房2廳1衛,,無,無,住家用,親友、員工、共有人或其他特殊關係間之交易;
士林區大南路３２５號二樓之１０,新天地,112/07/15,800,64.69,12.37,58.41%,住宅大樓(11層含以上有電梯),16,二層/十四層,房地(土地+建物),土:1 建:1車:0,1房1廳1衛,,有,有,商業用,其他增建;
士林區承德路四段２９７巷２６號二樓,,112/07/15,1195,69.64,17.16,100.00%,公寓(5樓含以下無電梯),54,二層/三層,房地(土地+建物),土:1 建:1車:0,1房2廳2衛,,無,無,住家用,其他增建;
士林區德行東路１８８號三樓,,112/07/15,1550,76.08,20.37,92.65%,公寓(5樓含以下無電梯),46,三層/四層,房地(土地+建物),土:1 建:1車:0,2房2廳1衛,,無,無,住家用,
士林區雨聲街２０７號六樓,芝山雨聲,112/07/15,3618,60.94,59.37,68.46%,華廈(10層含以下有電梯),25,六層/七層,房地(土地+建物)+車位,土:1 建:1車:1,3房2廳2衛,,有,有,住家用,夾層;其他增建;
士林區中山北路六段７２８巷６號四樓,,112/07/15,1830,68.47,26.73,90.03%,公寓(5樓含以下無電梯),37,四層/五層,房地(土地+建物),土:2 建:1車:0,3房2廳2衛,,無,無,住家用,
士林區福港街３５號,,112/07/14,2020,85.85,23.53,100.00%,公寓(5樓含以下無電梯),51,"一層,騎樓/四層",房地(土地+建物),土:1 建:1車:0,,,無,無,住家用,其他增建;
士林區承德路四段９１號七樓,藏峰,112/07/14,5600,72.03,77.75,61.60%,住宅大樓(11層含以上有電梯),21,七層/十四層,房地(土地+建物)+車位,土:2 建:1車:1,,,有,有,住家用,
士林區通河街３２３巷７１之３號,劍潭國宅D區,112/07/14,480,53.83,8.92,89.15%,公寓(5樓含以下無電梯),53,三層/五層,房地(土地+建物),土:1 建:1車:0,1房1廳1衛,,有,無,住家用,
士林區大南路３３３號十二樓之１,新天地,112/07/13,5240,50.62,103.51,72.42%,住宅大樓(11層含以上有電梯),16,"十二層,十三層/十四層",房地(土地+建物)+車位,土:1 建:1車:2,6房3廳4衛,,有,有,商業用,陽台外推;其他增建;
士林區天母北路５６號十三樓之２,聯上天母,112/07/13,4168,93.48,54.18,54.24%,住宅大樓(11層含以上有電梯),3,十三層/二十四層,房地(土地+建物)+車位,土:1 建:1車:1,3房2廳2衛,200,有,有,住家用,
士林區雨聲街５３巷４號六樓,雨聲華廈,112/07/13,2580,67.29,38.34,83.46%,華廈(10層含以下有電梯),37,六層/七層,房地(土地+建物),土:1 建:1車:0,4房2廳2衛,,無,有,住家用,陽台外推;
士林區克強路２８號,,112/07/13,4950,103.4,47.87,88.20%,公寓(5樓含以下無電梯),43,"一層,夾層/五層",房地(土地+建物),土:1 建:1車:0,,,無,無,其他,親友、員工、共有人或其他特殊關係間之交易;
士林區明溪街３５巷１號二樓,,112/07/13,1175,37.44,31.38,100.00%,公寓(5樓含以下無電梯),48,二層/四層,房地(土地+建物),土:1 建:1車:0,3房2廳2衛,,無,無,住家用,
士林區福港街１１５號四樓,,112/07/13,1350,52.47,25.73,100.00%,公寓(5樓含以下無電梯),48,四層/四層,房地(土地+建物),土:1 建:1車:0,3房2廳1衛,,無,無,住家用,頂樓加蓋;
士林區中山北路七段２２６之２號,望族山莊,112/07/12,4019,62.72,64.08,90.27%,華廈(10層含以下有電梯),36,一層/七層,房地(土地+建物)+車位,土:1 建:1車:1,4房2廳3衛,,有,有,住家用,車位C1編號
士林區天玉街１０４號四樓之２,天母羅丹,112/07/12,988,78.44,12.6,63.04%,華廈(10層含以下有電梯),28,四層/八層,房地(土地+建物),土:1 建:1車:0,1房1廳1衛,,有,有,住家用,夾層;
士林區至誠路二段９２巷３弄１４號五樓,,112/07/12,1765,39.87,44.27,84.01%,公寓(5樓含以下無電梯),43,五層/五層,房地(土地+建物),土:1 建:1車:0,3房2廳2衛,,無,無,住家用,親友、員工、共有人或其他特殊關係間之交易;
士林區中社路二段９１巷２號三樓,,112/07/12,1000,31.86,31.38,100.00%,公寓(5樓含以下無電梯),47,三層/四層,房地(土地+建物),土:1 建:1車:0,4房2廳2衛,,無,無,住家用,
士林區中社路一段６１巷８號,,112/07/11,1168,55.43,21.07,100.00%,公寓(5樓含以下無電梯),48,一層/四層,房地(土地+建物),土:1 建:1車:0,3房1廳1衛,,無,無,住家用,
士林區社中街２８６號五樓,全樂藏悅,112/07/11,2688,47.26,56.88,59.04%,華廈(10層含以下有電梯),14,五層/九層,房地(土地+建物)+車位,土:1 建:1車:1,3房2廳2衛,,有,有,住家用,其他增建;
士林區德行東路１３２巷５弄４號,,112/07/11,0.2,0,0.04,,公寓(5樓含以下無電梯),41,一層/五層,房地(土地+建物),土:4 建:1車:0,3房2廳2衛,,有,無,住家用,政府機關標讓售;地清或未辦繼承標售;
士林區德行東路１３２巷５弄４號,,112/07/11,0,0,0.01,,公寓(5樓含以下無電梯),41,一層/五層,房地(土地+建物),土:4 建:1車:0,,,無,無,住家用,地清或未辦繼承標售;
士林區德行東路１３２巷５弄４號,,112/07/11,0,0,0.01,,公寓(5樓含以下無電梯),41,一層/五層,房地(土地+建物),土:4 建:1車:0,,,無,無,住家用,地清或未辦繼承標售;
士林區德行東路１３２巷５弄４號,,112/07/11,0,0,0.01,,公寓(5樓含以下無電梯),41,一層/五層,房地(土地+建物),土:4 建:1車:0,,,無,無,住家用,地清或未辦繼承標售;
士林區德行東路１３２巷５弄４號,,112/07/11,0,0,0.01,,公寓(5樓含以下無電梯),41,一層/五層,房地(土地+建物),土:4 建:1車:0,,,無,無,住家用,地清或未辦繼承標售;
士林區基河路１２８號五樓之１,基河之星,112/07/10,535,68.47,7.81,58.61%,住宅大樓(11層含以上有電梯),27,五層/十一層,房地(土地+建物),土:1 建:1車:0,1房1廳1衛,,有,有,住家用,陽台外移其他增建;
士林區華岡路４７巷５號四樓,,112/07/10,1560,40.73,38.3,88.07%,公寓(5樓含以下無電梯),45,四層/四層,房地(土地+建物),土:1 建:1車:0,7房7衛,,無,無,住家用,頂樓加蓋;
士林區延平北路八段９６巷４５號四樓,,112/07/09,625,29.9,20.91,100.00%,公寓(5樓含以下無電梯),53,四層/四層,房地(土地+建物),土:1 建:1車:0,2房1廳1衛,,無,無,住家用,
士林區天母東路８巷２３號七樓之４,華琪,112/07/09,970,70.43,13.77,87.35%,華廈(10層含以下有電梯),47,"七層,陽台/七層",房地(土地+建物),土:2 建:1車:0,1房1廳1衛,,有,有,住家用,
士林區基河路３０號七樓之３,北美館,112/07/09,1425,96.87,14.71,68.06%,住宅大樓(11層含以上有電梯),25,七層/十三層,房地(土地+建物),土:2 建:1車:0,1房2廳1衛,,有,有,住家用,
士林區中山北路七段２１６巷５之１號六樓,福星公爵,112/07/09,2850,51.85,54.96,64.01%,華廈(10層含以下有電梯),37,六層/六層,房地(土地+建物)+車位,土:1 建:1車:1,3房2廳2衛,350,有,有,住家用,頂樓加蓋;
士林區福林路２５１巷８號二樓之２,官隱,112/07/09,1630,64.01,25.46,56.36%,華廈(10層含以下有電梯),8,二層/八層,房地(土地+建物)+車位,土:2 建:1車:1,1房1廳1衛,,有,有,住家用,
士林區忠誠路一段１７１巷１２弄７號六樓,天母懷德A座,112/07/09,5200,83.29,62.43,76.31%,住宅大樓(11層含以上有電梯),14,六層/十二層,房地(土地+建物)+車位,土:2 建:2車:1,4房2廳2衛,,有,有,住家用,
士林區重慶北路四段２２２號十樓,士科京璽,112/07/08,1767,47.14,37.48,54.55%,住宅大樓(11層含以上有電梯),6,十層/十四層,房地(土地+建物)+車位,土:2 建:1車:1,2房1廳1衛,,有,有,住家用,親友、員工、共有人或其他特殊關係間之交易;
士林區華齡街６７號三樓,,112/07/07,1710,56.3,30.37,91.46%,公寓(5樓含以下無電梯),43,三層/五層,房地(土地+建物),土:1 建:1車:0,3房2廳1衛,,無,無,住家用,其他增建;
士林區中社路二段４６巷９號三樓,,112/07/07,400,19.22,20.81,100.00%,公寓(5樓含以下無電梯),47,三層/四層,房地(土地+建物),土:1 建:1車:0,3房2廳1衛,,無,無,住家用,親友、員工、共有人或其他特殊關係間之交易;其他增建;
士林區忠誠路二段１０８號三樓,天母鬱金香,112/07/07,4900,80.66,60.75,74.38%,住宅大樓(11層含以上有電梯),37,三層/十四層,房地(土地+建物),土:1 建:1車:0,4房2廳2衛,,有,有,住家用,陽台外推;其他增建;
士林區中山北路七段４３巷２號四樓,,112/07/07,1638,65.03,25.19,92.54%,公寓(5樓含以下無電梯),45,四層/五層,房地(土地+建物),土:2 建:1車:0,2房2廳3衛,,無,無,住家用,陽台外推;其他增建;
士林區通河東街一段１８１號,,112/07/05,3770,55.73,67.65,66.36%,公寓(5樓含以下無電梯),39,一層/五層,房地(土地+建物),土:1 建:1車:0,1廳2衛,,無,無,工業用,其他增建;
士林區葫蘆街３０巷３９號五樓,,112/07/05,900,32.46,27.73,76.26%,公寓(5樓含以下無電梯),40,五層/五層,房地(土地+建物),土:1 建:1車:0,3房2廳2衛,,有,無,住家用,親友、員工、共有人或其他特殊關係間之交易;其他增建;
士林區忠誠路二段１４０巷２號二樓,,112/07/05,2600,66.44,39.13,80.44%,公寓(5樓含以下無電梯),42,二層/五層,房地(土地+建物),土:1 建:1車:0,4房2廳2衛,,無,無,住家用,陽台外推;其他增建;
士林區大南路３２５號十樓之６,新天地,112/07/04,802,64.93,12.35,58.49%,住宅大樓(11層含以上有電梯),16,十層/十四層,房地(土地+建物),土:1 建:1車:0,1廳1衛,,有,有,商業用,其他增建;
士林區忠誠路一段１７１巷１２弄８號十二樓,,112/07/04,4850,83.11,58.36,74.52%,住宅大樓(11層含以上有電梯),14,十二層/十二層,房地(土地+建物)+車位,土:1 建:2車:1,3房2廳2衛,,有,有,住家用,
士林區德行東路８１巷１４號,,112/07/04,3550,79.8,44.49,61.38%,公寓(5樓含以下無電梯),43,一層/五層,房地(土地+建物),土:3 建:1車:0,4房2廳2衛,,無,無,住家用,其他增建;
士林區福榮街６９號,,112/07/04,2280,117.53,19.4,100.00%,公寓(5樓含以下無電梯),59,一層/二層,房地(土地+建物),土:1 建:1車:0,,,無,無,住家用,
士林區文林路２７號二樓,,112/07/03,2250,59.14,38.05,86.70%,華廈(10層含以下有電梯),40,二層/七層,房地(土地+建物),土:1 建:1車:0,1廳1衛,,無,有,住家用,陽台外推;其他增建;含租約;
士林區文林路４９７之１號七樓,正暉,112/07/03,2880,75.22,38.29,71.67%,華廈(10層含以下有電梯),41,七層/七層,房地(土地+建物),土:1 建:1車:0,3房2廳4衛,,有,有,住家用,頂樓加蓋;
士林區社子街１２７號三樓,,112/07/03,1060,43.76,24.22,100.00%,公寓(5樓含以下無電梯),47,"三層,陽台/四層",房地(土地+建物),土:2 建:1車:0,3房1廳1衛,,無,無,住家用,陽台外推;其他增建;
士林區中山北路六段２３６巷７號十二樓之３,天母靜好,112/07/03,3295,114.78,38.42,55.41%,住宅大樓(11層含以上有電梯),1,十二層/十四層,房地(土地+建物)+車位,土:1 建:1車:1,2房2廳1衛,300,有,有,住家用,
士林區天母東路７７之８號五樓,,112/07/03,3318,70.33,47.17,79.97%,華廈(10層含以下有電梯),38,五層/七層,房地(土地+建物)+車位,土:1 建:1車:1,3房2廳2衛,,有,有,住家用,陽台外推;其他增建;
士林區德行東路１３２巷５弄４號,,112/07/03,0.2,0,0.04,,公寓(5樓含以下無電梯),41,一層/五層,房地(土地+建物),土:4 建:1車:0,3房2廳2衛,,無,無,住家用,政府機關標讓售;
士林區德行東路１３２巷５弄４號,,112/07/03,0.2,0,0.04,,公寓(5樓含以下無電梯),41,一層/五層,房地(土地+建物),土:4 建:1車:0,3房2廳2衛,,無,無,住家用,政府機關標讓售;
士林區文林路７６５號五樓之９,寶殿大廈,112/07/02,2198,56.83,38.68,73.41%,住宅大樓(11層含以上有電梯),42,五層/十一層,房地(土地+建物),土:1 建:1車:0,4房2廳2衛,,有,有,住家用,陽台外推;其他增建;
士林區中山北路六段８號三樓,,112/07/02,4750,60.27,78.81,45.66%,華廈(10層含以下有電梯),22,三層/六層,房地(土地+建物)+車位,土:1 建:1車:2,4房2廳2衛,,無,有,住家用,陽台外推;其他增建;
士林區大南路３４５號八樓之２,士林新天地,112/07/02,2950,51.46,57.33,64.00%,住宅大樓(11層含以上有電梯),16,八層/十五層,房地(土地+建物)+車位,土:1 建:1車:2,3房2廳2衛,,有,有,商業用,
士林區忠誠路一段９０號十五樓,陽明新城,112/07/02,2700,74.05,36.46,74.21%,住宅大樓(11層含以上有電梯),35,十五層/十五層,房地(土地+建物),土:2 建:1車:0,3房2廳2衛,,有,有,住家用,
士林區中正路３４９巷２號四樓,,112/07/01,1280,60,21.33,90.77%,公寓(5樓含以下無電梯),39,四層/五層,房地(土地+建物),土:2 建:1車:0,2房2廳1衛,,無,無,住家用,陽台外推;其他增建;
士林區社中街４７４號四樓,,112/07/01,1060,32.81,32.3,100.00%,公寓(5樓含以下無電梯),50,四層/四層,房地(土地+建物),土:1 建:1車:0,4房1廳1衛,,無,無,住家用,頂樓加蓋;其他增建;
士林區承德路四段２９７巷８號,,112/07/01,450,51.89,8.67,100.00%,公寓(5樓含以下無電梯),54,一層/三層,房地(土地+建物),土:1 建:1車:0,2房1廳1衛,,無,無,住家用,特殊交易、親友間買賣親友、員工、共有人或其他特殊關係間之交易;
士林區文林路１４４巷１６號二樓,圓山藏富,112/06/30,1280,76.39,16.76,48.93%,華廈(10層含以下有電梯),1,二層/五層,房地(土地+建物),土:1 建:1車:0,,,有,有,辦公用,
士林區天母北路５６號十一樓之２,聯上天母,112/06/30,4588,93.45,57.35,55.03%,住宅大樓(11層含以上有電梯),3,十一層/二十四層,房地(土地+建物)+車位,土:1 建:1車:1,3房2廳2衛,325,有,有,住家用,
士林區永公路３５０巷８３號,,112/06/30,650,0,6,,透天厝,107,全/一層,房地(土地+建物),土:5 建:1車:0,,,無,無,住家用,
士林區延平北路五段８３巷２８弄５號二樓,,112/06/29,900,33.87,26.57,100.00%,公寓(5樓含以下無電梯),47,"二層,陽台/四層",房地(土地+建物),土:1 建:1車:0,3房2廳1衛,,無,無,住家用,陽台外推;
士林區中山北路七段１９０巷２６弄１之８號,天母琴園,112/06/29,5489,0,58.24,,透天厝,18,全/三層,房地(土地+建物)+車位,土:3 建:1車:2,4房1廳3衛,,有,有,住家用,親友、員工、共有人或其他特殊關係間之交易;
士林區德行東路１３２巷５弄４號,,112/06/29,0.2,0,0.04,,公寓(5樓含以下無電梯),41,一層/五層,房地(土地+建物),土:4 建:1車:0,3房2廳2衛,,無,無,住家用,政府機關標讓售;地清或未辦繼承標售;
士林區大南路３４３號,士林新天地,112/06/29,3050,58.37,52.25,61.70%,住宅大樓(11層含以上有電梯),16,一層/十五層,房地(土地+建物)+車位,土:1 建:1車:1,3房2廳2衛,,有,有,商業用,夾層;其他增建;
士林區天母東路１０５巷３５—７號,萬祥樓,112/06/29,1050,54.52,19.26,67.91%,華廈(10層含以下有電梯),46,一層/七層,房地(土地+建物),土:1 建:1車:0,1房2廳1衛,,有,有,商業用,陽台外推;
士林區通河街１４７號三樓,千維,112/06/28,1200,57.86,20.74,76.68%,華廈(10層含以下有電梯),37,三層/七層,房地(土地+建物),土:1 建:1車:0,3房2廳2衛,,有,有,住家用,親友、員工、共有人或其他特殊關係間之交易;
士林區承德路四段６７號九樓,富麗圓山,112/06/28,3400,70.1,48.5,74.66%,住宅大樓(11層含以上有電梯),23,九層/十一層,房地(土地+建物)+車位,土:2 建:1車:1,3房2廳2衛,,有,有,住家用,陽台外推;
士林區忠誠路二段５號十三樓,新光仰賢華廈,112/06/28,6930,75.11,92.27,72.28%,住宅大樓(11層含以上有電梯),36,十三層/十四層,房地(土地+建物)+車位,土:3 建:1車:1,4房2廳3衛,,有,有,住家用,其他增建;
士林區德行東路１３２巷５弄４號,,112/06/28,0,0,0.01,,公寓(5樓含以下無電梯),41,一層/五層,房地(土地+建物),土:4 建:1車:0,3房2廳2衛,,無,無,住家用,政府機關標讓售;
士林區德行東路１３２巷５弄４號,,112/06/28,0.1,0,0.01,,公寓(5樓含以下無電梯),41,一層/五層,房地(土地+建物),土:4 建:1車:0,,,無,無,住家用,政府機關標讓售案件格局未確認。政府機關標讓售;
士林區德行東路１３２巷５弄４號,,112/06/28,0,0,0.01,,公寓(5樓含以下無電梯),41,一層/五層,房地(土地+建物),土:4 建:1車:0,,,無,無,住家用,政府機關標讓售案件格局未確認。政府機關標讓售;
士林區天母北路８７巷８號五樓,,112/06/27,1630,50.41,32.33,95.21%,公寓(5樓含以下無電梯),45,五層/五層,房地(土地+建物),土:1 建:1車:0,5房2廳2衛,,無,無,住家用,頂樓加蓋;
士林區承德路五段５６號二樓,,112/06/26,801,39.4,20.33,100.00%,公寓(5樓含以下無電梯),53,二層/三層,房地(土地+建物),土:1 建:1車:0,2房2廳1衛,,無,無,住家用,陽台外推;其他增建;
士林區承德路四段８８號十樓之２,圓山ART,112/06/26,2712,81.19,33.4,60.38%,住宅大樓(11層含以上有電梯),1,十層/十五層,房地(土地+建物)+車位,土:1 建:1車:1,2房2廳1衛,,有,有,住家用,
士林區忠誠路二段１８０號等,,112/06/26,1168116.9,72.67,16075.18,56.56%,住宅大樓(11層含以上有電梯),28,三層/二十六層,房地(土地+建物),土:1 建:153車:0,,,無,有,商業用,本案交易為整棟出售，地下一層至四樓為商業用、五樓至二十五樓為住家用，無法統計建物現況格局。
士林區延平北路六段１５５巷１６號二樓,,112/06/26,1120,54.58,20.52,100.00%,公寓(5樓含以下無電梯),56,二層/--,房地(土地+建物),土:1 建:1車:0,3房2廳1衛,,無,無,住家用,頂樓加蓋;
士林區葫蘆街３９巷７號二樓,,112/06/26,1225,44.91,27.28,100.00%,公寓(5樓含以下無電梯),50,二層/四層,房地(土地+建物),土:1 建:1車:0,3房2廳1衛,,無,無,住家用,
士林區至善路二段１巷３６弄１號,,112/06/26,35779,0,28.63,,透天厝,59,全/一層,房地(土地+建物),土:1 建:1車:0,3房1廳1衛,,無,無,住家用,具重建或重劃、都更等效益;
士林區天母北路５６號七樓之３,聯上天母,112/06/26,5316,90.2,68.45,54.53%,住宅大樓(11層含以上有電梯),3,七層/二十四層,房地(土地+建物)+車位,土:1 建:1車:1,3房2廳2衛,200,有,有,住家用,
士林區中正路６９０號九樓之１,永新大廈,112/06/26,2080,63.33,37.38,72.96%,華廈(10層含以下有電梯),25,九層/九層,房地(土地+建物)+車位,土:3 建:1車:1,3房2廳2衛,170,有,有,住家用,陽台外推;其他增建;
士林區雙溪街１０６號八樓,天母雅宴,112/06/26,1500,66.57,22.53,86.54%,華廈(10層含以下有電梯),31,八層/九層,房地(土地+建物)+車位,土:1 建:1車:1,1房2廳1衛,,有,有,住家用,露台增建陽台外推;其他增建;
士林區天母東路８巷３１弄８號五樓,,112/06/26,760,35.93,21.15,91.49%,公寓(5樓含以下無電梯),40,五層/五層,房地(土地+建物),土:2 建:1車:0,3房2廳1衛,,無,無,住家用,親友、員工、共有人或其他特殊關係間之交易;
士林區雨農路３２巷６弄１８號,,112/06/25,2430,0,25.48,,透天厝,54,全/二層,房地(土地+建物),土:1 建:1車:0,5房3廳2衛,,無,無,住家用,頂樓加蓋;其他增建;
士林區志成街２２巷１５弄１５號,,112/06/25,4750,54.31,87.46,29.66%,華廈(10層含以下有電梯),40,一層/七層,房地(土地+建物),土:1 建:1車:0,3房2廳2衛,,無,有,住家用,其他增建;
士林區中社路二段１７巷３０號,,112/06/25,970,46.61,20.81,100.00%,公寓(5樓含以下無電梯),47,一層/四層,房地(土地+建物),土:1 建:1車:0,2房2廳1衛,,無,無,住家用,其他增建;
士林區小西街３９號二樓,,112/06/25,1580,56.17,28.13,88.39%,公寓(5樓含以下無電梯),42,二層/五層,房地(土地+建物),土:1 建:1車:0,3房2廳2衛,,無,無,住家用,陽台外推;其他增建;
士林區福壽街５６號三樓,日日居,112/06/24,1900,77.73,24.45,52.70%,華廈(10層含以下有電梯),9,三層/七層,房地(土地+建物),土:1 建:1車:0,2房1廳1衛,,有,有,住家用,夾層;其他增建;
士林區福港街２４４巷１８弄１１號三樓,,112/06/24,1850,59.24,31.23,89.86%,公寓(5樓含以下無電梯),45,三層/四層,房地(土地+建物),土:2 建:1車:0,2房2廳2衛,,無,無,住家用,其他增建;
士林區中山北路六段１５７巷１３號六樓之３,天母樂活,112/06/24,2425,93.77,25.86,58.92%,住宅大樓(11層含以上有電梯),15,六層/十五層,房地(土地+建物),土:1 建:1車:0,2房2廳1衛,,有,有,商業用,
士林區克強路１０巷９弄１５號二樓,,112/06/23,2400,62.54,38.38,87.02%,公寓(5樓含以下無電梯),45,二層/五層,房地(土地+建物),土:1 建:1車:0,3房2廳2衛,,無,無,住家用,其他增建;
士林區文昌路１６９巷２號四樓,,112/06/22,1620,59.92,27.04,100.00%,公寓(5樓含以下無電梯),51,四層/四層,房地(土地+建物),土:1 建:1車:0,3房2廳1衛,,無,無,住家用,頂樓加蓋;其他增建;
士林區前港街５２號三樓,,112/06/22,723,23.51,30.76,89.41%,公寓(5樓含以下無電梯),43,三層/五層,房地(土地+建物),土:2 建:1車:0,3房2廳2衛,,無,無,住家用,親友、員工、共有人或其他特殊關係間之交易;
士林區中山北路六段４０５巷５３號四樓,,112/06/21,3500,76.74,45.61,84.99%,華廈(10層含以下有電梯),39,四層/七層,房地(土地+建物),土:2 建:1車:0,3房2廳2衛,,有,有,住家用,其他增建;
士林區德行東路２５８號三樓之１,日日好日,112/06/21,5020,104.66,57.87,58.51%,住宅大樓(11層含以上有電梯),1,三層/十四層,房地(土地+建物)+車位,土:1 建:2車:1,3房2廳2衛,250,有,有,住家用,
士林區大南路３２５號五樓之６,新天地,112/06/21,972,64.12,21.16,58.49%,住宅大樓(11層含以上有電梯),16,五層/十四層,房地(土地+建物)+車位,土:1 建:1車:1,1房1廳1衛,180,有,有,商業用,
士林區至誠路一段１３６巷１７號十二樓,太子華威,112/06/21,9290,91.31,129.95,55.21%,住宅大樓(11層含以上有電梯),5,十二層/十四層,房地(土地+建物)+車位,土:2 建:1車:3,,890,有,有,住家用,毛胚屋;
士林區德行東路１３２巷５弄４號,,112/06/21,0.1,0,0.02,,公寓(5樓含以下無電梯),41,一層/五層,房地(土地+建物),土:4 建:1車:0,3房2廳2衛,,無,無,住家用,政府機關標讓售;
士林區德行東路１３２巷５弄４號,,112/06/21,0.1,0,0.02,,公寓(5樓含以下無電梯),41,一層/五層,房地(土地+建物),土:4 建:1車:0,3房2廳2衛,,無,無,住家用,政府機關標讓售;
士林區福華路１５７巷１５號二樓,,112/06/20,1058,53.38,19.82,100.00%,公寓(5樓含以下無電梯),46,"二層,陽台/五層",房地(土地+建物),土:1 建:1車:0,2房1廳1衛,,無,無,住家用,本件係屬二親等間買賣，依遺產及贈與稅法以贈與論，並依規定已申報贈與稅親友、員工、共有人或其他特殊關係間之交易;
士林區中庸一路１１之１號八樓,登峰造極,112/06/19,3150,39.93,86.09,95.43%,住宅大樓(11層含以上有電梯),29,八層/十四層,房地(土地+建物)+車位,土:1 建:1車:2,4房2廳2衛,500,有,有,住家用,其他增建;
士林區葫蘆街３０巷４１弄１５號二樓,,112/06/19,800,46.68,17.14,100.00%,公寓(5樓含以下無電梯),53,二層/二層,房地(土地+建物),土:2 建:1車:0,2房2廳1衛,,無,無,住家用,其他增建;
士林區德行東路２７６號二樓,百富興,112/06/19,3100,48.03,64.55,87.49%,華廈(10層含以下有電梯),38,二層/七層,房地(土地+建物)+車位,土:1 建:1車:1,4房2廳2衛,,有,有,住家用,
士林區中山北路七段６３巷２５號一樓,天母國堡,112/06/19,2558,70.16,36.46,100.00%,公寓(5樓含以下無電梯),48,"一層,平台/四層",房地(土地+建物),土:2 建:1車:0,3房2廳2衛,,無,無,住家用,
士林區中山北路六段２３６巷９號十樓之１,天母靜好,112/06/19,5000,121.1,50.73,56.85%,住宅大樓(11層含以上有電梯),1,十層/十四層,房地(土地+建物)+車位,土:1 建:1車:1,3房2廳2衛,350,有,有,住家用,
士林區菁山路５５之３號五樓,陽明帝景,112/06/19,2788,47.83,66.23,62.04%,華廈(10層含以下有電梯),14,五層/五層,房地(土地+建物)+車位,土:1 建:1車:1,3房2廳2衛,210,有,有,住家用,
士林區德行東路１３２巷５弄４號,,112/06/19,0,0,0.01,,公寓(5樓含以下無電梯),41,一層/五層,房地(土地+建物),土:4 建:1車:0,3房2廳2衛,,無,無,住家用,政府機關標讓售;
士林區德行東路１３２巷５弄４號,,112/06/19,0,0,0.01,,公寓(5樓含以下無電梯),41,一層/五層,房地(土地+建物),土:4 建:1車:0,3房2廳2衛,,無,無,住家用,政府機關標讓售;
士林區中山北路五段８３７號三樓,,112/06/18,2030,73.71,27.54,100.00%,公寓(5樓含以下無電梯),47,"三層,陽台/四層",房地(土地+建物),土:1 建:1車:0,2房2廳2衛,,無,無,住家用,陽台外推;其他增建;
士林區天玉街１０６號三樓,,112/06/18,1750,52.76,33.17,87.62%,公寓(5樓含以下無電梯),44,三層/五層,房地(土地+建物),土:1 建:1車:0,3房2廳1衛,,無,無,住家用,陽台外推;
士林區忠義街７１巷３３號二樓,,112/06/18,1930,53.13,36.32,88.47%,公寓(5樓含以下無電梯),37,二層/五層,房地(土地+建物),土:2 建:1車:0,3房2廳2衛,,無,無,住家用,
士林區中山北路七段１９５號二樓,中國商銀,112/06/18,3070,68.39,44.89,70.80%,華廈(10層含以下有電梯),38,二層/七層,房地(土地+建物),土:1 建:1車:0,4房2廳2衛,,有,有,住家用,陽台外推;
士林區中山北路六段１７２巷２２弄７號,,112/06/18,1100,46.06,23.88,100.00%,公寓(5樓含以下無電梯),48,"一層,平台/四層",房地(土地+建物),土:1 建:1車:0,2房1廳1衛,,無,無,住家用,親友、員工或其他特殊關係間之交易。親友、員工、共有人或其他特殊關係間之交易;
士林區社中街１３４號二樓,,112/06/18,1360,43.42,31.32,94.81%,公寓(5樓含以下無電梯),41,二層/五層,房地(土地+建物),土:1 建:1車:0,2房2廳1衛,,無,無,住家用,
士林區重慶北路四段２２２號三樓之１,士科京璽,112/06/17,1645,67.13,28,60.96%,住宅大樓(11層含以上有電梯),6,三層/十四層,房地(土地+建物)+車位,土:2 建:1車:1,2房2廳1衛,150,有,有,住家用,
士林區中山北路六段２３６巷９號十樓,天母靜好,112/06/17,3500,120.93,38.79,54.69%,住宅大樓(11層含以上有電梯),1,十層/十四層,房地(土地+建物)+車位,土:1 建:1車:1,2房2廳1衛,300,有,有,住家用,
士林區文林路４２１巷８號一樓,,112/06/17,1102.9,31.2,35.35,88.55%,公寓(5樓含以下無電梯),44,一層/五層,房地(土地+建物),土:4 建:1車:0,5房1廳1衛,,無,無,住家用,親友、員工、共有人或其他特殊關係間之交易;
士林區社中街１３２號四樓,,112/06/17,1230,39.55,31.1,94.90%,公寓(5樓含以下無電梯),41,四層/五層,房地(土地+建物),土:1 建:1車:0,3房2廳1衛,,無,無,住家用,
士林區社子街６３巷５號三樓,,112/06/17,1050,46.28,22.69,100.00%,公寓(5樓含以下無電梯),48,"三層,陽台/四層",房地(土地+建物),土:1 建:1車:0,3房1廳1衛,,無,無,住家用,
士林區芝玉路二段５６號四樓,,112/06/16,2000,58.21,34.36,85.97%,公寓(5樓含以下無電梯),37,四層/五層,房地(土地+建物),土:1 建:1車:0,3房2廳2衛,,無,無,住家用,其他增建;
士林區天玉街９號四樓,,112/06/16,2290,51.61,44.37,80.44%,公寓(5樓含以下無電梯),36,四層/四層,房地(土地+建物),土:1 建:1車:0,4房3廳3衛,,無,無,住家用,陽台外推;頂樓加蓋;其他增建;
士林區天母西路１３巷１９號五樓,,112/06/16,1810,46.45,38.97,79.28%,公寓(5樓含以下無電梯),42,五層/五層,房地(土地+建物),土:1 建:1車:0,3房2廳2衛,,無,無,住家用,親友、員工、共有人或其他特殊關係間之交易;陽台外推;頂樓加蓋;
士林區中社路二段９號二樓,,112/06/15,1215,35.7,34.03,92.21%,公寓(5樓含以下無電梯),48,二層/四層,房地(土地+建物),土:1 建:1車:0,4房2廳2衛,,無,無,住家用,親友、員工、共有人或其他特殊關係間之交易;
士林區小東街３１號五樓,,112/06/15,1900,53.46,35.54,100.00%,公寓(5樓含以下無電梯),46,"五層,陽台/五層",房地(土地+建物),土:2 建:1車:0,8房,,無,無,住家用,(1)31號五樓與鄰戶打通使用 (2)頂加格局0房0廳2衛頂樓加蓋;
士林區小東街３３號五樓,,112/06/15,1500,53.23,28.18,100.00%,公寓(5樓含以下無電梯),46,"五層,陽台/五層",房地(土地+建物),土:1 建:1車:0,7房6衛,,無,無,住家用,(1)33號五樓與鄰戶打通使用 (2)六樓頂加格局3房0廳1衛 (3)七樓頂加格局1房0廳0衛頂樓加蓋;
士林區承德路四段５７之１號十一樓,圓山金城,112/06/15,3180,63.84,49.82,57.34%,住宅大樓(11層含以上有電梯),26,十一層/十六層,房地(土地+建物)+車位,土:1 建:1車:1,3房2廳2衛,,有,有,住家用,陽台外推;
士林區天母西路３之８號,天母國際,112/06/15,620,147.88,4.19,61.54%,住宅大樓(11層含以上有電梯),45,一層/十一層,房地(土地+建物),土:2 建:1車:0,,,有,有,商業用,
士林區福港街１９巷１號五樓,大漢君址,112/06/15,3830,65.71,58.29,62.83%,華廈(10層含以下有電梯),17,五層/八層,房地(土地+建物)+車位,土:1 建:2車:1,4房2廳2衛,,有,有,住家用,陽台外推;其他增建;
士林區通河西街二段１０７之１號,,112/06/14,1100,38.92,28.26,100.00%,公寓(5樓含以下無電梯),48,"三層,陽台/四層",房地(土地+建物),土:1 建:1車:0,3房1廳1衛,,無,無,住家用,
士林區忠義街８０號五樓,,112/06/14,1666,53.98,30.86,86.97%,公寓(5樓含以下無電梯),44,五層/五層,房地(土地+建物),土:1 建:1車:0,3房2廳2衛,,無,無,住家用,
士林區福港街１１４號四樓,,112/06/14,750,25.77,29.1,94.62%,華廈(10層含以下有電梯),45,四層/四層,房地(土地+建物),土:1 建:1車:0,,,無,有,住家用,頂樓加蓋;
士林區福港街１１８號四樓,,112/06/14,750,25.31,29.63,94.62%,華廈(10層含以下有電梯),45,四層/四層,房地(土地+建物),土:2 建:1車:0,,,無,有,住家用,頂樓加蓋;
士林區福港街１１６號四樓,,112/06/14,750,25.31,29.63,94.62%,華廈(10層含以下有電梯),45,四層/四層,房地(土地+建物),土:2 建:1車:0,,,無,有,住家用,頂樓加蓋;
士林區福港街１１８號,,112/06/14,4283.3,48.18,88.9,94.62%,華廈(10層含以下有電梯),45,"一層,騎樓/四層",房地(土地+建物),土:2 建:3車:0,,,無,有,其他,陽台外推;其他增建;
士林區福港街１１６號,,112/06/14,8566.7,48.62,176.2,94.62%,華廈(10層含以下有電梯),45,"一層,騎樓/四層",房地(土地+建物),土:3 建:6車:0,,,無,有,其他,陽台外推;其他增建;
士林區德行東路２５８號六樓之１,日日好日,112/06/13,5000,104.22,57.87,58.51%,住宅大樓(11層含以上有電梯),1,六層/十四層,房地(土地+建物)+車位,土:1 建:2車:1,3房2廳2衛,250,有,有,住家用,
士林區中山北路七段１８２號七樓之２,,112/06/13,1500,63.8,23.51,88.54%,華廈(10層含以下有電梯),46,七層/七層,房地(土地+建物),土:2 建:1車:0,1房2廳1衛,,有,有,住家用,陽台外推;其他增建;
士林區基河路３８２號五樓之１,鄉林陽明,112/06/13,7050,78.77,89.5,60.65%,住宅大樓(11層含以上有電梯),13,五層/十五層,房地(土地+建物)+車位,土:1 建:1車:1,4房2廳4衛,,有,有,住家用,
士林區中山北路七段８１巷４１弄７之２號四樓,華馨雅築,112/06/13,2228,70.25,31.71,94.11%,華廈(10層含以下有電梯),45,四層/五層,房地(土地+建物),土:2 建:1車:0,3房2廳2衛,,有,有,住家用,
士林區格致路２０３號四樓之１,大衛營,112/06/13,750,32.41,23.14,31.02%,華廈(10層含以下有電梯),27,四層/十層,房地(土地+建物)+車位,土:1 建:1車:1,1房1廳1衛,,有,有,住家用,二親等間買賣親友、員工、共有人或其他特殊關係間之交易;
士林區社中街１１８號二樓,,112/06/13,1000,33.56,29.79,86.76%,公寓(5樓含以下無電梯),46,二層/四層,房地(土地+建物),土:1 建:1車:0,3房1廳1衛,,無,無,住家用,親友、員工或其他特殊關係間之交易。
士林區通河街３２５巷２８之５號,劍潭國宅D區,112/06/12,630,57.9,10.88,91.10%,公寓(5樓含以下無電梯),53,五層/五層,房地(土地+建物),土:1 建:1車:0,3房3廳1衛,,有,無,住家用,陽台外推;頂樓加蓋;其他增建;
士林區基河路１２８號七樓之１,基河之星,112/06/12,535,68.52,7.81,58.66%,住宅大樓(11層含以上有電梯),27,七層/十一層,房地(土地+建物),土:1 建:1車:0,1房1廳1衛,,有,有,住家用,鐵窗陽台外推;其他增建;
士林區福港街１８巷９號二樓,,112/06/12,970,54.8,17.7,100.00%,公寓(5樓含以下無電梯),54,二層/三層,房地(土地+建物),土:1 建:1車:0,1房1廳1衛,,無,無,住家用,其他增建;
士林區福港街１８巷９號三樓,,112/06/12,930,52.54,17.7,100.00%,公寓(5樓含以下無電梯),54,三層/三層,房地(土地+建物),土:1 建:1車:0,3房1廳1衛,,無,無,住家用,頂樓加蓋;其他增建;
士林區天母西路５０巷４１號十一樓,龍邦國宴,112/06/12,12110,92.42,131.03,51.60%,住宅大樓(11層含以上有電梯),25,"十一層,十二層/十二層",房地(土地+建物)+車位,土:1 建:1車:3,8房3廳6衛,,有,有,住家用,親友、員工、共有人或其他特殊關係間之交易;
士林區後港街１４１號十樓之３,圓山森鄰,112/06/11,4780,55.21,91.88,62.03%,住宅大樓(11層含以上有電梯),13,十層/十四層,房地(土地+建物)+車位,土:1 建:1車:2,4房2廳2衛,560,有,有,商業用,其他增建;
士林區中山北路六段２３６巷７號四樓之３,天母靜好,112/06/11,2890,99.26,38.42,55.41%,住宅大樓(11層含以上有電梯),1,四層/十四層,房地(土地+建物)+車位,土:1 建:1車:1,2房2廳1衛,300,有,有,住家用,
士林區中山北路六段２３６巷７號十樓之３,天母靜好,112/06/11,3276,112.08,38.79,54.72%,住宅大樓(11層含以上有電梯),1,十層/十四層,房地(土地+建物)+車位,土:1 建:1車:1,2房2廳1衛,310,有,有,住家用,
士林區中山北路六段２３６巷７號八樓之３,天母靜好,112/06/11,3200,110.18,38.42,55.41%,住宅大樓(11層含以上有電梯),1,八層/十四層,房地(土地+建物)+車位,土:1 建:1車:1,2房2廳1衛,325,有,有,住家用,
士林區忠誠路二段５０巷１７號四樓,,112/06/10,1900,61.26,31.02,88.49%,公寓(5樓含以下無電梯),41,四層/五層,房地(土地+建物),土:1 建:1車:0,3房2廳2衛,,無,無,住家用,陽台外推;其他增建;
士林區中山北路七段１４巷３１弄１０號二樓,天母麗莊,112/06/10,2300,71.99,31.95,77.76%,華廈(10層含以下有電梯),37,二層/六層,房地(土地+建物),土:1 建:1車:0,2房2廳2衛,,無,有,住家用,陽台外推;其他增建;
士林區大南路３２５號五樓之１２,新天地,112/06/10,970,44.95,21.58,58.42%,住宅大樓(11層含以上有電梯),16,五層/十四層,房地(土地+建物)+車位,土:1 建:1車:1,1房1廳1衛,,有,有,商業用,
士林區天母東路１０５巷９弄１０號十二樓,天母桓琚,112/06/09,4237,94.55,46.67,57.45%,住宅大樓(11層含以上有電梯),,十二層/十二層,房地(土地+建物)+車位,土:1 建:1車:1,2房2廳2衛,200,有,有,住家用,預售屋、或土地及建物分件登記案件;
士林區天母東路１０５巷９弄８號十二樓,天母桓琚,112/06/09,3765,94.99,41.5,59.56%,住宅大樓(11層含以上有電梯),,十二層/十二層,房地(土地+建物)+車位,土:1 建:1車:1,2房2廳2衛,200,有,有,住家用,預售屋、或土地及建物分件登記案件;
士林區天母東路５０巷２２號七樓之１０,華琪,112/06/09,750,29.1,25.77,79.81%,華廈(10層含以下有電梯),45,七層/八層,房地(土地+建物),土:1 建:1車:0,3房1廳1衛,,有,有,住家用,親友、員工、共有人或其他特殊關係間之交易;
士林區延平北路五段１３６巷１０號五樓,,112/06/09,1370,37.74,36.3,82.15%,公寓(5樓含以下無電梯),39,五層/五層,房地(土地+建物),土:1 建:1車:0,3房2廳2衛,,無,無,住家用,(3)建築物含有：鐵皮屋其他增建;
士林區雨農路６４號八樓之１,雨農山莊,112/06/09,3366,55.47,60.68,52.85%,住宅大樓(11層含以上有電梯),18,八層/十二層,房地(土地+建物)+車位,土:1 建:1車:1,3房2廳2衛,,有,有,住家用,
士林區天母東路６１巷５號四樓,三峰,112/06/08,1202,92.75,12.96,75.93%,華廈(10層含以下有電梯),27,"四層,電梯樓梯間/六層",房地(土地+建物),土:1 建:1車:0,1房1廳1衛,,有,有,住家用,其他增建;
士林區福德路３１巷１１號二樓之１７,小貴馥,112/06/08,1030,102.44,10.06,49.37%,華廈(10層含以下有電梯),11,二層/八層,房地(土地+建物),土:1 建:1車:0,1廳1衛,,有,有,住家用,夾層;
士林區中山北路七段１４１巷２３號八樓之１,君御,112/06/08,4800,94.89,52.59,57.67%,華廈(10層含以下有電梯),1,八層/八層,房地(土地+建物)+車位,土:1 建:1車:2,3房2廳2衛,400,有,有,住家用,
士林區後港街１６０之２號十樓,圓山巴黎,112/06/07,2670,53.47,49.94,39.76%,住宅大樓(11層含以上有電梯),26,十層/十二層,房地(土地+建物)+車位,土:1 建:1車:1,3房2廳2衛,,有,有,住家用,陽台外推;其他增建;
士林區福國路５６巷１７號三樓,,112/06/07,2050,79.69,25.72,86.50%,公寓(5樓含以下無電梯),44,三層/五層,房地(土地+建物),土:1 建:1車:0,3房2廳1衛,,無,無,住家用,陽台加窗、空地加蓋。陽台外推;其他增建;
士林區天母東路６之６號、６之７號、６之８號及８號地下一層及地下二層,華固天鑄,112/06/07,7490,7.75,966.55,59.13%,住宅大樓(11層含以上有電梯),7,"地下一層,地下二層/三十八層",房地(土地+建物)+車位,土:2 建:2車:120,,,有,有,其他,
士林區忠誠路一段１５７號,蘭雅新城,112/06/07,5500,125.33,43.88,87.84%,華廈(10層含以下有電梯),31,一層/十層,房地(土地+建物),土:1 建:1車:0,,,有,有,商業用,
士林區中山北路七段７７號九樓之３,富邦777,112/06/07,13500,89.44,150.95,35.57%,住宅大樓(11層含以上有電梯),12,九層/十六層,房地(土地+建物)+車位,土:1 建:1車:5,4房2廳3衛,,有,有,住家用,
士林區葫蘆街１３８號四樓,,112/06/07,2245,58.9,38.12,76.02%,華廈(10層含以下有電梯),26,"四層,電梯樓梯間/七層",房地(土地+建物),土:1 建:1車:0,3房2廳2衛,,無,有,住家用,陽台外推;其他增建;
士林區社中街２８１之１號二樓,,112/06/07,1298,45.4,28.59,75.01%,公寓(5樓含以下無電梯),42,二層/五層,房地(土地+建物),土:1 建:1車:0,3房2廳1衛,,無,無,住家用,鐵鋁窗增建、沿一樓空地增建陽台外推;其他增建;
士林區福港街１４６號八樓,,112/06/07,3050,37.08,82.26,70.20%,華廈(10層含以下有電梯),39,八層/八層,房地(土地+建物),土:2 建:1車:0,7房1廳7衛,,無,有,辦公用,(包含)公共設施保留地(用地);
士林區社子街１１５巷１３號三樓,,112/06/06,750,49.87,15.04,100.00%,公寓(5樓含以下無電梯),52,三層/三層,房地(土地+建物),土:1 建:1車:0,2房2廳1衛,,無,無,住家用,頂樓加蓋;其他增建;
士林區中山北路五段７５１巷１３號,,112/06/06,2800,77.74,36.02,100.00%,公寓(5樓含以下無電梯),49,一層/四層,房地(土地+建物),土:2 建:1車:0,3房2廳2衛,,無,無,住家用,
士林區葫蘆街３０巷５號四樓,,112/06/06,1190,52.25,22.78,100.00%,公寓(5樓含以下無電梯),50,四層/四層,房地(土地+建物),土:1 建:1車:0,3房2廳2衛,,無,無,住家用,陽台外推;頂樓加蓋;
士林區德行東路１３２巷５弄４號,,112/06/06,0.2,0,0.04,,公寓(5樓含以下無電梯),41,一層/五層,房地(土地+建物),土:4 建:1車:0,3房1廳2衛,,無,無,住家用,政府機關標讓售;
士林區忠誠路一段１７１巷１２弄５號七樓,天母懷德A座,112/06/05,5138,82.3,62.43,56.89%,住宅大樓(11層含以上有電梯),13,七層/十二層,房地(土地+建物)+車位,土:2 建:2車:1,4房2廳2衛,280,有,有,住家用,
士林區德行東路２５８號四樓之２,日日好日,112/06/05,6555,101.41,73.97,59.96%,住宅大樓(11層含以上有電梯),1,四層/十四層,房地(土地+建物)+車位,土:1 建:2車:1,4房2廳2衛,300,有,有,住家用,
士林區華齡街４０巷１６號三樓,,112/06/04,1980,55.75,35.52,88.09%,公寓(5樓含以下無電梯),39,三層/五層,房地(土地+建物),土:1 建:1車:0,3房2廳2衛,,無,無,住家用,其他增建;
士林區雨農路４９巷６號,,112/06/04,2600,113.86,22.84,100.00%,公寓(5樓含以下無電梯),51,"一層,騎樓/二層",房地(土地+建物),土:1 建:1車:0,2房1廳1衛,,無,無,商業用,本案買賣土地價款：2340萬元整、建物價款：260萬元整，買賣總價款為新台幣2600萬元整。具重建或重劃、都更等效益;
士林區後港街１６２巷１０弄１０號,,112/06/04,3088,0,27.58,,透天厝,56,全/二層,房地(土地+建物),土:1 建:1車:0,6房6衛,,無,無,住家用,頂樓加蓋;其他增建;
士林區文林路７４０巷９弄３號四樓,,112/06/04,1800,64.23,28.02,88.19%,公寓(5樓含以下無電梯),48,四層/四層,房地(土地+建物),土:1 建:1車:0,5房3廳2衛,,無,無,住家用,陽台外推;頂樓加蓋;
士林區中山北路七段１６３號四樓,,112/06/04,1350,61.34,22.01,100.00%,公寓(5樓含以下無電梯),48,四層/四層,房地(土地+建物),土:1 建:1車:0,4房2廳1衛,,無,無,住家用,共有人數2人 頂樓增建頂樓加蓋;其他增建;
士林區福林路１００巷７７弄１１號,士林官邸,112/06/04,3500,76.62,51.41,70.02%,華廈(10層含以下有電梯),14,一層/七層,房地(土地+建物)+車位,土:1 建:1車:1,3房2廳2衛,250,有,有,住家用,
士林區劍潭路１２號四樓之１,圓山凡登,112/06/03,1500,95.52,15.7,56.77%,住宅大樓(11層含以上有電梯),14,四層/十四層,房地(土地+建物),土:2 建:1車:0,1房1廳1衛,,有,有,住家用,
士林區忠誠路二段１０巷１２號四樓,,112/06/03,1500,39.97,37.53,86.59%,公寓(5樓含以下無電梯),45,四層/五層,房地(土地+建物),土:2 建:1車:0,3房2廳2衛,,無,無,住家用,
士林區中正路４９７號十一樓,霞關,112/06/03,3150,72.84,43.25,73.65%,住宅大樓(11層含以上有電梯),36,十一層/十六層,房地(土地+建物),土:1 建:1車:0,3房2廳2衛,,有,有,住家用,其他增建;
士林區中山北路七段１４巷５弄５之１號三樓,天母開發,112/06/03,2480,55,45.09,76.24%,華廈(10層含以下有電梯),37,三層/七層,房地(土地+建物),土:1 建:1車:0,3房2廳2衛,,有,有,住家用,前陽台外推陽台外推;
士林區通河西街二段４２號地下之９,綠色華夏,112/06/03,370,28.35,13.05,69.61%,住宅大樓(11層含以上有電梯),28,地下層/十一層,房地(土地+建物),土:1 建:1車:0,,,有,有,商業用,
士林區德行東路３３１巷５４弄４號五樓,,112/06/03,1580,52.34,30.19,87.10%,公寓(5樓含以下無電梯),44,五層/五層,房地(土地+建物),土:3 建:1車:0,3房2廳2衛,,無,無,住家用,陽台外推;頂樓加蓋;
士林區延平北路五段１６３巷２６弄１５號一樓、二樓,,112/06/02,1576,39.51,39.89,94.27%,公寓(5樓含以下無電梯),61,"一層,二層/三層",房地(土地+建物),土:1 建:1車:0,7房4廳2衛,,無,無,住家用,陽台外推;頂樓加蓋;其他增建;
士林區延平北路六段１９９巷１１號三樓,,112/06/02,1250,51.74,24.16,88.84%,公寓(5樓含以下無電梯),47,三層/四層,房地(土地+建物),土:1 建:1車:0,3房3衛,,無,無,住家用,其他增建;
士林區忠誠路二段１５４巷２３弄１之４號五樓,,112/06/02,1100,58.2,18.9,89.72%,公寓(5樓含以下無電梯),43,五層/五層,房地(土地+建物),土:1 建:1車:0,2房2廳1衛,,無,無,住家用,頂樓加蓋;
士林區葫蘆街１１２號五樓,,112/06/02,1190,32.86,36.22,84.00%,公寓(5樓含以下無電梯),43,五層/五層,房地(土地+建物),土:2 建:1車:0,3房2廳2衛,,無,無,住家用,頂樓有申請增建斜屋頂(包含)公共設施保留地(用地);
士林區華齡街１８５巷１號七樓之３,國家園首領袖區,112/06/02,2500,60.22,41.51,58.40%,住宅大樓(11層含以上有電梯),15,七層/十五層,房地(土地+建物)+車位,土:1 建:1車:1,1房2廳1衛,,有,有,住家用,
士林區士東路２６６巷１１弄１１號地下室,,112/06/02,820,28.93,28.34,100.00%,公寓(5樓含以下無電梯),42,地下層/五層,房地(土地+建物),土:4 建:1車:0,3房2廳2衛,,有,無,其他,
士林區忠義街１１７之３號,桃花源,112/06/02,2500,111.97,22.33,81.67%,華廈(10層含以下有電梯),38,一層/七層,房地(土地+建物),土:1 建:1車:0,,,有,有,住家用,平台外推、花台加蓋、外擴增建其他增建;
士林區延平北路五段１３６巷１０號四樓,,112/06/02,1360,37.46,36.3,82.15%,公寓(5樓含以下無電梯),39,四層/五層,房地(土地+建物),土:1 建:1車:0,3房2廳2衛,,無,無,住家用,陽台外推;
士林區葫蘆街１２８號五樓,,112/06/01,1050,39.81,26.37,86.27%,公寓(5樓含以下無電梯),43,五層/五層,房地(土地+建物),土:2 建:1車:0,3房3廳3衛,,無,無,住家用,陽台外推;頂樓加蓋;其他增建;
士林區中山北路七段６３巷９號十一樓,天母國堡,112/06/01,8400,64.46,130.31,61.22%,住宅大樓(11層含以上有電梯),17,十一層/十二層,房地(土地+建物)+車位,土:1 建:1車:4,4房2廳4衛,,有,有,住家用,陽台外推;其他增建;
士林區中山北路七段１９０巷２６弄１８號四樓,義豐庭,112/06/01,2360,45.88,51.43,86.61%,華廈(10層含以下有電梯),43,四層/七層,房地(土地+建物),土:1 建:1車:0,4房2廳2衛,,有,有,住家用,
士林區天母西路３號七樓之３,天母國際,112/06/01,2200,52.82,41.65,53.00%,住宅大樓(11層含以上有電梯),45,七層/十一層,房地(土地+建物),土:2 建:1車:0,2房2廳2衛,,有,有,商業用,
士林區永平街８８號三樓,,112/06/01,750,31.8,23.59,94.22%,公寓(5樓含以下無電梯),44,三層/四層,房地(土地+建物),土:3 建:1車:0,2房2廳1衛,,無,無,住家用,
士林區天母東路５０巷２２號四樓之５,華琪,112/06/01,1050,27.7,37.91,84.23%,華廈(10層含以下有電梯),45,四層/八層,房地(土地+建物),土:1 建:1車:0,3房2廳2衛,,有,有,住家用,親友、員工、共有人或其他特殊關係間之交易;
士林區延平北路八段１３２巷１５號,,112/06/01,21,2.99,7.01,100.00%,公寓(5樓含以下無電梯),53,"一層,騎樓/二層",房地(土地+建物),土:9 建:1車:0,5房2廳2衛,,無,無,住家用,親友、員工、共有人或其他特殊關係間之交易;
士林區社正路７０號六樓,箱根雅苑B區,112/06/01,1330,39.65,33.55,65.43%,華廈(10層含以下有電梯),17,六層/九層,房地(土地+建物),土:1 建:1車:0,3房2廳2衛,,有,有,住家用,親友、員工、共有人或其他特殊關係間之交易;
士林區中山北路七段８１巷３８之２號四樓,天母富邦777,112/05/31,14338,110.35,172.59,54.52%,華廈(10層含以下有電梯),15,"四層,五層/五層",房地(土地+建物)+車位,土:1 建:1車:4,3房3廳4衛,"1,200",有,有,住家用,陽台加窗、頂樓加蓋花園。其他增建;
士林區忠誠路二段１５４巷２２號四樓,盛宴,112/05/31,8500,74.78,113.67,58.21%,住宅大樓(11層含以上有電梯),19,四層/十二層,房地(土地+建物)+車位,土:1 建:1車:2,4房2廳2衛,,有,有,住家用,
士林區天玉街５６巷４號二樓,天母國堡,112/05/31,2742,67.69,40.51,100.00%,公寓(5樓含以下無電梯),48,"二層,陽台/四層",房地(土地+建物),土:3 建:1車:0,4房2廳2衛,,無,無,住家用,
士林區中山北路六段１９５巷８號二樓之１,,112/05/30,4450,96.46,54.04,57.21%,住宅大樓(11層含以上有電梯),15,二層/十四層,房地(土地+建物)+車位,土:1 建:1車:1,3房1廳2衛,300,有,有,住家用,
士林區中山北路六段２９０巷２９弄１１號五樓之５,生活典藏,112/05/30,1300,78.08,16.65,75.65%,華廈(10層含以下有電梯),27,五層/五層,房地(土地+建物)+車位,土:1 建:1車:1,1房1廳1衛,,有,有,住家用,陽台外推;夾層;其他增建;
士林區重慶北路四段４９巷１５弄５６號五樓之３,,112/05/29,800,36.1,22.16,77.57%,公寓(5樓含以下無電梯),45,五層/五層,房地(土地+建物),土:1 建:1車:0,4房3廳2衛,,無,無,住家用,陽台外推;頂樓加蓋;其他增建;
士林區忠誠路一段１６巷１１號三樓,,112/05/29,1910,105.53,18.1,65.74%,華廈(10層含以下有電梯),24,三層/六層,房地(土地+建物),土:1 建:1車:0,2房1廳1衛,,有,有,住家用,
士林區延平北路五段２２０號三樓,,112/05/29,1575,38.04,41.4,100.00%,公寓(5樓含以下無電梯),52,三層/四層,房地(土地+建物),土:2 建:1車:0,2房1廳2衛,,無,無,住家用,陽台向外加蓋凸窗、天井向外加蓋凸窗、建物向外加蓋鐵窗其他增建;
士林區環河北路三段１３５號七樓之１,天星花園,112/05/29,1520,54.68,27.8,49.19%,住宅大樓(11層含以上有電梯),19,七層/十三層,房地(土地+建物)+車位,土:2 建:2車:1,2房2廳1衛,,有,有,住家用,陽台外推;其他增建;
士林區福華路１６６巷６號三樓,,112/05/28,1800,83.97,21.44,100.00%,公寓(5樓含以下無電梯),49,三層/四層,房地(土地+建物),土:1 建:1車:0,3房2廳1衛,,無,無,住家用,陽台外推;其他增建;
士林區通河西街二段８５號,,112/05/28,1600,66.78,23.96,100.00%,公寓(5樓含以下無電梯),47,"一層,平台/四層",房地(土地+建物),土:1 建:1車:0,4房2廳2衛,,無,無,住家用,
士林區德行東路３３１巷３５號三樓,陽明鄉廈,112/05/28,3080,70.31,43.81,79.38%,華廈(10層含以下有電梯),35,三層/九層,房地(土地+建物),土:1 建:1車:0,3房2廳2衛,,無,有,住家用,其他增建;
士林區劍潭路６號二樓之２,北美館,112/05/28,2340,100.97,23.17,68.87%,住宅大樓(11層含以上有電梯),24,二層/十三層,房地(土地+建物),土:2 建:1車:0,2房1廳1衛,,有,有,住家用,
士林區德行東路２５８號七樓之１,日日好日,112/05/27,4920,102.29,57.95,58.41%,住宅大樓(11層含以上有電梯),1,七層/十四層,房地(土地+建物)+車位,土:1 建:2車:1,,250,有,有,住家用,
士林區天母東路２２巷２３號六樓之５,天母華琪大廈仁座,112/05/27,1111,75.51,14.71,75.86%,華廈(10層含以下有電梯),45,六層/十層,房地(土地+建物),土:1 建:1車:0,1房1廳1衛,,有,有,住家用,陽台外推;其他增建;
士林區雨聲街１５巷９號四樓,,112/05/27,1360,55.45,24.53,91.66%,公寓(5樓含以下無電梯),37,四層/五層,房地(土地+建物),土:1 建:1車:0,2房1廳1衛,,無,無,住家用,陽台外推;
士林區承德路四段８９號七樓,藏峰,112/05/27,5670,72.94,77.73,61.59%,住宅大樓(11層含以上有電梯),21,七層/十四層,房地(土地+建物)+車位,土:2 建:1車:1,3房2廳2衛,,有,有,住家用,其他增建;
士林區福華路１２８巷１弄２５號四樓,,112/05/27,1450,63.69,22.77,94.55%,公寓(5樓含以下無電梯),51,四層/四層,房地(土地+建物),土:1 建:1車:0,3房2廳1衛,,無,無,住家用,含裝潢費;含傢俱設備費;頂樓加蓋;
士林區中山北路七段２１９巷８號七樓之１８,富春居,112/05/26,1735,58.49,29.66,55.90%,華廈(10層含以下有電梯),34,七層/七層,房地(土地+建物),土:1 建:2車:0,1房1廳2衛,,有,有,住家用,"兩戶打通合併使用 土地款新台幣12,145,000- 房屋款新台幣5,205,000-陽台外推;"
士林區基河路１６號四樓之８,圓山窗外,112/05/25,1460,135.54,10.77,59.06%,住宅大樓(11層含以上有電梯),18,四層/十一層,房地(土地+建物),土:1 建:1車:0,2房1廳1衛,,無,無,辦公用,夾層;
士林區德行東路１０６號十三樓,知田,112/05/25,6400,82.36,77.71,57.27%,住宅大樓(11層含以上有電梯),11,十三層/十四層,房地(土地+建物)+車位,土:1 建:1車:1,3房1廳2衛,,有,有,住家用,
士林區德行東路１１２號十三樓,知田,112/05/25,9100,77.26,117.78,56.22%,住宅大樓(11層含以上有電梯),11,十三層/十四層,房地(土地+建物)+車位,土:1 建:1車:2,3房2廳3衛,,有,有,住家用,
士林區中山北路六段２３６巷９號六樓之１,天母靜好,112/05/25,4530,110.16,50.73,56.85%,住宅大樓(11層含以上有電梯),1,六層/十四層,房地(土地+建物)+車位,土:1 建:1車:1,3房2廳2衛,300,有,有,住家用,
士林區中山北路六段１５７巷１１號十三樓之１,天母樂活,112/05/25,3068,100.24,30.61,57.51%,住宅大樓(11層含以上有電梯),15,十三層/十五層,房地(土地+建物),土:1 建:1車:0,2房2廳1衛,,有,有,商業用,
士林區德行東路１１０號十三樓,知田,112/05/25,9600,92.13,128.64,67.75%,住宅大樓(11層含以上有電梯),11,十三層/十四層,房地(土地+建物)+車位,土:1 建:1車:4,3房2廳3衛,830,有,有,住家用,
士林區福國路９６號地下室,,112/05/24,2100,38.82,54.1,93.88%,華廈(10層含以下有電梯),42,地下層/七層,房地(土地+建物),土:1 建:1車:0,1房1廳1衛,,有,有,其他,
士林區永公路３５５巷４號,,112/05/24,5388,0,80.66,,透天厝,54,全/二層,房地(土地+建物)+車位,土:4 建:1車:1,5房2廳5衛,,無,無,住家用,
士林區永公路３５５巷２號,,112/05/24,4388,0,104.5,,透天厝,19,全/二層,房地(土地+建物),土:1 建:1車:0,1房1廳1衛,,無,無,住家用,
士林區延平北路六段２２８號五樓,豐澤,112/05/24,4149,62.48,66.4,41.67%,華廈(10層含以下有電梯),2,五層/七層,房地(土地+建物)+車位,土:1 建:2車:1,4房3廳3衛,,有,有,住家用,含裝潢費;
士林區延平北路六段１１１號三樓,,112/05/24,540,36.44,14.82,58.48%,華廈(10層含以下有電梯),32,三層/六層,房地(土地+建物),土:1 建:1車:0,3房1廳1衛,,無,有,商業用,親友、員工、共有人或其他特殊關係間之交易;
士林區重慶北路四段２２２號十三樓之２,士科京璽,112/05/24,1738,62.89,27.64,57.12%,住宅大樓(11層含以上有電梯),6,十三層/十四層,房地(土地+建物)+車位,土:2 建:1車:1,1房2廳1衛,,有,有,住家用,夾層;
士林區福國路９８號六樓之６,雙子星,112/05/23,2200,59.52,36.96,80.81%,住宅大樓(11層含以上有電梯),44,六層/十四層,房地(土地+建物),土:1 建:1車:0,3房2廳2衛,,有,有,住家用,親友、員工、共有人或其他特殊關係間之交易;
士林區大光街８號,,112/05/23,2550,0,32.23,,透天厝,62,全/--,房地(土地+建物),土:1 建:1車:0,3房2廳2衛,,無,無,住家用,
士林區中山北路六段１５７巷１３號二樓之５,天母樂活,112/05/23,2875,69.79,41.2,55.37%,住宅大樓(11層含以上有電梯),15,二層/十五層,房地(土地+建物)+車位,土:1 建:1車:1,1房1廳1衛,,有,有,商業用,
士林區天母北路９巷４號四樓,,112/05/23,2070,57.03,36.3,80.94%,公寓(5樓含以下無電梯),42,四層/五層,房地(土地+建物),土:1 建:1車:0,3房2廳2衛,,無,無,住家用,陽台外推;其他增建;
士林區中山北路七段２１９巷８號五樓之６、五樓之７、五樓之８,富春居,112/05/23,3850.9,65.07,59.82,57.25%,華廈(10層含以下有電梯),34,五層/七層,房地(土地+建物)+車位,土:1 建:1車:1,2房2廳3衛,300,有,有,住家用,陽台外推;
士林區社中街２３１巷１２弄１號二樓,,112/05/22,906,47.44,19.1,100.00%,公寓(5樓含以下無電梯),49,二層/四層,房地(土地+建物),土:2 建:1車:0,2房2廳1衛,,無,無,住家用,陽台外推;其他增建;
士林區仰德大道一段９１巷１５號,,112/05/22,22500,0,48.5,,透天厝,61,全/二層,房地(土地+建物),土:2 建:1車:0,4房2廳2衛,,無,無,住家用,其他增建;
士林區中山北路七段８１巷２８弄８號九樓,天母紘琚,112/05/22,17641,89.11,197.97,55.88%,住宅大樓(11層含以上有電梯),12,九層/二十二層,房地(土地+建物)+車位,土:1 建:1車:6,4房2廳4衛,,有,有,住家用,含租約;
士林區天母東路８巷２１號二樓之１０,華琪,112/05/22,897,66.32,13.52,88.95%,華廈(10層含以下有電梯),47,"二層,陽台/七層",房地(土地+建物),土:2 建:1車:0,1房1廳1衛,,有,有,住家用,
士林區葫蘆街２３巷６號四樓,,112/05/21,910,45.91,19.82,100.00%,公寓(5樓含以下無電梯),50,四層/四層,房地(土地+建物),土:1 建:1車:0,3房1廳1衛,,無,無,住家用,其他增建;
士林區克強路１０巷１０弄３號五樓,,112/05/21,1150,75.79,15.17,77.55%,公寓(5樓含以下無電梯),42,五層/五層,房地(土地+建物),土:1 建:2車:0,2房2廳1衛,,無,無,住家用,陽台外推;
士林區中山北路六段４０５巷８７號七樓,谷畫青,112/05/21,5200,113.06,53.5,51.19%,華廈(10層含以下有電梯),6,七層/八層,房地(土地+建物)+車位,土:1 建:2車:1,3房2衛,320,有,有,住家用,其他增建;
士林區中山北路六段４０５巷８９號七樓,谷畫青,112/05/21,5150,113.01,53.78,51.40%,華廈(10層含以下有電梯),6,七層/八層,房地(土地+建物)+車位,土:1 建:2車:1,1房2廳,240,有,有,住家用,其他增建;
士林區承德路四段６巷４１號二樓,水研,112/05/21,1250,50.86,24.58,100.00%,公寓(5樓含以下無電梯),55,二層/四層,房地(土地+建物),土:2 建:1車:0,3房1廳1衛,,無,無,,
士林區重慶北路四段２１２號三樓,吉美悅河,112/05/21,4398,50.82,86.54,57.55%,住宅大樓(11層含以上有電梯),10,三層/十五層,房地(土地+建物)+車位,土:1 建:1車:2,4房2廳3衛,,有,有,住家用,梯廳增建其他增建;
士林區雨聲街５６之１號六樓,,112/05/20,2885,67.36,42.83,79.47%,華廈(10層含以下有電梯),39,六層/七層,房地(土地+建物),土:1 建:1車:0,4房2廳2衛,,無,有,住家用,
士林區士東路９１巷１２之１號五樓,凡爾賽,112/05/20,2780,73.58,37.78,75.15%,華廈(10層含以下有電梯),37,五層/七層,房地(土地+建物),土:1 建:1車:0,3房2廳2衛,,無,有,住家用,陽台外移且向外擴大其他增建;
士林區芝玉路一段２１２號三樓,,112/05/20,1950,62.13,31.39,86.73%,公寓(5樓含以下無電梯),39,三層/五層,房地(土地+建物),土:1 建:1車:0,3房2廳2衛,,無,無,住家用,陽台外推;其他增建;
士林區德行西路４８號三樓,萬象之都,112/05/20,4520,97.42,56.81,60.67%,住宅大樓(11層含以上有電梯),15,三層/十三層,房地(土地+建物)+車位,土:3 建:1車:1,3房2廳2衛,300,有,有,住家用,其他增建;
士林區承德路四段２７７巷３６號七樓,時尚春風,112/05/19,2080,78.16,28.73,65.89%,華廈(10層含以下有電梯),17,七層/八層,房地(土地+建物)+車位,土:1 建:1車:1,2房2廳1衛,180,有,有,住家用,
士林區社子街１２５巷３號二樓,,112/05/19,1245,51.39,24.23,100.00%,公寓(5樓含以下無電梯),47,"二層,陽台/四層",房地(土地+建物),土:1 建:1車:0,3房2廳2衛,,無,無,住家用,陽台外推;
士林區承德路四段６巷２號五樓,,112/05/19,1189,41.17,28.88,90.46%,公寓(5樓含以下無電梯),39,五層/五層,房地(土地+建物),土:1 建:1車:0,4房2廳2衛,,無,無,住家用,陽台外推;頂樓加蓋;
士林區士東路８８號三樓,璞氏集,112/05/19,5500,94,58.51,55.84%,住宅大樓(11層含以上有電梯),5,三層/十四層,房地(土地+建物)+車位,土:1 建:1車:1,2房2廳2衛,,有,有,住家用,
士林區環河北路三段１１１號六樓之１,天星花園,112/05/19,1030,39.75,25.92,67.38%,住宅大樓(11層含以上有電梯),19,六層/十三層,房地(土地+建物)+車位,土:2 建:2車:1,2房1廳1衛,,有,有,住家用,鐵鋁窗增建、公設增建、室內面積變更做陽台其他增建;
士林區中山北路七段１４巷３１弄３號五樓,,112/05/18,1950,55.78,34.96,74.01%,公寓(5樓含以下無電梯),43,五層/五層,房地(土地+建物),土:2 建:1車:0,3房2廳2衛,,無,無,住家用,陽台外推;頂樓加蓋;其他增建;
士林區中山北路六段４１９巷２９號三樓,,112/05/18,1950,56.55,34.48,87.07%,公寓(5樓含以下無電梯),43,三層/五層,房地(土地+建物),土:7 建:1車:0,3房2廳2衛,,無,無,商業用,陽台外推;其他增建;
士林區承德路四段６巷８號二樓,,112/05/18,1400,57.99,24.14,85.06%,公寓(5樓含以下無電梯),44,二層/五層,房地(土地+建物),土:1 建:1車:0,2房2廳1衛,,無,無,住家用,陽台外推;其他增建;
士林區大南路４０８巷１號四樓,,112/05/18,1220,41.18,29.63,100.00%,公寓(5樓含以下無電梯),51,四層/四層,房地(土地+建物),土:1 建:1車:0,3房2廳1衛,,無,無,住家用,
士林區大東路１４６號三樓；福德路１９之２號、１９之３號三樓,,112/05/18,1308,73.8,17.72,100.00%,公寓(5樓含以下無電梯),48,三層/四層,房地(土地+建物),土:1 建:1車:0,3房1廳1衛,,無,無,住家用,親友、員工、共有人或其他特殊關係間之交易;
士林區中正路６８５號,忠誠,112/05/18,1590,49.61,32.05,68.88%,住宅大樓(11層含以上有電梯),40,一層/十二層,房地(土地+建物),土:1 建:1車:0,3房1廳2衛,,有,有,住家用,
士林區通河西街一段９５號,,112/05/17,1830,70.42,25.99,100.00%,公寓(5樓含以下無電梯),54,一層/四層,房地(土地+建物),土:1 建:1車:0,1廳1衛,,無,無,住家用,其他增建;
士林區中山北路六段４０５巷３６號七樓,,112/05/17,2700,62.63,43.11,82.71%,華廈(10層含以下有電梯),39,七層/七層,房地(土地+建物),土:1 建:1車:0,3房2廳2衛,,無,有,住家用,頂樓加蓋;其他增建;
士林區士東路６號六樓,,112/05/17,1250,56.77,22.02,84.46%,華廈(10層含以下有電梯),38,六層/七層,房地(土地+建物),土:1 建:1車:0,3房2廳2衛,,有,有,住家用,本件係二等親間之買賣，買賣雙方原為產權共有人。親友、員工、共有人或其他特殊關係間之交易;
士林區中山北路六段４０５巷３４號五樓,,112/05/17,3500,75.66,46.26,63.07%,華廈(10層含以下有電梯),30,五層/六層,房地(土地+建物)+車位,土:1 建:1車:1,3房2廳2衛,,有,有,住家用,親友、員工、共有人或其他特殊關係間之交易;陽台外推;其他增建;
士林區故宮路４１巷５號,,112/05/17,900,50.32,17.89,100.00%,公寓(5樓含以下無電梯),48,"一層,平台/四層",房地(土地+建物),土:1 建:1車:0,3房2廳2衛,,無,無,住家用,親友、員工、共有人或其他特殊關係間之交易;
士林區中正路２４７巷３６號四樓之１,士林竣,112/05/17,4850,106.99,51.01,58.58%,住宅大樓(11層含以上有電梯),,四層/十一層,房地(土地+建物)+車位,土:1 建:1車:2,1房1廳2衛,380,有,有,住家用,預售屋、或土地及建物分件登記案件;
士林區中山北路七段１４１巷２３號三樓,君御,112/05/16,4588,86.52,53.03,57.92%,華廈(10層含以下有電梯),1,三層/八層,房地(土地+建物)+車位,土:1 建:1車:1,3房2廳2衛,,有,有,住家用,
士林區至善路二段４６０巷１６號,,112/05/16,3200,0,42.06,,透天厝,48,全/二層,房地(土地+建物),土:3 建:1車:0,5房3廳6衛,,有,無,住家用,
士林區中山北路六段４４１巷２７號三樓,,112/05/16,1850,55.74,33.19,88.68%,公寓(5樓含以下無電梯),44,三層/五層,房地(土地+建物),土:2 建:1車:0,3房2廳1衛,,無,無,住家用,親友、員工、共有人或其他特殊關係間之交易;
士林區芝玉路一段２２２號八樓之５,遠雄天母,112/05/15,4500,81.18,62.4,57.92%,住宅大樓(11層含以上有電梯),15,八層/十八層,房地(土地+建物)+車位,土:1 建:1車:1,3房2廳2衛,250,有,有,住家用,
士林區重慶北路四段２２０巷２１弄１４號,,112/05/15,1775,0,37.99,,透天厝,54,全/三層,房地(土地+建物),土:1 建:1車:0,3房3廳3衛,,無,無,住家用,陽台外推;其他增建;
士林區重慶北路四段２２０巷２１弄１２號,,112/05/15,1775,0,37.99,,透天厝,54,全/三層,房地(土地+建物),土:1 建:1車:0,3房3廳3衛,,無,無,住家用,頂樓加蓋;其他增建;
士林區大南路３２５號十四樓之８,新天地,112/05/15,6880,39.58,173.84,59.09%,住宅大樓(11層含以上有電梯),15,十四層/十四層,房地(土地+建物)+車位,土:1 建:1車:3,,,有,有,商業用,親友、員工、共有人或其他特殊關係間之交易;含租約;
士林區延平北路六段４７７號十二樓,亞太企業中心,112/05/15,8837,40.55,217.94,55.56%,住宅大樓(11層含以上有電梯),9,十二層/十四層,房地(土地+建物)+車位,土:1 建:2車:5,,,有,有,商業用,
士林區延平北路六段４７５號十二樓,亞太企業中心,112/05/15,8826,40.5,217.94,55.56%,住宅大樓(11層含以上有電梯),9,十二層/十四層,房地(土地+建物)+車位,土:1 建:2車:5,,,有,有,商業用,
士林區文林路５００號十二樓,囍堂,112/05/14,2600,107.88,24.1,63.44%,住宅大樓(11層含以上有電梯),10,十二層/十三層,房地(土地+建物)+車位,土:1 建:1車:1,2房2廳1衛,,有,有,住家用,夾層;其他增建;
士林區文林路５００號四樓之２,囍堂,112/05/14,2450,99.9,24.52,57.86%,住宅大樓(11層含以上有電梯),10,四層/十三層,房地(土地+建物)+車位,土:1 建:1車:1,2房2廳1衛,,有,有,住家用,
士林區士東路２６６巷１６弄２號四樓,,112/05/13,2175,53.96,40.31,85.51%,公寓(5樓含以下無電梯),39,四層/五層,房地(土地+建物),土:2 建:1車:0,4房2廳2衛,,無,無,住家用,
士林區承德路四段２９７巷３１號,,112/05/13,968,61.68,15.69,100.00%,公寓(5樓含以下無電梯),54,一層/三層,房地(土地+建物),土:1 建:1車:0,1衛,,無,無,住家用,
士林區中社路二段４６巷１號,,112/05/13,1000,47.46,21.07,100.00%,公寓(5樓含以下無電梯),47,一層/四層,房地(土地+建物),土:1 建:1車:0,3房2廳1衛,,無,無,住家用,其他增建;
士林區忠誠路二段１１８巷１１弄８號,,112/05/13,4258,0,29.26,,透天厝,51,全/二層,房地(土地+建物),土:1 建:1車:0,5房3廳3衛,,無,無,住家用,頂樓加蓋;其他增建;
士林區中山北路六段４０５巷８５號五樓,天母金鑽,112/05/12,6000,61.94,96.88,51.45%,華廈(10層含以下有電梯),10,五層/八層,房地(土地+建物)+車位,土:1 建:1車:3,4房2廳4衛,,有,有,住家用,陽台外推;夾層;其他增建;
士林區通河西街二段２４號二樓,高人一等,112/05/12,1209,50,24.18,58.01%,華廈(10層含以下有電梯),24,二層/九層,房地(土地+建物),土:1 建:1車:0,2房1廳1衛,,有,有,商業用,親友、員工、共有人或其他特殊關係間之交易;
士林區中山北路六段２３６巷７號五樓之２,天母靜好,112/05/12,3750,82.9,45.23,55.30%,住宅大樓(11層含以上有電梯),1,五層/十四層,房地(土地+建物)+車位,土:1 建:1車:1,2房1廳1衛,,有,有,住家用,
士林區中正路６５５巷６號十四樓,渼士林,112/05/11,2800,53.69,52.15,58.53%,住宅大樓(11層含以上有電梯),9,十四層/十五層,房地(土地+建物)+車位,土:1 建:1車:1,3房2廳2衛,,有,有,住家用,
士林區延平北路五段４７號,,112/05/11,304,0,2.7,,透天厝,63,全/二層,房地(土地+建物),土:2 建:1車:0,4房2廳1衛,,無,無,商業用,親友、員工、共有人或其他特殊關係間之交易;
士林區德行東路２５８號九樓之１,日日好日,112/05/11,5060,111.82,53.89,58.46%,住宅大樓(11層含以上有電梯),1,九層/十四層,房地(土地+建物)+車位,土:1 建:2車:1,3房2廳2衛,300,有,有,住家用,112年7月10日指定登記名義人含裝潢費;
士林區中社路二段９１巷９號二樓,,112/05/11,850,40.84,20.81,100.00%,公寓(5樓含以下無電梯),47,二層/四層,房地(土地+建物),土:1 建:1車:0,3房2廳1衛,,無,無,住家用,其他增建;
士林區忠誠路二段１４０巷１８弄２號四樓,,112/05/11,920,26.55,34.66,77.89%,公寓(5樓含以下無電梯),42,四層/五層,房地(土地+建物),土:3 建:1車:0,3房2廳2衛,,無,無,住家用,"本案地下一層有停車空間,但須定期抽籤,本案無車位。親友、員工、共有人或其他特殊關係間之交易;"
士林區延平北路八段１８７巷１弄１６號二樓,,112/05/10,840,38.42,21.86,100.00%,公寓(5樓含以下無電梯),54,二層/三層,房地(土地+建物),土:1 建:1車:0,3房2廳1衛,,無,無,住家用,陽台外推;
士林區福林路３７３號,,112/05/10,1295.8,0,5.91,,透天厝,54,全/二層,房地(土地+建物),土:1 建:1車:0,2房2廳2衛,,無,無,住家用,
士林區福林路３７３號,,112/05/10,739.1,0,3.38,,透天厝,54,全/二層,房地(土地+建物),土:1 建:1車:0,2房2廳2衛,,無,無,住家用,
士林區中山北路七段８７號七樓,國泰天母,112/05/09,18200,91.39,199.15,57.67%,住宅大樓(11層含以上有電梯),9,七層/十九層,房地(土地+建物)+車位,土:1 建:1車:6,,,有,有,住家用,
士林區忠誠路二段７６巷８號五樓,,112/05/09,1800,57.05,31.55,89.04%,公寓(5樓含以下無電梯),45,五層/五層,房地(土地+建物),土:2 建:1車:0,3房2廳2衛,,無,無,住家用,親友、員工、共有人或其他特殊關係間之交易;
士林區福壽街４５號六樓之１,築禾韻,112/05/09,1626,83.9,19.38,57.11%,華廈(10層含以下有電梯),7,六層/七層,房地(土地+建物),土:2 建:1車:0,2房2廳1衛,,有,有,住家用,懸空增建陽台外推;夾層;其他增建;
士林區中正路６０１號八樓之１,台北市百齡,112/05/09,1218,46.24,26.34,72.91%,住宅大樓(11層含以上有電梯),43,八層/十二層,房地(土地+建物),土:2 建:1車:0,2房2廳1衛,,有,有,住家用,陽台加窗陽台外推;其他增建;
士林區中正路６０１號八樓之２,台北市百齡,112/05/09,570,46.41,12.28,74.80%,住宅大樓(11層含以上有電梯),43,八層/十二層,房地(土地+建物),土:2 建:1車:0,1房1衛,,有,有,住家用,陽台加窗陽台外推;其他增建;
士林區華齡街１８５巷６號七樓,國家園首元首特區,112/05/08,3880,78,54.29,59.69%,住宅大樓(11層含以上有電梯),15,七層/十五層,房地(土地+建物)+車位,土:1 建:1車:1,3房2廳2衛,150,有,有,住家用,陽台外推;
士林區社中街１５６巷３５號七樓,金星水悅,112/05/08,2450,49.14,50.87,53.38%,華廈(10層含以下有電梯),10,七層/七層,房地(土地+建物)+車位,土:1 建:1車:1,4房2廳2衛,120,無,有,住家用,陽台外推;
士林區文林路４７２號十三樓之１,永泉,112/05/08,1350,103.83,13,59.07%,住宅大樓(11層含以上有電梯),,十三層/十三層,房地(土地+建物),土:1 建:1車:0,1房1廳1衛,,有,有,住家用,預售屋、或土地及建物分件登記案件;
士林區中正路６５８號,,112/05/08,400,45.8,8.73,74.09%,公寓(5樓含以下無電梯),43,一層/五層,房地(土地+建物),土:1 建:1車:0,1衛,,無,無,其他,親友、員工、共有人或其他特殊關係間之交易;其他增建;
士林區中山北路六段２３６巷１弄１７號二樓,,112/05/08,1900,77.96,24.37,100.00%,公寓(5樓含以下無電梯),51,二層/二層,房地(土地+建物),土:1 建:1車:0,3房2廳2衛,,無,無,住家用,頂樓加蓋;
士林區通河街１２１號三樓,,112/05/08,1500,35.16,42.67,91.51%,公寓(5樓含以下無電梯),49,三層/四層,房地(土地+建物),土:2 建:1車:0,3房2廳2衛,,無,無,住家用,親友、員工、共有人或其他特殊關係間之交易;
士林區通河街３２５巷８之４號,劍潭國宅D區,112/05/08,435,48.78,8.92,89.15%,公寓(5樓含以下無電梯),52,四層/五層,房地(土地+建物),土:1 建:1車:0,1房1廳1衛,,有,無,住家用,
士林區通河街１７號二樓,圓山迎春風,112/05/07,2320,60.54,38.32,46.42%,華廈(10層含以下有電梯),10,二層/八層,房地(土地+建物)+車位,土:1 建:1車:1,3房1廳1衛,,有,有,住家用,夾層;其他增建;
士林區忠誠路一段１１５號四樓,天母鉅星,112/05/06,4300,83.42,57.81,93.85%,住宅大樓(11層含以上有電梯),33,四層/十二層,房地(土地+建物)+車位,土:1 建:1車:1,4房2廳2衛,250,有,有,住家用,
士林區福志路１９號二樓,,112/05/06,2120,64.59,32.82,92.36%,公寓(5樓含以下無電梯),42,二層/四層,房地(土地+建物),土:4 建:1車:0,3房2廳2衛,,無,無,住家用,陽台外推;
士林區承德路四段２９２巷１１弄７號二樓,,112/05/06,1962,47.99,40.88,77.97%,公寓(5樓含以下無電梯),39,二層/五層,房地(土地+建物),土:2 建:1車:0,4房2廳2衛,,無,無,住家用,陽台外推;其他增建;
士林區雨聲街８巷９之１號三樓,,112/05/06,1866,52.1,35.82,85.23%,公寓(5樓含以下無電梯),41,三層/五層,房地(土地+建物),土:1 建:1車:0,3房2廳2衛,,無,無,住家用,其他增建;
士林區忠誠路二段２８號二樓,仰德華廈,112/05/05,3880.7,73,53.16,75.89%,住宅大樓(11層含以上有電梯),40,二層/十四層,房地(土地+建物),土:1 建:1車:0,3房1廳2衛,,有,有,住家用,
士林區承德路四段４０巷４９號三樓之７,劍潭整宅貳期,112/05/05,480,51.69,9.29,89.58%,華廈(10層含以下有電梯),51,三層/五層,房地(土地+建物),土:1 建:1車:0,1房1廳1衛,,有,有,住家用,陽台外推;
士林區中社路二段１３號三樓,,112/05/04,1400,44.61,31.38,100.00%,公寓(5樓含以下無電梯),48,三層/四層,房地(土地+建物),土:1 建:1車:0,3房2廳2衛,,無,無,住家用,其他增建;
士林區中山北路七段１９１巷２１號五樓,,112/05/04,2660,62.68,42.44,75.69%,華廈(10層含以下有電梯),42,五層/七層,房地(土地+建物),土:1 建:1車:0,4房2廳2衛,,無,有,住家用,陽台外推;其他增建;
士林區中山北路七段１４１巷１４弄１之３號四樓,天母一莊,112/05/03,19000,112.31,197.57,60.85%,華廈(10層含以下有電梯),13,"四層,五層,屋頂突出物/五層",房地(土地+建物)+車位,土:1 建:1車:4,6房3廳6衛,"1,260",有,有,住家用,其他增建;
士林區雙溪街１０４號三樓之２,天母雅宴,112/05/03,656,77.34,8.48,78.21%,華廈(10層含以下有電梯),31,三層/九層,房地(土地+建物),土:1 建:1車:0,1廳1衛,,有,有,住家用,其他增建;
士林區芝玉路二段２０巷１１３號十二樓,天母白金賞,112/05/03,8000,92.39,86.59,66.54%,住宅大樓(11層含以上有電梯),21,"十二層,十三層/十三層",房地(土地+建物)+車位,土:1 建:1車:1,4房2廳3衛,,有,有,住家用,親友、員工、共有人或其他特殊關係間之交易;
士林區延平北路五段５９巷８弄１１號,,112/05/03,775,39.43,19.65,100.00%,公寓(5樓含以下無電梯),51,一層/四層,房地(土地+建物),土:1 建:1車:0,2房1廳1衛,,無,無,住家用,含租約;
士林區通河街１７號四樓,圓山迎春風,112/05/03,2350,61.19,38.4,33.85%,華廈(10層含以下有電梯),10,四層/八層,房地(土地+建物)+車位,土:1 建:1車:1,2房2廳1衛,280,有,有,住家用,
士林區忠誠路一段１００巷１５弄３號十二樓,陽明新城,112/05/03,2900,79.58,36.44,75.60%,住宅大樓(11層含以上有電梯),35,十二層/十五層,房地(土地+建物)+車位,土:3 建:1車:1,3房2廳2衛,,有,有,住家用,車位須定期抽籤決定使用權陽台外推;
士林區至善路二段９０號四樓之２,川普至善Villa,112/05/03,2100,79.75,33.57,56.48%,華廈(10層含以下有電梯),8,四層/五層,房地(土地+建物)+車位,土:1 建:1車:1,1房1廳1衛,280,有,有,住家用,
士林區和豐街２０號四樓之１,,112/05/03,860,25.82,33.31,100.00%,公寓(5樓含以下無電梯),49,四層/四層,房地(土地+建物),土:1 建:1車:0,3房2廳1衛,,無,無,住家用,親友、員工、共有人或其他特殊關係間之交易;
士林區東山路１００巷１２號五樓,,112/05/02,1500,40.96,36.62,86.43%,公寓(5樓含以下無電梯),39,五層/五層,房地(土地+建物),土:1 建:1車:0,4房2廳2衛,,無,無,住家用,親友、員工、共有人或其他特殊關係間之交易;
士林區美崙街４９巷１號,,112/05/02,650,81.64,7.96,100.00%,公寓(5樓含以下無電梯),55,一層/二層,房地(土地+建物),土:1 建:1車:0,2房1廳1衛,,無,無,住家用,親友、員工、共有人或其他特殊關係間之交易;
士林區芝玉路二段８９巷２號四樓,,112/05/02,1700,55.1,30.86,89.17%,公寓(5樓含以下無電梯),45,四層/五層,房地(土地+建物),土:1 建:1車:0,3房1廳1衛,,無,無,住家用,其他增建;
士林區中山北路七段１８２號七樓之５,,112/05/02,1980,67.33,29.41,90.51%,華廈(10層含以下有電梯),46,七層/七層,房地(土地+建物),土:2 建:1車:0,3房2廳2衛,,有,有,住家用,陽台外推;
士林區忠誠路一段３９號六樓,士林御花園,112/05/02,2820,71.47,39.46,75.56%,華廈(10層含以下有電梯),38,六層/七層,房地(土地+建物),土:1 建:1車:0,3房2廳2衛,,有,有,住家用,陽台外推;
士林區克強路４號五樓,,112/05/02,500,24.83,20.14,90.69%,華廈(10層含以下有電梯),45,五層/七層,房地(土地+建物),土:1 建:1車:0,4房2廳2衛,,無,有,住家用,土地增值稅由買方負擔親友、員工、共有人或其他特殊關係間之交易;
士林區德行東路３３１巷５０弄１０號四樓,,112/05/01,2005,51.11,39.23,88.89%,公寓(5樓含以下無電梯),43,四層/五層,房地(土地+建物),土:2 建:1車:0,3房2廳2衛,,無,無,住家用,陽台外推;其他增建;
士林區中山北路五段５０５巷４６弄６號三樓,,112/05/01,1900,94.82,20.04,100.00%,公寓(5樓含以下無電梯),50,三層/三層,房地(土地+建物),土:1 建:1車:0,2房2廳1衛,,無,無,住家用,頂樓加蓋;其他增建;
士林區天玉街３８巷２５號三樓,,112/05/01,1820,60.29,30.19,93.01%,公寓(5樓含以下無電梯),45,三層/四層,房地(土地+建物),土:2 建:1車:0,3房2廳2衛,,無,無,住家用,
士林區通河街３２３巷５５之５號,劍潭國宅D區,112/04/30,575,52.84,10.88,91.10%,公寓(5樓含以下無電梯),52,五層/五層,房地(土地+建物),土:1 建:1車:0,2房1廳1衛,,無,無,住家用,頂樓加蓋;其他增建;
士林區天母西路６９號六樓,齊賢,112/04/30,2125,73.75,28.81,88.88%,華廈(10層含以下有電梯),45,六層/七層,房地(土地+建物),土:2 建:1車:0,3房2廳2衛,,有,有,住家用,陽台外推;其他增建;
士林區中山北路七段１９０巷１２弄１３號,,112/04/30,3396,52.23,65.03,88.20%,華廈(10層含以下有電梯),36,一層/七層,房地(土地+建物)+車位,土:1 建:1車:1,5房2廳2衛,,無,有,住家用,其他增建;
士林區承德路四段１９５巷６號三樓,圓山官邸,112/04/30,6400,87.21,88.87,61.56%,住宅大樓(11層含以上有電梯),15,三層/十二層,房地(土地+建物)+車位,土:1 建:1車:2,3房2廳3衛,560,有,有,住家用,夾層;
士林區葫東街１０巷６號三樓,,112/04/30,1156,45.82,25.23,100.00%,公寓(5樓含以下無電梯),55,三層/四層,房地(土地+建物),土:1 建:1車:0,3房2廳2衛,,無,無,住家用,其他增建;
士林區至誠路二段４５之１號五樓,,112/04/30,1730,53.11,32.58,80.95%,公寓(5樓含以下無電梯),41,五層/五層,房地(土地+建物),土:1 建:1車:0,3房2廳2衛,,無,無,住家用,頂樓加蓋;其他增建;
士林區德行東路２０９巷３號二樓,,112/04/30,2406,55.87,43.06,86.95%,公寓(5樓含以下無電梯),44,二層/五層,房地(土地+建物),土:1 建:1車:0,4房2廳2衛,,無,無,住家用,鐵鋁窗增建陽台外推;其他增建;
士林區中山北路六段１９５巷１８弄２之１號三樓,,112/04/29,1938,64.5,30.04,89.13%,公寓(5樓含以下無電梯),48,三層/四層,房地(土地+建物),土:1 建:1車:0,3房2廳2衛,,無,無,住家用,
士林區中正路２０１巷２２號,,112/04/29,3566,0,32.9,,透天厝,59,全/--,房地(土地+建物),土:1 建:1車:0,5房3廳3衛,,無,無,住家用,頂樓加蓋;
士林區延平北路六段２５８巷３６弄３號三樓,,112/04/28,210,35.35,5.94,88.75%,公寓(5樓含以下無電梯),43,三層/四層,房地(土地+建物),土:1 建:1車:0,3房2廳2衛,,無,無,住家用,親友、員工、共有人或其他特殊關係間之交易;
士林區中山北路六段４０５巷６９號六樓之２,鼎真麗澤,112/04/28,6400,93.79,84.37,63.53%,華廈(10層含以下有電梯),14,六層/九層,房地(土地+建物)+車位,土:1 建:1車:2,3房2廳2衛,600,有,有,住家用,
士林區德行東路２５８號五樓,日日好日,112/04/28,5300,95.31,64.76,58.91%,住宅大樓(11層含以上有電梯),1,五層/十四層,房地(土地+建物)+車位,土:1 建:2車:1,,300,有,有,住家用,
士林區重慶北路四段４９巷２０弄４之２號,,112/04/28,1320,0,32.51,,透天厝,57,全/二層,房地(土地+建物),土:1 建:1車:0,2廳2衛,,無,無,住家用,夾層;其他增建;
士林區雨農路７８號四樓,雨農山莊,112/04/28,4080,62,65.81,52.71%,住宅大樓(11層含以上有電梯),18,四層/十二層,房地(土地+建物)+車位,土:1 建:1車:1,4房2廳2衛,,有,有,住家用,
士林區中山北路六段１６１號二樓之４,雙星華廈,112/04/28,2358,74.98,31.45,78.07%,華廈(10層含以下有電梯),45,二層/七層,房地(土地+建物),土:2 建:1車:0,3房2廳2衛,,有,有,住家用,陽台外推;其他增建;
士林區中山北路六段７２８巷１５號四樓,,112/04/27,2130,59.56,35.76,87.35%,公寓(5樓含以下無電梯),37,四層/五層,房地(土地+建物),土:1 建:1車:0,2房2廳2衛,,無,無,住家用,其他增建;
士林區前街７９之１號四樓,,112/04/27,1300,57.48,22.62,91.95%,公寓(5樓含以下無電梯),46,四層/四層,房地(土地+建物),土:1 建:1車:0,3房1廳1衛,,無,無,住家用,
士林區陽明路一段３２之１號三樓,,112/04/27,1580,28.57,55.3,83.04%,公寓(5樓含以下無電梯),44,三層/五層,房地(土地+建物),土:1 建:1車:0,4房2廳3衛,,無,無,住家用,親友、員工、共有人或其他特殊關係間之交易;
士林區天母北路４２之１號三樓,黃石翠庭,112/04/27,6650,71.03,96.5,86.59%,住宅大樓(11層含以上有電梯),32,三層/十二層,房地(土地+建物)+車位,土:1 建:1車:1,6房2廳4衛,220,有,有,住家用,
士林區德行東路２５８號二樓,日日好日,112/04/26,5800,101.11,72.12,58.84%,住宅大樓(11層含以上有電梯),1,二層/十四層,房地(土地+建物)+車位,土:1 建:2車:2,4房2廳2衛,490,有,有,住家用,
士林區中山北路五段５２６號七樓,欣翰士林官邸,112/04/26,16700,98.47,199.14,50.06%,住宅大樓(11層含以上有電梯),8,七層/十二層,房地(土地+建物)+車位,土:1 建:1車:4,3房1廳3衛,"1,300",有,有,辦公用,
士林區中山北路六段２３６巷９號八樓之２,天母靜好,112/04/26,4118,112.58,46.24,56.78%,住宅大樓(11層含以上有電梯),1,八層/十四層,房地(土地+建物)+車位,土:1 建:1車:1,3房2廳1衛,300,有,有,住家用,
士林區大東路１３號地下,,112/04/26,120,13.59,8.83,100.00%,公寓(5樓含以下無電梯),46,地下層/五層,房地(土地+建物),土:2 建:1車:0,,,無,無,其他,
士林區芝玉路一段２２３巷１６號五樓,,112/04/26,1100,33.53,32.81,88.29%,公寓(5樓含以下無電梯),40,五層/五層,房地(土地+建物),土:1 建:1車:0,3房2廳1衛,,無,無,住家用,海砂屋
士林區雨農路３０之５號四樓,,112/04/26,1850,49.42,37.43,87.96%,公寓(5樓含以下無電梯),43,四層/四層,房地(土地+建物),土:1 建:1車:0,4房2廳2衛,,無,無,住家用,
士林區中山北路五段４６１巷３號,,112/04/26,1900,0,6.15,,透天厝,62,全/二層,房地(土地+建物),土:4 建:1車:0,2房2廳2衛,,無,無,住家用,親友、員工、共有人或其他特殊關係間之交易;未登記建物;
士林區德行東路４６巷７弄７號,,112/04/25,3870,95.76,40.41,89.63%,公寓(5樓含以下無電梯),46,一層/四層,房地(土地+建物),土:5 建:1車:0,3房2廳2衛,,有,無,住家用,其他增建;
士林區永公路３巷５號四樓,,112/04/25,1800,36.17,49.77,100.00%,公寓(5樓含以下無電梯),53,四層/四層,房地(土地+建物),土:1 建:1車:0,4房2廳2衛,,無,無,住家用,陽台外推;
士林區環河北路三段１７１號二樓,,112/04/25,850,33.05,25.72,87.22%,公寓(5樓含以下無電梯),42,二層/五層,房地(土地+建物),土:2 建:1車:0,3房1廳1衛,,無,無,住家用,親友、員工、共有人或其他特殊關係間之交易;
士林區文林路７０８號十二樓,,112/04/25,2500,71.26,35.08,54.73%,住宅大樓(11層含以上有電梯),,十二層/十三層,房地(土地+建物)+車位,土:1 建:1車:1,3房2廳2衛,160,有,有,住家用,親友、員工、共有人或其他特殊關係間之交易;預售屋、或土地及建物分件登記案件;
士林區重慶北路四段２２２號十三樓,士科京璽,112/04/25,2090,53.64,38.96,52.05%,住宅大樓(11層含以上有電梯),6,十三層/十四層,房地(土地+建物)+車位,土:2 建:1車:1,1房1廳1衛,,有,有,住家用,
士林區承德路四段４０巷２號二樓之１１,劍潭整宅B區,112/04/25,633,58.18,10.88,91.10%,公寓(5樓含以下無電梯),53,一層/五層,房地(土地+建物),土:1 建:1車:0,1房1廳1衛,,無,無,住家用,陽台外推;其他增建;
士林區通河街３２３巷５３之３號,劍潭國宅D區,112/04/24,345,31.71,10.88,91.10%,公寓(5樓含以下無電梯),52,三層/五層,房地(土地+建物),土:1 建:1車:0,2房1廳1衛,,無,無,住家用,親友、員工、共有人或其他特殊關係間之交易;
士林區重慶北路四段８１號四樓之８,台北市大興,112/04/23,1175,52.98,22.18,72.17%,華廈(10層含以下有電梯),44,四層/七層,房地(土地+建物),土:1 建:1車:0,2房1廳1衛,,有,有,住家用,格局變更、鐵窗。
士林區前港街２９號二樓,,112/04/23,1960,45.01,43.54,87.11%,公寓(5樓含以下無電梯),42,二層/五層,房地(土地+建物),土:1 建:1車:0,4房1廳1衛,,無,無,工業用,陽台外推;
士林區中山北路七段１４巷６３弄２２號,羅馬儷園,112/04/23,1750,55.62,31.46,79.27%,公寓(5樓含以下無電梯),38,一層/五層,房地(土地+建物),土:1 建:1車:0,3房2廳2衛,,有,無,住家用,其他增建;
士林區天母西路３號一樓之１４,天母國際,112/04/23,520,116.54,4.46,59.86%,住宅大樓(11層含以上有電梯),45,一層/十一層,房地(土地+建物),土:2 建:1車:0,,,有,有,商業用,
士林區天母東路８４之１號二樓,藝術家,112/04/23,3608,65.48,55.1,64.98%,華廈(10層含以下有電梯),37,二層/七層,房地(土地+建物),土:1 建:1車:0,4房2廳2衛,,有,有,住家用,陽台加窗陽台外推;其他增建;
士林區通河西街二段１２６號三樓,杜拜,112/04/23,3080,51.07,66.36,53.99%,住宅大樓(11層含以上有電梯),12,三層/十四層,房地(土地+建物)+車位,土:1 建:1車:1,3房2廳2衛,250,有,有,住家用,其他增建;
士林區中山北路七段１１４巷６０弄６號四樓之３,,112/04/23,2268,58.2,38.97,68.89%,華廈(10層含以下有電梯),40,四層/七層,房地(土地+建物),土:1 建:1車:0,3房2廳2衛,,有,有,住家用,陽台外推;其他增建;
士林區菁山路７２巷２９號三樓,,112/04/23,2400,67.96,35.31,52.68%,華廈(10層含以下有電梯),2,三層/四層,房地(土地+建物)+車位,土:3 建:1車:1,2房2廳2衛,,無,有,住家用,
士林區格致路２０巷１號三樓之５,華崗,112/04/23,370,51.87,7.13,57.29%,華廈(10層含以下有電梯),22,三層/九層,房地(土地+建物),土:1 建:1車:0,1房1廳1衛,,有,有,商業用,含租約;
士林區天玉街３８巷１２號三樓之５,天母蘭桂坊,112/04/22,700,86.09,8.13,58.48%,住宅大樓(11層含以上有電梯),26,三層/十一層,房地(土地+建物),土:1 建:1車:0,1廳1衛,,有,有,住家用,陽台外推;
士林區葫蘆街１３５巷１１號五樓,,112/04/22,1060,39.44,26.88,83.97%,公寓(5樓含以下無電梯),43,五層/五層,房地(土地+建物),土:3 建:1車:0,3房2廳1衛,,無,無,住家用,陽台外推;頂樓加蓋;其他增建;
士林區克強路１０巷９弄７號五樓,,112/04/22,1556,43.69,35.62,85.15%,公寓(5樓含以下無電梯),44,五層/五層,房地(土地+建物),土:1 建:1車:0,3房2廳2衛,,無,無,住家用,其他增建;
士林區士商路１４９之６號二樓,隱士林,112/04/22,4180,87.13,52.86,61.93%,住宅大樓(11層含以上有電梯),17,二層/十三層,房地(土地+建物)+車位,土:1 建:2車:1,2房2廳2衛,250,有,有,住家用,雨遮加蓋陽台外推;其他增建;
士林區忠義街７１巷１３弄６號五樓,,112/04/22,1568,52.19,30.04,87.49%,公寓(5樓含以下無電梯),42,五層/五層,房地(土地+建物),土:1 建:1車:0,3房2廳1衛,,無,無,住家用,
士林區福港街２４４巷７號,,112/04/21,1830,49.72,36.81,100.00%,公寓(5樓含以下無電梯),46,"四層,陽台/四層",房地(土地+建物),土:1 建:1車:0,3房2廳2衛,,無,無,住家用,陽台外推;頂樓加蓋;其他增建;
士林區中山北路七段８２巷１２號十一樓,遠雄陽明,112/04/21,14520,92.93,177.1,60.97%,住宅大樓(11層含以上有電梯),18,"十一層,十二層/十四層",房地(土地+建物)+車位,土:1 建:1車:3,6房3廳5衛,840,有,有,住家用,陽台外推;
士林區中山北路六段４２７巷１２號五樓,,112/04/21,1460,59.76,24.43,90.97%,公寓(5樓含以下無電梯),45,五層/五層,房地(土地+建物),土:2 建:1車:0,3房2廳1衛,,無,無,住家用,陽台外推;其他增建;
士林區延平北路五段４７號,,112/04/21,44.7,0,0.67,,透天厝,63,全/二層,房地(土地+建物),土:2 建:1車:0,4房2廳1衛,,無,無,商業用,持分買賣
士林區承德路四段１２巷５號二樓,,112/04/21,655,29.68,22.07,100.00%,公寓(5樓含以下無電梯),50,"二層,陽台/四層",房地(土地+建物),土:1 建:1車:0,3房2廳1衛,,無,無,住家用,親友、員工、共有人或其他特殊關係間之交易;
士林區文林路１４４巷２２號四樓,圓山藏富,112/04/20,1453,79.96,18.17,54.10%,華廈(10層含以下有電梯),1,四層/五層,房地(土地+建物),土:1 建:1車:0,,,有,有,辦公用,
士林區格致路１７９號三樓之１,御陽明,112/04/20,6900,65.72,123.57,60.07%,華廈(10層含以下有電梯),10,三層/四層,房地(土地+建物)+車位,土:1 建:1車:3,,600,有,有,住家用,三個停車位未拆分單價
士林區大南路３６７號四樓,盛福產業樓管委會,112/04/20,6347.1,46.26,137.2,77.01%,華廈(10層含以下有電梯),14,"四層,五層/七層",房地(土地+建物)+車位,土:2 建:4車:2,1房1衛,,有,有,商業用,不動產作價抵股款 30783.32931.32932建號無管理組織無.有貨梯7房1廳5衛
士林區大南路３８７號,,112/04/20,2251,39.29,57.29,100.00%,公寓(5樓含以下無電梯),57,"一層,騎樓/三層",房地(土地+建物),土:1 建:3車:0,7房1廳5衛,,無,無,住家用,不動產作價抵股款 有運貨電梯
士林區福港街２６２巷８號三樓,,112/04/20,1460,50.69,28.8,88.94%,公寓(5樓含以下無電梯),43,三層/五層,房地(土地+建物),土:1 建:1車:0,3房2廳2衛,,無,無,住家用,
士林區承德路四段８８號六樓之３,圓山ART,112/04/20,2550,76.64,33.27,60.68%,住宅大樓(11層含以上有電梯),1,六層/十五層,房地(土地+建物)+車位,土:1 建:1車:1,2房2廳1衛,,有,有,住家用,
士林區至善路二段４２１巷３２號,,112/04/20,5260.6,0,111.65,,透天厝,52,全/二層,房地(土地+建物)+車位,土:3 建:1車:1,5房2廳3衛,,無,無,住家用,親友、員工、共有人或其他特殊關係間之交易;
士林區環河北路三段１３５號四樓之１,天星花園,112/04/20,1568,63.01,28.42,60.75%,住宅大樓(11層含以上有電梯),19,四層/十三層,房地(土地+建物)+車位,土:2 建:2車:1,2房1廳1衛,150,有,有,住家用,
士林區芝玉路一段２１０之３號四樓,,112/04/19,1688,53.72,31.42,88.64%,公寓(5樓含以下無電梯),39,四層/五層,房地(土地+建物),土:1 建:1車:0,3房2廳2衛,,無,無,住家用,
士林區承德路四段４０巷１３７號六樓之６,劍潭整宅B區,112/04/19,550,51.07,10.77,91.01%,公寓(5樓含以下無電梯),53,五層/五層,房地(土地+建物),土:1 建:1車:0,2房1廳1衛,,無,無,住家用,其他增建;
士林區福壽街１２號,,112/04/18,9150,0,64.23,,透天厝,58,全/--,房地(土地+建物),土:2 建:2車:0,17房14衛,,無,無,住家用,頂樓加蓋;其他增建;
士林區天母北路８７巷２弄２號四樓,,112/04/18,1950,49.72,39.22,86.65%,公寓(5樓含以下無電梯),50,四層/四層,房地(土地+建物),土:1 建:1車:0,4房2廳2衛,,無,無,住家用,
士林區延平北路五段２５７巷４１號,,112/04/18,1100,61.58,17.86,100.00%,公寓(5樓含以下無電梯),50,一層/四層,房地(土地+建物),土:1 建:1車:0,3房2廳1衛,,無,無,住家用,其他增建;
士林區延平北路六段１７６巷６弄４號四樓,,112/04/18,770,42.07,18.3,100.00%,公寓(5樓含以下無電梯),51,四層/四層,房地(土地+建物),土:1 建:1車:0,3房2廳1衛,,無,無,住家用,陽台外推;頂樓加蓋;其他增建;
士林區德行西路３６號七樓之９,萬象之都,112/04/17,1510,104.04,14.51,53.83%,住宅大樓(11層含以上有電梯),15,七層/十三層,房地(土地+建物),土:3 建:1車:0,1房1廳1衛,,有,有,商業用,陽台外推;夾層;其他增建;
士林區中社路一段１１巷５２號,,112/04/17,1975,0,31.38,,透天厝,48,全/一層,房地(土地+建物),土:1 建:1車:0,4房2廳2衛,,無,無,住家用,
士林區葫蘆街３０巷３８號,,112/04/17,500,22.66,22.06,100.00%,公寓(5樓含以下無電梯),50,一層/四層,房地(土地+建物),土:1 建:1車:0,3房1廳1衛,,無,無,住家用,親友、員工、共有人或其他特殊關係間之交易;
士林區忠誠路一段１７１巷６號六樓,蘭雅新城,112/04/16,3158,81.57,38.71,87.29%,華廈(10層含以下有電梯),31,六層/十層,房地(土地+建物),土:1 建:1車:0,3房2廳2衛,,有,有,住家用,其他增建;
士林區基河路１３０號十二樓之８,基河馨園,112/04/16,3100,63.87,48.53,48.14%,住宅大樓(11層含以上有電梯),22,十二層/十六層,房地(土地+建物)+車位,土:1 建:1車:1,3房2廳1衛,,有,有,住家用,陽台外推;其他增建;
士林區德行東路３６５巷２１號五樓,,112/04/16,1760,45.13,39,72.94%,公寓(5樓含以下無電梯),40,五層/五層,房地(土地+建物),土:1 建:1車:0,3房2廳2衛,,無,無,住家用,陽台外推;頂樓加蓋;其他增建;
士林區中山北路七段２０５之５號六樓,中國商銀,112/04/16,2668,56.14,47.52,73.13%,華廈(10層含以下有電梯),38,六層/七層,房地(土地+建物),土:1 建:1車:0,4房2廳2衛,,有,有,住家用,陽台外推;其他增建;
士林區芝玉路二段８９巷２號,,112/04/16,2330,73.57,31.67,89.45%,公寓(5樓含以下無電梯),45,一層/五層,房地(土地+建物),土:1 建:1車:0,4房2廳2衛,,無,無,住家用,其他增建;
士林區承德路四段６巷７３號三樓,,112/04/15,1000,52.37,19.09,100.00%,公寓(5樓含以下無電梯),52,三層/四層,房地(土地+建物),土:1 建:1車:0,1房2廳1衛,,無,無,住家用,其他增建;
士林區社子街２２巷１５號二樓,,112/04/15,1300,43.12,30.15,100.00%,公寓(5樓含以下無電梯),48,"二層,陽台/四層",房地(土地+建物),土:1 建:1車:0,3房1廳1衛,,無,無,住家用,
士林區承德路四段３６０號十二樓,歐香名廈,112/04/15,2240,68.07,32.91,75.28%,住宅大樓(11層含以上有電梯),35,十二層/十二層,房地(土地+建物),土:1 建:1車:0,2房2廳2衛,,有,有,住家用,陽台外推;頂樓加蓋;
士林區天母東路８巷３１弄２號四樓,,112/04/15,2210,61.56,35.9,92.26%,公寓(5樓含以下無電梯),39,四層/五層,房地(土地+建物),土:2 建:1車:0,3房2廳2衛,,無,無,住家用,其他增建;
士林區中山北路六段４４１巷２７號五樓,,112/04/15,2040,48.49,42.07,67.30%,公寓(5樓含以下無電梯),44,五層/五層,房地(土地+建物),土:2 建:1車:0,3房2廳2衛,,無,無,住家用,頂樓加蓋;
士林區格致路２０３號九樓之６,大衛營,112/04/15,370,30.96,11.95,55.18%,華廈(10層含以下有電梯),27,九層/十層,房地(土地+建物),土:1 建:1車:0,,,有,有,住家用,
士林區中山北路六段４４１巷１７之１號五樓,,112/04/14,2108,64.75,32.56,82.56%,公寓(5樓含以下無電梯),37,五層/五層,房地(土地+建物),土:1 建:1車:0,3房2廳2衛,,無,無,住家用,頂樓加蓋;
士林區德行西路９３巷２弄４號三樓,,112/04/14,2000,59.7,33.5,87.30%,公寓(5樓含以下無電梯),44,三層/五層,房地(土地+建物),土:4 建:1車:0,3房2廳2衛,,無,無,住家用,親友、員工、共有人或其他特殊關係間之交易;
士林區延平北路五段１６３巷４０弄８號五樓,,112/04/13,800,36.54,21.89,88.90%,公寓(5樓含以下無電梯),40,五層/五層,房地(土地+建物),土:1 建:1車:0,2房1廳1衛,,無,無,其他,頂樓加蓋備註:鐵皮蓋頂樓加蓋;
士林區文林路７６５號二樓之３,寶殿大廈,112/04/13,1400,53.39,26.22,74.14%,住宅大樓(11層含以上有電梯),42,二層/十一層,房地(土地+建物),土:1 建:1車:0,2房2廳1衛,,有,有,住家用,其他增建;
士林區重慶北路四段２０６號二樓,吉美悅河,112/04/13,4380,52.47,94.98,57.01%,住宅大樓(11層含以上有電梯),10,二層/十五層,房地(土地+建物)+車位,土:1 建:1車:2,4房2廳3衛,500,有,有,住家用,其他增建;
士林區天母西路１３巷９號二樓,松園富堡,112/04/13,3658,70.57,55.73,86.58%,華廈(10層含以下有電梯),38,二層/七層,房地(土地+建物)+車位,土:1 建:1車:1,4房2廳3衛,280,有,有,住家用,陽台外推;其他增建;
士林區至誠路二段６０巷１弄４號三樓,,112/04/13,1660,56.1,29.59,87.59%,公寓(5樓含以下無電梯),45,三層/五層,房地(土地+建物),土:1 建:1車:0,3房2廳2衛,,無,無,住家用,陽台外推;
士林區菁山路１０６之１號四樓,陽明一會/草山清境,112/04/12,5000,53.71,93.09,51.70%,華廈(10層含以下有電梯),7,四層/六層,房地(土地+建物)+車位,土:1 建:2車:2,2房1廳3衛,,有,有,住家用,親友、員工、共有人或其他特殊關係間之交易;
士林區天母西路１８之７號,天母齊福華廈,112/04/12,2800,55.22,50.71,81.34%,華廈(10層含以下有電梯),44,一層/七層,房地(土地+建物)+車位,土:5 建:1車:1,3房2廳2衛,,有,有,住家用,其他增建;
士林區葫蘆街７１號五樓,,112/04/12,1240,40.25,30.81,86.31%,公寓(5樓含以下無電梯),36,五層/五層,房地(土地+建物),土:1 建:1車:0,3房2廳1衛,,無,無,住家用,樓地板加蓋。陽台外推;頂樓加蓋;其他增建;
士林區德行東路１２９巷１弄５號四樓,,112/04/12,1660,56.22,29.53,100.00%,公寓(5樓含以下無電梯),48,四層/四層,房地(土地+建物),土:1 建:1車:0,3房2廳2衛,,無,無,住家用,
士林區中正路６８３號七樓,忠誠,112/04/11,1500,43.86,34.2,69.51%,住宅大樓(11層含以上有電梯),40,七層/十二層,房地(土地+建物),土:1 建:1車:0,2房2廳2衛,,有,有,住家用,其他增建;
士林區社中街３９１號四樓,,112/04/11,908,42.68,21.27,100.00%,公寓(5樓含以下無電梯),48,四層/四層,房地(土地+建物),土:1 建:1車:0,2房2廳1衛,,無,無,住家用,
士林區中山北路七段８２巷１０弄３０號三樓,,112/04/11,1788,60.36,29.62,83.74%,公寓(5樓含以下無電梯),44,三層/五層,房地(土地+建物),土:1 建:1車:0,3房2廳1衛,,無,無,住家用,陽台外推;
士林區德行東路４６巷７弄３號,,112/04/11,3839,94.99,40.41,89.63%,公寓(5樓含以下無電梯),46,一層/四層,房地(土地+建物),土:4 建:1車:0,3房2廳2衛,,有,無,住家用,
士林區中山北路七段１１４巷４１弄１１號,敦和園,112/04/11,2680,53.44,50.15,80.68%,華廈(10層含以下有電梯),35,一層/六層,房地(土地+建物)+車位,土:1 建:1車:1,4房2廳2衛,,有,有,住家用,
士林區德行東路３３號五樓,富森天母大廈,112/04/10,1306.3,94.99,13.75,40.61%,華廈(10層含以下有電梯),1,五層/七層,房地(土地+建物),土:1 建:1車:0,,,無,有,住家用,管委會尚未成立
士林區承德路四段２９４之２號六樓,圓山福第,112/04/10,2380,61.58,38.65,74.91%,住宅大樓(11層含以上有電梯),35,六層/十二層,房地(土地+建物),土:1 建:1車:0,3房2廳2衛,,有,有,住家用,其他增建;
士林區通河街３２３巷１７號,劍潭國宅D區,112/04/10,500,59.82,8.36,95.11%,公寓(5樓含以下無電梯),52,地下層/五層,房地(土地+建物),土:1 建:1車:0,1房1廳1衛,,有,無,住家用,
士林區忠誠路一段５２號五樓,天母后冠,112/04/09,6500,73.41,88.55,43.29%,住宅大樓(11層含以上有電梯),24,五層/十四層,房地(土地+建物)+車位,土:1 建:1車:2,3房2廳2衛,,有,有,住家用,
士林區忠義街７８巷１１號,,112/04/09,3360,85.67,39.22,89.50%,公寓(5樓含以下無電梯),44,一層/五層,房地(土地+建物),土:5 建:1車:0,3房2廳2衛,,無,無,住家用,其他增建;
士林區倫等街４８巷１３號三樓,,112/04/09,1130,45.52,24.83,90.35%,公寓(5樓含以下無電梯),43,三層/四層,房地(土地+建物),土:2 建:1車:0,3房3衛,,無,無,住家用,陽台外推;其他增建;
士林區天母北路９巷１之１號三樓,天母都朵,112/04/09,1850,72.78,25.42,36.83%,華廈(10層含以下有電梯),7,三層/四層,房地(土地+建物)+車位,土:1 建:1車:1,,,無,有,住家用,
士林區士東路５４巷３０號四樓,,112/04/09,2100,51.7,40.62,87.06%,公寓(5樓含以下無電梯),42,四層/五層,房地(土地+建物),土:2 建:1車:0,3房2廳2衛,,無,無,住家用,其他增建;
士林區中山北路七段８１巷１６弄５號十二樓,沐山,112/04/09,4528,81.9,55.28,54.12%,住宅大樓(11層含以上有電梯),,十二層/十五層,房地(土地+建物)+車位,土:1 建:1車:1,1房2廳2衛,,無,有,住家用,管理組織成立中毛胚屋;
士林區中山北路六段２３６巷７號十三樓,天母靜好,112/04/09,3172,118.21,36.63,58.68%,住宅大樓(11層含以上有電梯),1,十三層/十四層,房地(土地+建物)+車位,土:1 建:1車:1,1房2廳1衛,300,有,有,住家用,
士林區延平北路六段２１１號三樓之３,鄉林左岸,112/04/08,3000,59.28,58.49,58.12%,住宅大樓(11層含以上有電梯),7,三層/十一層,房地(土地+建物)+車位,土:4 建:1車:1,3房2廳2衛,270,有,有,住家用,
士林區雨農路１７之３號二樓,,112/04/08,3100,62.42,49.67,70.83%,華廈(10層含以下有電梯),39,二層/七層,房地(土地+建物),土:2 建:1車:0,3房2廳2衛,,有,有,住家用,陽台外推;其他增建;
士林區重慶北路四段４９巷１５弄６號,,112/04/08,2029,68.2,29.75,87.19%,公寓(5樓含以下無電梯),46,一層/四層,房地(土地+建物),土:1 建:1車:0,1房2廳1衛,,無,無,住家用,其他增建;
士林區中山北路七段１８７號,,112/04/08,2500,63.67,39.27,100.00%,公寓(5樓含以下無電梯),60,"一層,二層,三層,騎樓/--",房地(土地+建物),土:1 建:1車:0,3房2廳2衛,,無,無,住家用,空地加蓋、騎樓加蓋其他增建;
士林區中山北路六段７５４巷２６之２號,,112/04/08,1660,75.08,22.11,90.40%,公寓(5樓含以下無電梯),44,一層/五層,房地(土地+建物),土:1 建:1車:0,3房2廳1衛,,無,無,住家用,平台增建。
士林區天母東路２２巷２１之１０號,天母華琪大廈仁座,112/04/08,2068,74.89,27.62,79.83%,華廈(10層含以下有電梯),45,一層/十層,房地(土地+建物),土:1 建:1車:0,2廳2衛,,有,有,住家用,
士林區文林路１４４巷２２號三樓,圓山藏富,112/04/07,1400,77.05,18.17,54.10%,華廈(10層含以下有電梯),1,三層/五層,房地(土地+建物),土:1 建:1車:0,,,有,有,辦公用,
士林區承德路四段２９４之１號七樓,圓山福第,112/04/07,1800,46.36,38.82,74.98%,住宅大樓(11層含以上有電梯),35,七層/十二層,房地(土地+建物),土:1 建:1車:0,3房2廳2衛,,有,有,住家用,親友、員工、共有人或其他特殊關係間之交易;
士林區菁山路１０２號二樓,陽明一會/草山清境,112/04/07,7373,59.63,123.65,53.07%,華廈(10層含以下有電梯),7,二層/六層,房地(土地+建物)+車位,土:1 建:2車:2,3房3廳4衛,,有,有,住家用,本案繳付價金係以股權移轉方式。親友、員工、共有人或其他特殊關係間之交易;
士林區天母東路８巷８２號二樓,,112/04/06,2320,64.2,36.14,82.78%,公寓(5樓含以下無電梯),41,二層/五層,房地(土地+建物),土:1 建:1車:0,3房2廳2衛,,無,無,住家用,陽台外推;
士林區延平北路五段２４４巷７號,,112/04/06,1150,54.31,21.18,100.00%,公寓(5樓含以下無電梯),51,一層/四層,房地(土地+建物),土:1 建:1車:0,,,無,無,住家用,親友、員工、共有人或其他特殊關係間之交易;
士林區中山北路七段２２０巷８號三樓,,112/04/06,2188,39.9,54.84,85.34%,公寓(5樓含以下無電梯),45,三層/五層,房地(土地+建物),土:2 建:1車:0,4房2廳2衛,,無,無,住家用,陽台加窗陽台外推;其他增建;
士林區中山北路六段２３６巷９號十三樓之１,天母靜好,112/04/06,4660,119.04,39.15,57.28%,住宅大樓(11層含以上有電梯),1,十三層/十四層,房地(土地+建物),土:1 建:1車:0,3房2廳2衛,,有,有,住家用,
士林區福港街２５９巷３１號四樓,,112/04/06,330,24.85,13.28,89.66%,公寓(5樓含以下無電梯),43,四層/五層,房地(土地+建物),土:3 建:1車:0,2房1廳1衛,,無,無,住家用,親友、員工、共有人或其他特殊關係間之交易;
士林區忠誠路一段１７３巷３８號七樓,美學地圖,112/04/05,5700,90.02,82.08,69.29%,住宅大樓(11層含以上有電梯),18,七層/十四層,房地(土地+建物)+車位,土:1 建:1車:2,5房2廳2衛,600,有,有,住家用,陽台外推;其他增建;
士林區中山北路五段８５０巷１號五樓,,112/04/05,2280,52.2,43.68,73.77%,公寓(5樓含以下無電梯),42,五層/五層,房地(土地+建物),土:2 建:1車:0,3房2廳2衛,,無,無,住家用,陽台外推;其他增建;
士林區延平北路五段１３６巷２７弄６號三樓,,112/04/05,920,37.83,24.32,,公寓(5樓含以下無電梯),52,三層/四層,房地(土地+建物),土:1 建:1車:0,3房2廳1衛,,無,無,住家用,
士林區社子街２２巷５２之１號,京都,112/04/05,2480,65.14,38.07,59.91%,華廈(10層含以下有電梯),15,一層/七層,房地(土地+建物),土:2 建:1車:0,4房2廳2衛,,有,有,住家用,機房增建其他增建;
士林區士東路２８６巷１之８號四樓,天母綠庭,112/04/04,2750,51.48,53.42,69.08%,公寓(5樓含以下無電梯),35,"四層,五層/五層",房地(土地+建物)+車位,土:1 建:1車:1,4房2廳2衛,,有,無,住家用,陽台外推;其他增建;
士林區士東路１２０巷２２弄１１號二樓,東坡居,112/04/04,2320,61.98,37.43,79.92%,公寓(5樓含以下無電梯),38,二層/五層,房地(土地+建物),土:1 建:1車:0,3房2廳2衛,,無,無,住家用,陽台外推;其他增建;
士林區福林路２５１巷８號七樓之１,官隱,112/04/04,1530,104.41,14.65,56.36%,華廈(10層含以下有電梯),8,七層/八層,房地(土地+建物),土:2 建:1車:0,1房2廳1衛,,有,有,住家用,
士林區天母北路６２號四樓之１,富安天母住宅,112/04/04,2545,55.33,46,48.51%,住宅大樓(11層含以上有電梯),26,四層/十三層,房地(土地+建物)+車位,土:1 建:1車:1,3房2廳2衛,280,有,有,住家用,
士林區社子街２５巷１弄７號,,112/04/03,940,50.01,18.8,100.00%,公寓(5樓含以下無電梯),51,一層/三層,房地(土地+建物),土:2 建:1車:0,,,無,無,住家用,其他增建;
士林區天母東路５０巷２０號三樓之３,華琪,112/04/03,1630,71.03,22.95,81.86%,華廈(10層含以下有電梯),45,三層/八層,房地(土地+建物),土:1 建:1車:0,2房1廳1衛,,有,有,住家用,陽台外推;其他增建;
士林區中山北路六段２３６巷７號十樓,天母靜好,112/04/03,3002,123.57,24.29,58.69%,住宅大樓(11層含以上有電梯),1,十層/十四層,房地(土地+建物),土:1 建:1車:0,1房2廳1衛,,有,有,住家用,
士林區雨聲街４２巷３號,,112/04/02,2200,64.94,33.88,90.88%,公寓(5樓含以下無電梯),45,一層/四層,房地(土地+建物),土:1 建:1車:0,5房2廳2衛,,無,無,其他,其他增建;
士林區中山北路五段７５７號十四樓,天母仰格,112/04/02,6435,102.04,71.55,55.09%,住宅大樓(11層含以上有電梯),,十四層/十七層,房地(土地+建物)+車位,土:1 建:1車:1,2房1廳2衛,335,有,有,住家用,預售屋、或土地及建物分件登記案件;
士林區中山北路五段７０４巷７號四樓,,112/04/01,1380,50.83,27.15,81.77%,公寓(5樓含以下無電梯),45,四層/五層,房地(土地+建物),土:1 建:1車:0,3房2廳1衛,,無,無,住家用,其他增建;
士林區磺溪街３５巷２２號五樓,,112/04/01,2350,65.98,35.62,87.48%,公寓(5樓含以下無電梯),35,五層/五層,房地(土地+建物),土:1 建:1車:0,3房2廳2衛,,無,無,住家用,其他增建;
士林區大南路４０８巷７號四樓,,112/04/01,1566,46.18,33.91,90.03%,公寓(5樓含以下無電梯),52,四層/四層,房地(土地+建物),土:1 建:1車:0,3房2廳1衛,,無,無,住家用,陽台外推;其他增建;
士林區中山北路七段２１６巷５號四樓,福星公爵,112/04/01,3000,52.12,57.56,71.16%,華廈(10層含以下有電梯),37,四層/六層,房地(土地+建物)+車位,土:1 建:1車:1,4房2廳2衛,,有,有,住家用,其他增建;
士林區中山北路五段７０４巷７號,,112/04/01,2100,77.35,27.15,81.77%,公寓(5樓含以下無電梯),45,一層/五層,房地(土地+建物),土:2 建:1車:0,3房2廳1衛,,無,無,住家用,其他增建;
士林區中山北路五段８１１巷３１弄４號三樓,,112/04/01,2050,69.21,29.62,83.46%,公寓(5樓含以下無電梯),45,三層/四層,房地(土地+建物),土:1 建:1車:0,3房2廳2衛,,無,無,住家用,陽台外推;其他增建;
士林區中山北路六段２３６巷７號十一樓,天母靜好,112/04/01,3130,116,36.73,58.44%,住宅大樓(11層含以上有電梯),1,十一層/十四層,房地(土地+建物)+車位,土:1 建:1車:1,1房2廳1衛,300,有,有,住家用,
士林區承德路四段１９５巷１２號四樓之２,圓山官邸,112/03/31,4620,81.16,56.92,49.65%,住宅大樓(11層含以上有電梯),15,四層/十二層,房地(土地+建物)+車位,土:1 建:1車:1,3房2廳2衛,,有,有,住家用,其他增建;
士林區文林路７４０巷１３號三樓,,112/03/31,2500,80.5,31.06,84.74%,公寓(5樓含以下無電梯),48,三層/四層,房地(土地+建物),土:1 建:1車:0,3房2廳2衛,,無,無,住家用,陽台外推;其他增建;
士林區環河北路三段２０３號八樓,京水灩,112/03/31,2760,47.55,58.04,56.88%,住宅大樓(11層含以上有電梯),10,八層/十一層,房地(土地+建物)+車位,土:2 建:1車:1,3房2廳2衛,,有,有,住家用,雨遮外推陽台外推;其他增建;
士林區中山北路七段２１９巷８號二樓之２,富春居,112/03/31,3588,60.26,59.09,57.25%,華廈(10層含以下有電梯),34,二層/七層,房地(土地+建物)+車位,土:1 建:3車:1,2房2廳3衛,300,有,有,住家用,陽台向外擴大加蓋其他增建;含租約;
士林區後街２１巷２８號二樓,,112/03/31,1710,55.39,30.87,83.95%,公寓(5樓含以下無電梯),44,二層/四層,房地(土地+建物),土:1 建:1車:0,3房2廳1衛,,無,無,住家用,陽台外推;其他增建;
士林區通河街１７３之１號三樓,中山華園,112/03/31,1800,63.63,28.29,72.45%,華廈(10層含以下有電梯),39,三層/七層,房地(土地+建物),土:1 建:1車:0,3房2廳2衛,,無,有,住家用,陽台外推;其他增建;
士林區忠誠路一段１７３巷３０號八樓,美學地圖,112/03/30,4155,91.13,45.59,62.20%,住宅大樓(11層含以上有電梯),18,八層/十四層,房地(土地+建物),土:1 建:1車:0,2房2廳2衛,,有,有,住家用,
士林區中山北路七段２１５之１號六樓,天母中銀山莊,112/03/30,2750,65.24,42.15,76.23%,華廈(10層含以下有電梯),38,六層/七層,房地(土地+建物),土:1 建:1車:0,3房2廳2衛,,有,有,住家用,陽台外推;其他增建;
士林區中山北路六段４０５巷４５弄１５號四樓,,112/03/30,5950,76.54,87.26,86.86%,華廈(10層含以下有電梯),42,四層/七層,房地(土地+建物)+車位,土:7 建:1車:1,5房2廳2衛,300,有,有,住家用,其他增建;
士林區德行東路１０９巷６４弄２號二樓,,112/03/30,2200,53.54,41.09,92.31%,公寓(5樓含以下無電梯),43,二層/五層,房地(土地+建物),土:2 建:1車:0,3房2廳2衛,,無,無,住家用,
士林區中山北路七段１１４巷４１弄１９號七樓之１,龍吟山莊,112/03/30,2900,45.7,63.45,76.64%,華廈(10層含以下有電梯),41,七層/七層,房地(土地+建物)+車位,土:3 建:1車:1,4房2廳2衛,250,有,有,住家用,陽台外推;頂樓加蓋;(包含)公共設施保留地(用地);
士林區士東路１３４號二樓,,112/03/30,2338,65.61,35.64,89.63%,公寓(5樓含以下無電梯),45,二層/五層,房地(土地+建物),土:1 建:1車:0,1房1廳,,無,無,住家用,陽台外推;其他增建;
士林區中正路４２６號七樓,台北市中正陽明花園,112/03/30,3288,67.45,48.75,52.02%,住宅大樓(11層含以上有電梯),23,七層/十七層,房地(土地+建物),土:2 建:1車:0,3房2廳2衛,,有,有,住家用,
士林區社子街６３巷５號三樓,,112/03/30,880,38.79,22.69,100.00%,公寓(5樓含以下無電梯),48,"三層,陽台/四層",房地(土地+建物),土:1 建:1車:0,3房1廳1衛,,無,無,住家用,陽台加窗陽台外推;其他增建;
士林區承德路四段６巷９５號六樓之１,,112/03/30,2041.3,84.21,31.09,51.83%,華廈(10層含以下有電梯),,六層/七層,房地(土地+建物)+車位,土:1 建:1車:1,2房1廳1衛,200,有,有,住家用,預售屋、或土地及建物分件登記案件;
士林區福港街２６２巷１５號,,112/03/30,1350,56.3,23.98,84.63%,公寓(5樓含以下無電梯),43,一層/五層,房地(土地+建物),土:1 建:1車:0,2房1廳1衛,,無,無,住家用,
士林區通河東街一段１２４巷１６號,,112/03/29,1800,71.79,25.07,85.82%,公寓(5樓含以下無電梯),46,一層/四層,房地(土地+建物),土:1 建:1車:0,3房2廳1衛,,無,無,住家用,其他增建;
士林區天母東路８巷２３號四樓之１１,華琪,112/03/29,1580,70.48,22.42,90.49%,華廈(10層含以下有電梯),47,"四層,陽台/七層",房地(土地+建物),土:2 建:1車:0,2房2廳1衛,,有,有,住家用,陽台外推;其他增建;
士林區中山北路六段１９５巷６號五樓之２,,112/03/29,4889,87.86,55.64,48.07%,住宅大樓(11層含以上有電梯),15,五層/十四層,房地(土地+建物)+車位,土:1 建:1車:1,3房2廳2衛,,有,有,住家用,
士林區芝玉路二段２０巷１１３號六樓,天母白金賞,112/03/29,1560,23.53,66.31,36.93%,住宅大樓(11層含以上有電梯),21,"六層,七層/十三層",房地(土地+建物)+車位,土:1 建:1車:5,3房2廳2衛,,有,有,住家用,"持分交易,權利範圍1/2。親友、員工、共有人或其他特殊關係間之交易;"
士林區忠誠路二段１４８巷１號四樓,,112/03/29,2000,53.92,37.09,74.60%,公寓(5樓含以下無電梯),42,四層/五層,房地(土地+建物),土:1 建:1車:0,3房2廳2衛,,無,無,住家用,親友、員工、共有人或其他特殊關係間之交易;
士林區延平北路五段８３巷２８弄１１號三樓,,112/03/28,1480,48.25,30.68,100.00%,公寓(5樓含以下無電梯),46,"三層,陽台/四層",房地(土地+建物),土:1 建:1車:0,3房2廳2衛,,無,無,住家用,
士林區天母西路２２巷４號三樓,,112/03/28,2680,64.05,41.84,83.31%,華廈(10層含以下有電梯),43,三層/七層,房地(土地+建物),土:1 建:1車:0,3房2廳2衛,,無,有,商業用,陽台外推;其他增建;
士林區中社路一段１１巷７２號三樓,,112/03/27,815.8,39.2,20.81,100.00%,公寓(5樓含以下無電梯),48,三層/四層,房地(土地+建物),土:1 建:1車:0,3房1廳1衛,,無,無,住家用,"含土地增值稅或其他稅費158,000元;親友、員工、共有人或其他特殊關係間之交易;"
士林區承德路四段９６號,圓山ART,112/03/27,5500,106.87,51.46,65.65%,住宅大樓(11層含以上有電梯),1,"一層,二層/十五層",房地(土地+建物)+車位,土:1 建:1車:1,2廳1衛,,有,有,商業用,
士林區中社路一段１１巷８０號四樓,,112/03/27,955,45.32,21.07,100.00%,公寓(5樓含以下無電梯),48,四層/四層,房地(土地+建物),土:1 建:1車:0,3房2廳2衛,,無,無,住家用,頂樓加蓋;其他增建;
士林區中山北路七段１１４巷３號四樓,天母豪門,112/03/27,2950,71.27,57.93,71.26%,華廈(10層含以下有電梯),25,四層/六層,房地(土地+建物)+車位,土:2 建:1車:1,3房2廳2衛,250,有,有,住家用,陽台加窗陽台外推;其他增建;
士林區延平北路五段４６號八樓,閤美,112/03/27,2050,54.06,37.92,52.42%,住宅大樓(11層含以上有電梯),7,八層/十一層,房地(土地+建物)+車位,土:2 建:1車:1,3房2廳1衛,,有,有,住家用,夾層;其他增建;
士林區華齡街４０巷１弄１號二樓,,112/03/27,450,29.91,15.05,100.00%,公寓(5樓含以下無電梯),51,二層/四層,房地(土地+建物),土:1 建:1車:0,2房2廳1衛,,無,無,住家用,親友、員工、共有人或其他特殊關係間之交易;
士林區重慶北路四段２２２號七樓之５,士科京璽,112/03/26,1868,52.46,35.61,37.75%,住宅大樓(11層含以上有電梯),6,七層/十四層,房地(土地+建物)+車位,土:2 建:1車:1,1房2廳1衛,,有,有,住家用,夾層;其他增建;
士林區士東路２８６巷１之１０號二樓,天母綠庭,112/03/26,2780,51.64,53.84,69.99%,公寓(5樓含以下無電梯),35,"二層,三層/五層",房地(土地+建物)+車位,土:1 建:1車:1,3房2廳2衛,,有,無,住家用,陽台外推;其他增建;
士林區忠誠路二段１０８號九樓,天母鬱金香,112/03/26,6220,87.83,70.82,91.33%,住宅大樓(11層含以上有電梯),37,九層/十四層,房地(土地+建物)+車位,土:1 建:1車:1,3房2廳3衛,,有,有,住家用,陽台外推;
士林區承德路四段５５號五樓,圓山金城,112/03/26,2045,70.6,28.97,55.52%,住宅大樓(11層含以上有電梯),26,五層/十四層,房地(土地+建物)+車位,土:1 建:1車:1,2房2廳1衛,,有,有,住家用,陽台外推;其他增建;
士林區重慶北路四段４９巷３７號,,112/03/26,2800,0,79.12,,透天厝,56,全/三層,房地(土地+建物),土:2 建:1車:0,5房3廳3衛,,無,無,住家用,
士林區天母北路９１號三樓,,112/03/26,2430,53.38,45.52,80.24%,華廈(10層含以下有電梯),38,三層/七層,房地(土地+建物),土:1 建:1車:0,4房2廳2衛,,有,有,商業用,樓地板向外擴大增建陽台外推;其他增建;
士林區社中街１５６巷２４弄８號,,112/03/26,1440,53.69,26.82,83.95%,公寓(5樓含以下無電梯),42,一層/五層,房地(土地+建物),土:1 建:1車:0,2房2廳2衛,,無,無,住家用,其他增建;
士林區士商路１３３號十二樓,藝術陽明,112/03/26,4850,88.5,54.8,59.27%,住宅大樓(11層含以上有電梯),19,十二層/十二層,房地(土地+建物)+車位,土:1 建:2車:1,2房2廳2衛,,有,有,住家用,本案含有獨立出入口併樓中樓式頂樓加蓋，面積約20坪。陽台外推;頂樓加蓋;
士林區承德路四段１９５巷１２號二樓,圓山官邸,112/03/25,6488,88.52,88.87,61.56%,住宅大樓(11層含以上有電梯),15,二層/十二層,房地(土地+建物)+車位,土:1 建:1車:2,4房2廳3衛,560,有,有,住家用,夾層;其他增建;
士林區承德路四段３５４號六樓,歐香名廈,112/03/25,450,37.49,12,75.48%,住宅大樓(11層含以上有電梯),35,六層/十二層,房地(土地+建物),土:1 建:1車:0,3房2廳1衛,,有,有,住家用,親友、員工、共有人或其他特殊關係間之交易;
士林區中山北路六段２３６巷７號八樓之２,天母靜好,112/03/25,3988,110.18,45.57,55.38%,住宅大樓(11層含以上有電梯),1,八層/十四層,房地(土地+建物)+車位,土:1 建:1車:1,3房2廳1衛,325,有,有,住家用,
士林區中山北路七段２１９巷８號二樓之１２,富春居,112/03/25,540,32.72,16.5,58.92%,華廈(10層含以下有電梯),34,二層/七層,房地(土地+建物),土:1 建:1車:0,1房1廳1衛,,有,有,住家用,親友、員工、共有人或其他特殊關係間之交易;
士林區承德路四段４０巷１２７號,劍潭整宅B區,112/03/25,500,40.36,12.39,96.70%,公寓(5樓含以下無電梯),52,地下層/五層,房地(土地+建物),土:1 建:1車:0,3房1廳1衛,,無,無,住家用,親友、員工、共有人或其他特殊關係間之交易;
士林區中山北路五段５２０號二樓,欣翰士林官邸,112/03/24,20438,94.07,251.5,51.61%,住宅大樓(11層含以上有電梯),8,二層/十二層,房地(土地+建物)+車位,土:1 建:1車:5,,"1,700",有,有,辦公用,毛胚屋;
士林區忠誠路二段４０巷８號三樓,,112/03/24,2270,70.83,32.05,75.27%,公寓(5樓含以下無電梯),39,三層/五層,房地(土地+建物),土:2 建:1車:0,3房2廳2衛,,無,無,住家用,陽台外推;
士林區華齡街１８５巷１號二樓之１,國家園首領袖區,112/03/24,2100,66.92,31.38,49.58%,住宅大樓(11層含以上有電梯),15,二層/十五層,房地(土地+建物)+車位,土:1 建:1車:1,2房1廳1衛,,有,有,住家用,
士林區中山北路七段２１８之１號,盛莊別墅,112/03/24,4800,0,83.01,,透天厝,26,全/四層,房地(土地+建物)+車位,土:1 建:1車:2,4房2廳4衛,,有,無,住家用,陽台外推;頂樓加蓋;夾層;
士林區忠誠路二段２５號十七樓,,112/03/23,4659.3,30.79,151.35,63.27%,住宅大樓(11層含以上有電梯),16,十七層/二十二層,房地(土地+建物)+車位,土:2 建:1車:4,6房2廳4衛,,有,有,住家用,本案依不動產作價增資約定書辦理移轉登記
士林區文林路５３０號,,112/03/22,8666,0,53.17,,透天厝,67,全/二層,房地(土地+建物),土:1 建:2車:0,2房2廳2衛,,無,無,住家用,內梯增建頂樓加蓋;其他增建;含租約;
士林區中山北路七段８１巷１６弄１８號十二樓,天母上苑,112/03/22,2692,101.05,35.81,62.31%,住宅大樓(11層含以上有電梯),,十二層/十二層,房地(土地+建物)+車位,土:1 建:1車:1,2房1廳2衛,260,有,有,住家用,預售屋、或土地及建物分件登記案件;
士林區中山北路七段８１巷１６弄２０號十二樓,天母上苑,112/03/22,2135,100.66,30.37,62.78%,住宅大樓(11層含以上有電梯),,十二層/十二層,房地(土地+建物)+車位,土:1 建:1車:1,2房1廳1衛,260,有,有,住家用,預售屋、或土地及建物分件登記案件;
士林區天玉街２７巷２７號十樓,璞園天玉,112/03/22,5737,96.4,101.68,60.26%,住宅大樓(11層含以上有電梯),,十層/十四層,房地(土地+建物)+車位,土:1 建:1車:4,2房2廳2衛,"1,050",有,有,住家用,預售屋、或土地及建物分件登記案件;
士林區仰德大道三段１２５巷５弄１１之６號三樓,,112/03/21,1450,34.85,41.6,75.95%,公寓(5樓含以下無電梯),44,三層/四層,房地(土地+建物),土:1 建:1車:0,3房2廳2衛,,有,無,住家用,陽台外推;
士林區承德路四段１２巷５７號,,112/03/21,320,59.63,5.37,100.00%,公寓(5樓含以下無電梯),50,一層/四層,房地(土地+建物),土:1 建:1車:0,4房2廳2衛,,無,無,住家用,親友、員工、共有人或其他特殊關係間之交易;
士林區天母東路６１巷５號六樓,三峰,112/03/20,1065,91.97,11.58,81.69%,華廈(10層含以下有電梯),27,"六層,電梯樓梯間/六層",房地(土地+建物),土:1 建:1車:0,1房1廳1衛,,有,有,住家用,本案含有約定專用露台之其他增建面積約五坪。陽台外推;其他增建;
士林區中山北路五段８５０巷２２號二樓,,112/03/20,2125,52.31,40.63,88.08%,公寓(5樓含以下無電梯),43,二層/五層,房地(土地+建物),土:1 建:1車:0,3房2廳2衛,,無,無,住家用,陽台外推;
士林區士東路２０６號五樓,家居雲邸,112/03/20,7055,111.71,69.49,58.14%,住宅大樓(11層含以上有電梯),,五層/十九層,房地(土地+建物)+車位,土:1 建:1車:1,4房2廳2衛,320,有,有,住家用,預售屋、或土地及建物分件登記案件;
士林區光華路２６巷５號二樓之３,豪宮大廈,112/03/19,600,44.62,13.45,66.14%,華廈(10層含以下有電梯),45,二層/七層,房地(土地+建物),土:2 建:1車:0,1房1廳1衛,,有,有,住家用,親友、員工、共有人或其他特殊關係間之交易;
士林區永平街７５巷４４號四樓,,112/03/19,1300,51.19,25.39,87.04%,公寓(5樓含以下無電梯),46,四層/四層,房地(土地+建物),土:1 建:1車:0,3房2廳2衛,,無,無,住家用,陽台外推;其他增建;
士林區中山北路七段１９０巷３２之３號二樓,,112/03/18,1300,43.55,29.85,100.00%,公寓(5樓含以下無電梯),50,二層/三層,房地(土地+建物),土:2 建:1車:0,3房2廳1衛,,無,無,住家用,陽台外推;其他增建;(包含)公共設施保留地(用地);
士林區承德路四段３巷２８號四樓,水研,112/03/18,2240,57.71,38.81,85.43%,公寓(5樓含以下無電梯),44,四層/五層,房地(土地+建物),土:1 建:1車:0,6房3廳3衛,,無,無,住家用,
士林區天母北路４巷５之１號二樓,瀟灑天母,112/03/18,1125,86.45,13.01,64.71%,華廈(10層含以下有電梯),29,二層/六層,房地(土地+建物),土:1 建:1車:0,1廳1衛,,有,有,住家用,陽台外推;夾層;其他增建;
士林區中山北路六段４５０巷３１號四樓,,112/03/18,1720,61.78,27.84,85.42%,公寓(5樓含以下無電梯),38,四層/五層,房地(土地+建物),土:1 建:1車:0,3房2廳2衛,,無,無,住家用,
士林區福港街１７４號四樓,,112/03/18,1988,55.59,35.76,75.31%,華廈(10層含以下有電梯),42,四層/七層,房地(土地+建物),土:1 建:1車:0,3房2廳2衛,,有,有,住家用,陽台外推;其他增建;
士林區通河東街一段１６７巷４４之３號,,112/03/18,1600,52.32,30.58,100.00%,公寓(5樓含以下無電梯),46,"一層,平台/四層",房地(土地+建物),土:1 建:1車:0,2房1廳2衛,,無,無,住家用,其他增建：地下室其他增建;
士林區克強路１９號七樓,,112/03/17,2700,72.07,37.46,84.50%,華廈(10層含以下有電梯),42,七層/七層,房地(土地+建物),土:1 建:1車:0,3房2廳2衛,,無,有,住家用,陽台外推;頂樓加蓋;其他增建;
士林區仰德大道一段９１巷３６弄３號,,112/03/17,2400,0,27.05,,透天厝,6,全/二層,房地(土地+建物),土:1 建:1車:0,4房2廳6衛,,無,無,住家用,親友、員工、共有人或其他特殊關係間之交易;
士林區華齡街２３巷３號,,112/03/17,2320,71.01,32.67,100.00%,公寓(5樓含以下無電梯),53,一層/四層,房地(土地+建物),土:1 建:1車:0,3房2廳2衛,,無,無,住家用,其他增建;
士林區中山北路六段２３６巷７號六樓,天母靜好,112/03/17,2680,110.32,24.29,58.69%,住宅大樓(11層含以上有電梯),1,六層/十四層,房地(土地+建物),土:1 建:1車:0,1房2廳1衛,,有,有,住家用,
士林區士東路２１０號十八樓,家居雲邸,112/03/17,5730,121.75,53.3,60.55%,住宅大樓(11層含以上有電梯),,十八層/十九層,房地(土地+建物)+車位,土:1 建:1車:1,3房2廳2衛,360,有,有,住家用,預售屋、或土地及建物分件登記案件;
士林區士東路２０２號十八樓,家居雲邸,112/03/17,5710,121.29,53.3,60.55%,住宅大樓(11層含以上有電梯),,十八層/十九層,房地(土地+建物)+車位,土:1 建:1車:1,3房2廳2衛,360,有,有,住家用,預售屋、或土地及建物分件登記案件;
士林區德行東路２６７號,,112/03/17,3418.7,163.84,20.87,85.58%,公寓(5樓含以下無電梯),44,一層/五層,房地(土地+建物),土:1 建:1車:0,,,無,無,住家用,"含土地增值稅或其他稅費1,152,796元;其他 營業稅:34,153元;其他增建;具重建或重劃、都更等效益;"
士林區社子街３８號二樓,,112/03/16,2280,46.14,49.42,51.61%,華廈(10層含以下有電梯),28,二層/六層,房地(土地+建物),土:1 建:1車:0,3房2廳1衛,,無,有,住家用,陽台外推;其他增建;
士林區中山北路六段２９０巷１７之２號三樓,,112/03/16,2195,60.41,36.33,87.39%,公寓(5樓含以下無電梯),38,三層/五層,房地(土地+建物),土:1 建:1車:0,3房2廳2衛,,無,無,住家用,陽台外推;其他增建;
士林區延平北路五段１６３巷１１號,,112/03/16,3000,0,49.82,,透天厝,55,全/二層,房地(土地+建物),土:5 建:2車:0,5房2廳3衛,,無,無,住家用,親友、員工、共有人或其他特殊關係間之交易;
士林區美崙街６２巷７號五樓,,112/03/15,1875,48.45,38.7,85.43%,公寓(5樓含以下無電梯),43,五層/五層,房地(土地+建物),土:3 建:1車:0,4房2廳2衛,,無,無,住家用,其他增建：陽台向外擴大加蓋鐵窗、頂樓加蓋鐵棚陽台外推;其他增建;
士林區基河路４０號十二樓之１,北美館,112/03/15,220,80.99,2.72,58.91%,住宅大樓(11層含以上有電梯),24,十二層/十三層,房地(土地+建物)+車位,土:2 建:1車:1,2房1廳1衛,,有,有,住家用,親友、員工、共有人或其他特殊關係間之交易;
士林區中山北路六段４０５巷８９號四樓,谷畫青,112/03/15,6600,79.08,83.46,39.47%,華廈(10層含以下有電梯),6,四層/八層,房地(土地+建物)+車位,土:1 建:2車:2,3房2廳2衛,550,有,有,住家用,
士林區中正路２１２巷１２弄１０號,,112/03/15,1588,44.42,35.75,91.44%,公寓(5樓含以下無電梯),44,一層/四層,房地(土地+建物),土:3 建:1車:0,3房2廳2衛,,無,無,商業用,親友、員工、共有人或其他特殊關係間之交易;其他增建;受民情風俗因素影響;
士林區士東路４６巷４號五樓,,112/03/15,2050,61.25,33.47,84.95%,公寓(5樓含以下無電梯),30,五層/五層,房地(土地+建物),土:1 建:1車:0,3房2廳2衛,,無,無,住家用,陽台外推;頂樓加蓋;
士林區德行西路５０號四樓,萬象之都,112/03/15,1688,101.57,16.62,54.46%,住宅大樓(11層含以上有電梯),15,四層/十三層,房地(土地+建物),土:3 建:1車:0,1房1廳1衛,,有,有,商業用,陽台外推;夾層;其他增建;
士林區德行東路１９４號三樓,涵芳庭,112/03/15,2500,61.67,40.54,81.76%,公寓(5樓含以下無電梯),37,三層/五層,房地(土地+建物),土:1 建:1車:0,4房2廳2衛,,有,無,住家用,
士林區承德路四段１０巷７９號三樓,,112/03/15,1000,31.32,31.93,100.00%,公寓(5樓含以下無電梯),49,三層/四層,房地(土地+建物),土:1 建:1車:0,3房1廳2衛,,無,無,住家用,親友、員工、共有人或其他特殊關係間之交易;
士林區中山北路六段１９５巷６號十二樓之一,,112/03/15,9200,90.16,117.44,58.46%,住宅大樓(11層含以上有電梯),15,十二層/十四層,房地(土地+建物)+車位,土:1 建:2車:2,4房2廳2衛,600,有,有,住家用,
士林區德行西路１０６號四樓,,112/03/14,2208,64.45,34.26,77.66%,公寓(5樓含以下無電梯),42,四層/五層,房地(土地+建物),土:1 建:1車:0,3房2廳1衛,,無,無,住家用,陽台外推;其他增建;
士林區重慶北路四段１６５號五樓之３,士林金站,112/03/14,400,18.62,21.48,85.95%,華廈(10層含以下有電梯),26,"五層,電梯樓梯間/十層",房地(土地+建物),土:1 建:1車:0,2房1廳1衛,,有,有,住家用,親友、員工或其他特殊關係間之交易。;
士林區華齡街４０巷７號,,112/03/13,1610,51.63,31.18,88.43%,公寓(5樓含以下無電梯),46,一層/四層,房地(土地+建物),土:2 建:1車:0,3房2廳1衛,,無,無,住家用,平台增建、地下室其他增建;
士林區芝玉路一段２２６號八樓,遠雄天母,112/03/13,6600,79.6,93.88,61.15%,住宅大樓(11層含以上有電梯),14,八層/十八層,房地(土地+建物)+車位,土:1 建:1車:3,3房2廳3衛,600,有,有,住家用,
士林區中山北路七段２２６號七樓,望族山莊,112/03/13,5188,64.45,84.5,84.07%,華廈(10層含以下有電梯),35,七層/七層,房地(土地+建物)+車位,土:1 建:1車:1,,300,有,有,住家用,陽台外推;頂樓加蓋;其他增建;
士林區承德路四段４０巷２１號四樓之１２,劍潭整宅貳期,112/03/12,550,59.22,9.29,89.58%,華廈(10層含以下有電梯),51,四層/五層,房地(土地+建物),土:1 建:1車:0,1廳1衛,,無,有,住家用,
士林區中正路２１２巷２弄４號四樓,,112/03/12,2380,69,34.49,89.32%,公寓(5樓含以下無電梯),43,四層/五層,房地(土地+建物),土:3 建:1車:0,3房2廳2衛,,無,無,住家用,陽台外推;其他增建;
士林區天母北路２之２號四樓,齊德華廈,112/03/12,1320,59.47,22.2,81.47%,華廈(10層含以下有電梯),46,"四層,五層/七層",房地(土地+建物),土:2 建:1車:0,2房1廳2衛,,有,有,住家用,
士林區社中街２５１巷１３號五樓,,112/03/12,1200,39.16,30.65,80.16%,公寓(5樓含以下無電梯),40,五層/五層,房地(土地+建物),土:5 建:1車:0,5房3廳3衛,,無,無,住家用,鐵窗增建、外梯增建頂樓加蓋;其他增建;
士林區承德路四段６３號七樓,圓山金城,112/03/11,3100,61.69,50.25,56.32%,住宅大樓(11層含以上有電梯),26,七層/十二層,房地(土地+建物)+車位,土:1 建:1車:1,3房2廳2衛,250,有,有,住家用,陽台外推;其他增建;
士林區中山北路七段８１巷１６弄９號八樓,沐山,112/03/11,4888,85.65,58.49,54.38%,住宅大樓(11層含以上有電梯),,八層/十五層,房地(土地+建物)+車位,土:1 建:1車:1,3房2廳2衛,300,有,有,住家用,
士林區基河路１６號七樓之６,圓山窗外,112/03/11,1500,133.48,11.24,50.55%,住宅大樓(11層含以上有電梯),18,七層/十一層,房地(土地+建物),土:1 建:1車:0,1房1廳1衛,,有,有,辦公用,夾層;其他增建;
士林區中山北路七段８１巷３７號,,112/03/11,1780,40.85,43.57,27.61%,華廈(10層含以下有電梯),27,一層/六層,房地(土地+建物)+車位,土:1 建:1車:1,,,有,有,商業用,
士林區天玉街１０號三樓,,112/03/10,2220,56.23,39.48,85.82%,公寓(5樓含以下無電梯),43,三層/五層,房地(土地+建物),土:1 建:1車:0,4房2廳2衛,,無,無,住家用,陽台外推;
士林區士商路１４９之２號七樓,隱士林,112/03/10,5168,83.34,62.01,61.28%,住宅大樓(11層含以上有電梯),16,七層/十三層,房地(土地+建物)+車位,土:1 建:2車:1,3房2廳2衛,,有,有,住家用,
士林區東山路１００巷３號,,112/03/10,1950,60.13,32.43,79.40%,公寓(5樓含以下無電梯),39,一層/五層,房地(土地+建物),土:1 建:1車:0,3房2廳1衛,,無,無,住家用,
士林區社子街１２８之１號二樓,,112/03/10,740,38.07,19.44,85.56%,公寓(5樓含以下無電梯),36,二層/五層,房地(土地+建物),土:2 建:1車:0,3房1衛,,無,無,住家用,親友、員工、共有人或其他特殊關係間之交易;
士林區中正路４３８號十樓,台北市中正陽明花園,112/03/09,3276,66.98,48.91,52.18%,住宅大樓(11層含以上有電梯),23,十層/十一層,房地(土地+建物)+車位,土:2 建:1車:1,3房2廳2衛,,有,有,住家用,
士林區社正路７０號六樓,箱根雅苑B區,112/03/09,1299,38.72,33.55,65.43%,華廈(10層含以下有電梯),17,六層/九層,房地(土地+建物),土:1 建:1車:0,3房2廳2衛,,有,有,住家用,親友、員工、共有人或其他特殊關係間之交易;
士林區環河北路三段１１１號十一樓,天星花園,112/03/08,2220,52.47,42.31,55.81%,住宅大樓(11層含以上有電梯),19,十一層/十三層,房地(土地+建物)+車位,土:2 建:2車:1,3房2廳1衛,,有,有,住家用,機房增建陽台外推;其他增建;
士林區社子街１３６號,,112/03/08,985,52.33,18.82,100.00%,公寓(5樓含以下無電梯),54,"一層,騎樓/三層",房地(土地+建物),土:1 建:1車:0,1房1廳1衛,,無,無,住家用,
士林區承德路四段３３巷１４號五樓,,112/03/08,2100,56.51,37.16,86.89%,公寓(5樓含以下無電梯),38,五層/五層,房地(土地+建物),土:1 建:1車:0,4房2廳2衛,,無,無,住家用,頂樓加蓋;其他增建;
士林區通河街３２５巷３０號,劍潭國宅D區,112/03/08,530,63.41,8.36,95.11%,公寓(5樓含以下無電梯),52,地下層/五層,房地(土地+建物),土:1 建:1車:0,1房1廳1衛,,有,無,住家用,
士林區大東路９７號二樓,,112/03/08,1000,43.51,22.98,100.00%,公寓(5樓含以下無電梯),50,二層/四層,房地(土地+建物),土:1 建:1車:0,2房1廳1衛,,無,無,住家用,親友、員工、共有人或其他特殊關係間之交易;
士林區德行東路３３號六樓,富森天母大廈,112/03/07,654.1,95,6.88,40.55%,華廈(10層含以下有電梯),1,六層/七層,房地(土地+建物),土:1 建:1車:0,,,無,有,住家用,管委會尚未成立
士林區天玉街１６巷３號四樓,天鈺,112/03/07,3121,79.49,39.26,45.02%,華廈(10層含以下有電梯),6,四層/七層,房地(土地+建物)+車位,土:1 建:1車:1,2房1廳2衛,,有,有,商業用,
士林區基河路４０號二樓之６,北美館,112/03/05,710,92.66,7.66,73.79%,住宅大樓(11層含以上有電梯),24,二層/十三層,房地(土地+建物),土:2 建:1車:0,1廳1衛,,有,有,住家用,
士林區中山北路六段２３６巷９號四樓之２,天母靜好,112/03/05,3785,103.06,46.24,56.78%,住宅大樓(11層含以上有電梯),1,四層/十四層,房地(土地+建物)+車位,土:1 建:1車:1,3房2廳1衛,290,有,有,住家用,
士林區基河路１２８號五樓之７,基河之星,112/03/04,650,68.5,9.49,56.93%,住宅大樓(11層含以上有電梯),26,五層/十一層,房地(土地+建物),土:1 建:1車:0,1房1廳1衛,,有,有,住家用,陽台外推;
士林區通河西街一段１０６號四樓,,112/03/04,1050,35.6,29.49,100.00%,公寓(5樓含以下無電梯),51,四層/四層,房地(土地+建物),土:1 建:1車:0,3房2廳1衛,,無,無,住家用,其他增建;
士林區大南路２８５巷３號三樓,,112/03/04,1140,44.11,25.85,86.80%,公寓(5樓含以下無電梯),40,三層/五層,房地(土地+建物),土:1 建:1車:0,3房2廳1衛,,無,無,商業用,其他增建;
士林區忠誠路二段２１巷８號二樓,,112/03/03,6400,78.78,81.24,42.23%,住宅大樓(11層含以上有電梯),12,二層/十一層,房地(土地+建物)+車位,土:3 建:1車:2,3房2廳2衛,,有,有,住家用,其他增建;
士林區社子街９８巷８號七樓之３,江南春,112/03/02,1890,41.07,46.02,80.31%,華廈(10層含以下有電梯),29,七層/九層,房地(土地+建物)+車位,土:1 建:1車:1,3房2廳2衛,,有,有,住家用,鐵鋁窗增建陽台外推;其他增建;
士林區中山北路七段５４之３號七樓,龍邸,112/03/02,1050,24.35,43.12,79.82%,華廈(10層含以下有電梯),39,七層/七層,房地(土地+建物)+車位,土:1 建:1車:2,5房2廳3衛,,有,有,住家用,親友、員工、共有人或其他特殊關係間之交易;
士林區承德路四段６巷３３號三樓,,112/03/02,1315,43.09,30.52,84.50%,公寓(5樓含以下無電梯),47,三層/四層,房地(土地+建物),土:1 建:1車:0,3房2廳1衛,,無,無,住家用,二親等間買賣親友、員工、共有人或其他特殊關係間之交易;
士林區社子街１２５巷２９號三樓,,112/03/02,880,42.25,20.83,100.00%,公寓(5樓含以下無電梯),51,三層/三層,房地(土地+建物),土:1 建:1車:0,3房2廳1衛,,無,無,住家用,
士林區中山北路七段１１４巷６０弄４號五樓之３,,112/03/02,2180,55.97,38.95,68.87%,華廈(10層含以下有電梯),40,五層/七層,房地(土地+建物),土:1 建:1車:0,3房2廳2衛,,有,有,住家用,
士林區忠義街９０號五樓,,112/03/01,2000,46.4,43.1,83.54%,華廈(10層含以下有電梯),37,五層/七層,房地(土地+建物),土:1 建:1車:0,3房2廳2衛,,無,有,住家用,親友、員工、共有人或其他特殊關係間之交易;
士林區德行東路３５８巷３０弄１４號,,112/03/01,1763,36.01,48.96,99.61%,公寓(5樓含以下無電梯),35,"一層,二層,三層/五層",房地(土地+建物)+車位,土:1 建:1車:1,3房2廳3衛,,有,無,住家用,親友、員工、共有人或其他特殊關係間之交易;
士林區至善路二段１８６號十樓,至善天下,112/03/01,7100,60.36,117.63,49.66%,住宅大樓(11層含以上有電梯),27,十層/十六層,房地(土地+建物)+車位,土:3 建:1車:2,7房2廳3衛,,有,有,住家用,
士林區重慶北路四段２０８號四樓,吉美悅河,112/02/28,3800,63.46,59.88,58.41%,住宅大樓(11層含以上有電梯),10,四層/十五層,房地(土地+建物),土:1 建:1車:0,4房2廳2衛,,有,有,住家用,
士林區東山路１２０巷５號四樓,,112/02/28,1820,50.58,35.98,83.23%,公寓(5樓含以下無電梯),38,四層/五層,房地(土地+建物),土:1 建:1車:0,3房2廳2衛,,無,無,住家用,其他增建;
士林區中山北路六段１９５巷８號十三樓之３,,112/02/28,4688,86.4,54.26,47.11%,住宅大樓(11層含以上有電梯),15,十三層/十四層,房地(土地+建物)+車位,土:1 建:1車:1,3房2廳2衛,,有,有,住家用,其他增建;
士林區承德路四段２２號四樓,,112/02/28,1050,46.72,22.47,100.00%,公寓(5樓含以下無電梯),50,"四層,陽台/四層",房地(土地+建物),土:1 建:1車:0,,,無,無,住家用,陽台外推;頂樓加蓋;
士林區承德路四段２０號二樓,,112/02/28,1130,50.28,22.47,100.00%,公寓(5樓含以下無電梯),50,"二層,陽台/四層",房地(土地+建物),土:1 建:1車:0,,,無,無,住家用,防火巷增建其他增建;
士林區承德路四段２０號,,112/02/28,1500,72.03,20.82,100.00%,公寓(5樓含以下無電梯),50,"一層,騎樓/四層",房地(土地+建物),土:1 建:1車:0,,,無,無,住家用,防火巷增建其他增建;
士林區通河東街一段３巷１號,,112/02/27,2600,72.78,35.72,100.00%,公寓(5樓含以下無電梯),50,一層/四層,房地(土地+建物),土:2 建:1車:0,,,無,無,住家用,其他增建;
士林區德行東路１９０巷２弄３號二樓,,112/02/26,2130,58.5,36.41,88.37%,公寓(5樓含以下無電梯),46,二層/四層,房地(土地+建物),土:1 建:1車:0,3房2廳2衛,,無,無,住家用,其他增建;
士林區士商路１４９號十一樓,隱士林,112/02/26,6500,86.31,75.31,52.99%,住宅大樓(11層含以上有電梯),16,十一層/十三層,房地(土地+建物)+車位,土:1 建:2車:1,3房2廳2衛,,有,有,住家用,陽台外推;其他增建;
士林區天母西路４８之７號二樓,天母齊豐華廈,112/02/26,1500,58.17,25.79,74.22%,華廈(10層含以下有電梯),43,二層/七層,房地(土地+建物),土:5 建:1車:0,3房2廳2衛,,有,有,住家用,親友、員工、共有人或其他特殊關係間之交易;
士林區延平北路六段１１６巷２３號四樓,,112/02/25,970,46.46,20.88,100.00%,公寓(5樓含以下無電梯),49,四層/四層,房地(土地+建物),土:2 建:1車:0,3房1廳1衛,,無,無,住家用,其他增建;
士林區社子街２２巷２３弄５號三樓,,112/02/25,640,38.74,16.52,100.00%,公寓(5樓含以下無電梯),48,三層/四層,房地(土地+建物),土:1 建:1車:0,2房2廳1衛,,無,無,住家用,
士林區士商路１５７號二樓,,112/02/25,4200,83.19,58.77,69.30%,住宅大樓(11層含以上有電梯),22,二層/十二層,房地(土地+建物)+車位,土:1 建:1車:1,3房2廳2衛,300,有,有,住家用,
士林區延平北路五段５９巷８弄５號二樓,,112/02/24,750,43.38,17.29,100.00%,公寓(5樓含以下無電梯),51,二層/四層,房地(土地+建物),土:1 建:1車:0,3房1廳1衛,,無,無,住家用,陽台外推;其他增建;
士林區延平北路五段１９７巷５號四樓,,112/02/24,638,45.31,14.08,100.00%,公寓(5樓含以下無電梯),52,四層/四層,房地(土地+建物),土:2 建:1車:0,2房2廳1衛,,無,無,住家用,建物(陽台)向外擴大加蓋其他增建;
士林區基河路１２８號四樓之２,基河之星,112/02/22,550,69.48,7.92,59.88%,住宅大樓(11層含以上有電梯),26,四層/十一層,房地(土地+建物),土:1 建:1車:0,1房1廳1衛,,有,有,住家用,陽台外推;
士林區福華路１４１巷６號二樓,,112/02/22,1358,76.02,17.86,100.00%,公寓(5樓含以下無電梯),51,二層/四層,房地(土地+建物),土:1 建:1車:0,2房1廳1衛,,無,無,住家用,其他增建;
士林區社中街３４６巷１弄２８號四樓,,112/02/22,318.6,17.74,17.96,100.00%,公寓(5樓含以下無電梯),47,"四層,陽台/四層",房地(土地+建物),土:1 建:1車:0,3房2廳2衛,,無,無,住家用,親友、員工、共有人或其他特殊關係間之交易;頂樓加蓋;
士林區承德路四段１２巷５７號,,112/02/22,1280,59.62,21.47,100.00%,公寓(5樓含以下無電梯),50,一層/四層,房地(土地+建物),土:1 建:1車:0,4房2廳2衛,,無,無,住家用,親友、員工、共有人或其他特殊關係間之交易;
士林區承德路四段８８號十三樓之３,圓山ART,112/02/21,2850,81.36,35.03,60.17%,住宅大樓(11層含以上有電梯),1,十三層/十五層,房地(土地+建物)+車位,土:1 建:1車:1,2房1廳1衛,,有,有,住家用,
士林區至善路三段７１巷８號,,112/02/21,8950,0,85.2,,透天厝,31,全/二層,房地(土地+建物),土:5 建:1車:0,,,無,無,農業用,農作物;毛胚屋;
士林區社中街１２３號八樓之２,御庭,112/02/21,1600,37.67,42.47,54.53%,住宅大樓(11層含以上有電梯),16,八層/十三層,房地(土地+建物)+車位,土:1 建:1車:1,2房1廳1衛,,有,有,住家用,
士林區雨聲街３９號,,112/02/21,132,52.45,2.52,91.95%,公寓(5樓含以下無電梯),45,一層/四層,房地(土地+建物),土:1 建:1車:0,3房2廳2衛,,無,無,其他,親友、員工、共有人或其他特殊關係間之交易;
士林區後港街１２３號,圓山森鄰,112/02/21,1160,49.88,23.26,67.33%,住宅大樓(11層含以上有電梯),13,一層/十四層,房地(土地+建物),土:1 建:1車:0,1衛,,有,有,商業用,親友、員工、共有人或其他特殊關係間之交易;
士林區忠誠路一段５６號七樓,華景園,112/02/20,3746.2,66.01,56.76,83.43%,住宅大樓(11層含以上有電梯),32,七層/十二層,房地(土地+建物)+車位,土:1 建:1車:1,,180,有,有,住家用,
士林區社中街２１２號八樓之１,富貴傳家,112/02/20,2160,47,45.96,70.38%,華廈(10層含以下有電梯),23,八層/八層,房地(土地+建物)+車位,土:1 建:1車:1,4房2廳2衛,,有,有,住家用,陽台外推;其他增建;
士林區前街２１巷７號五樓,,112/02/20,750,29.28,25.62,98.65%,公寓(5樓含以下無電梯),43,五層/五層,房地(土地+建物),土:4 建:1車:0,2房1廳2衛,,無,無,住家用,親友、員工、共有人或其他特殊關係間之交易;
士林區華岡路２７號,,112/02/20,438.7,55.1,7.96,,公寓(5樓含以下無電梯),56,"一層,騎樓/二層",房地(土地+建物),土:2 建:1車:0,2房1廳1衛,,無,無,住家用,親友、員工、共有人或其他特殊關係間之交易;
士林區中正路１０４巷１弄２之１號三樓之１,,112/02/20,1400,67.97,20.6,62.17%,華廈(10層含以下有電梯),27,"三層,電梯樓梯間/五層",房地(土地+建物),土:1 建:1車:0,1房1廳1衛無隔間,,有,有,住家用,
士林區天母東路６９巷１１之９號八樓,僑資華廈,112/02/19,4200,68.74,61.1,77.68%,華廈(10層含以下有電梯),45,八層/八層,房地(土地+建物),土:4 建:1車:0,4房2廳3衛,,有,有,住家用,陽台外推;其他增建;
士林區中山北路五段７４８巷５號三樓,,112/02/19,1680,52.27,32.14,100.00%,公寓(5樓含以下無電梯),48,"三層,陽台/三層",房地(土地+建物),土:2 建:1車:0,3房2廳1衛,,無,無,住家用,陽台外推;其他增建;
士林區士東路２８６巷３弄１２號二樓,,112/02/19,2040,64.85,31.46,87.79%,公寓(5樓含以下無電梯),38,二層/五層,房地(土地+建物),土:1 建:1車:0,3房2廳2衛,,無,無,住家用,後陽台有凸窗。壹樓空地垂直增建。
士林區士東路４６巷６號五樓,,112/02/19,2000,62.09,32.21,76.43%,公寓(5樓含以下無電梯),30,五層/五層,房地(土地+建物),土:1 建:1車:0,3房2廳2衛,,無,無,住家用,陽台外推;其他增建;
士林區延平北路五段２８５巷７１號二樓,,112/02/19,918,44.59,20.59,85.10%,公寓(5樓含以下無電梯),43,二層/四層,房地(土地+建物),土:2 建:1車:0,2房2廳1衛,,無,無,住家用,其他增建;
士林區美崙街６２巷２０號五樓,,112/02/19,1308,39.55,33.07,81.77%,公寓(5樓含以下無電梯),43,五層/五層,房地(土地+建物),土:1 建:1車:0,3房2廳1衛,,無,無,住家用,陽台外推;其他增建;
士林區大北路３６號二樓之１,,112/02/18,1068,70.27,15.2,100.00%,公寓(5樓含以下無電梯),51,二層/四層,房地(土地+建物),土:1 建:1車:0,5房5衛,,無,無,住家用,其他增建;
士林區福港街２６４號四樓,,112/02/18,1600,61.65,25.95,100.00%,公寓(5樓含以下無電梯),47,"四層,陽台/四層",房地(土地+建物),土:1 建:1車:0,4房4衛,,無,無,住家用,陽台外推;頂樓加蓋;其他增建;
士林區文昌路２４７巷１１號二樓,,112/02/18,1958,62.98,31.09,93.89%,公寓(5樓含以下無電梯),46,二層/四層,房地(土地+建物),土:1 建:1車:0,3房2廳2衛,,無,無,住家用,陽台外推;
士林區中山北路六段２３６巷９號五樓之２,天母靜好,112/02/18,3878,105.46,46.26,56.76%,住宅大樓(11層含以上有電梯),1,五層/十四層,房地(土地+建物)+車位,土:1 建:1車:1,3房2廳1衛,300,有,有,住家用,
士林區磺溪街４７巷１３號,,112/02/18,4938,79.52,62.1,49.42%,公寓(5樓含以下無電梯),35,一層/五層,房地(土地+建物),土:1 建:1車:0,3房2廳2衛,,無,無,住家用,其他增建;
士林區重慶北路四段８１號四樓之９,台北市大興,112/02/17,1280,57.27,22.35,71.61%,華廈(10層含以下有電梯),44,四層/七層,房地(土地+建物),土:1 建:1車:0,2房2廳1衛無隔間,,有,有,住家用,陽台外推;
士林區中山北路六段１５７巷１３號十五樓之２,天母樂活,112/02/17,2680,101.1,26.51,57.18%,住宅大樓(11層含以上有電梯),14,十五層/十五層,房地(土地+建物),土:1 建:1車:0,1房1廳1衛,,有,有,商業用,
士林區基河路３００巷２３號五樓,陽明松疆,112/02/16,5538,90.01,67.89,57.23%,住宅大樓(11層含以上有電梯),1,五層/十三層,房地(土地+建物)+車位,土:1 建:1車:1,33房22廳22衛,250,有,有,住家用,
士林區中山北路六段２３６巷９號十一樓之１,天母靜好,112/02/16,4440,115.79,38.34,57.02%,住宅大樓(11層含以上有電梯),1,十一層/十四層,房地(土地+建物),土:1 建:1車:0,3房2廳2衛,,有,有,住家用,
士林區中山北路七段１５４巷７號四樓之１,,112/02/15,1676,59.8,28.03,67.35%,華廈(10層含以下有電梯),45,四層/八層,房地(土地+建物),土:4 建:1車:0,2房2廳1衛,,無,有,住家用,陽台外推;其他增建;
士林區天母北路５６號十九樓之２,聯上天母,112/02/15,6950,105.67,75.61,45.00%,住宅大樓(11層含以上有電梯),3,十九層/二十四層,房地(土地+建物)+車位,土:1 建:1車:1,3房2廳2衛,200,有,有,住家用,
士林區中山北路五段５０５巷２８號,,112/02/15,3650,0,52.88,,透天厝,62,全/二層,房地(土地+建物),土:2 建:1車:0,2房2廳2衛,,無,無,住家用,親友、員工、共有人或其他特殊關係間之交易;
士林區中山北路六段４０５巷６９號三樓,鼎真麗澤,112/02/14,6950,88.9,93.13,62.52%,華廈(10層含以下有電梯),14,三層/九層,房地(土地+建物)+車位,土:1 建:1車:2,4房2廳3衛,550,有,有,住家用,其他增建;
士林區德行東路２６６巷１３號五樓,,112/02/14,2000,45.32,44.13,90.36%,公寓(5樓含以下無電梯),42,五層/五層,房地(土地+建物),土:3 建:1車:0,4房3廳3衛,,有,無,住家用,陽台外推;頂樓加蓋;其他增建;
士林區至善路二段９０之６號,川普至善Villa,112/02/14,2900,96.71,37.84,61.44%,華廈(10層含以下有電梯),7,一層/五層,房地(土地+建物)+車位,土:1 建:1車:1,2房2廳1衛,280,有,有,住家用,夾層;其他增建;
士林區芝玉路二段３４號,,112/02/13,2700,0,11.04,,透天厝,59,全/一層,房地(土地+建物),土:1 建:1車:0,2房2廳2衛,,無,無,農業用,頂樓加蓋;其他增建;
士林區雨聲街５９巷２１號四樓,,112/02/13,1650,51.37,32.12,79.97%,公寓(5樓含以下無電梯),37,四層/五層,房地(土地+建物),土:1 建:1車:0,3房2廳2衛,,無,無,住家用,其他增建;
士林區延平北路五段１巷５０號四樓,,112/02/13,1060,32.21,32.91,100.00%,公寓(5樓含以下無電梯),48,"四層,陽台/四層",房地(土地+建物),土:1 建:1車:0,3房2廳1衛,,無,無,住家用,
士林區華岡路４９之２號二樓,,112/02/13,1688,37.09,45.51,87.57%,公寓(5樓含以下無電梯),44,二層/四層,房地(土地+建物),土:4 建:1車:0,10房10衛,,無,無,住家用,陽台外推;其他增建;
士林區社子街１２６巷１８號四樓,,112/02/12,1050,37.11,28.3,93.78%,公寓(5樓含以下無電梯),42,四層/五層,房地(土地+建物),土:4 建:1車:0,3房2廳2衛,,無,無,住家用,陽台外推;其他增建;
士林區天母北路２８巷３９號二樓之７、二樓之８,天母小西華,112/02/12,2100,68.13,30.82,42.98%,華廈(10層含以下有電梯),15,二層/九層,房地(土地+建物)+車位,土:1 建:1車:1,2房2廳1衛,,有,有,住家用,陽台外推;夾層;
士林區天母西路５０巷１３號八樓,溪雅圖,112/02/11,8860,111.43,102.83,64.92%,住宅大樓(11層含以上有電梯),15,八層/十三層,房地(土地+建物)+車位,土:1 建:1車:2,4房2廳2衛無隔間,600,有,有,住家用,
士林區中山北路七段１１４巷４號二樓,,112/02/11,1345,45.26,29.72,90.49%,公寓(5樓含以下無電梯),46,二層/四層,房地(土地+建物),土:1 建:1車:0,3房2廳2衛無隔間,,無,無,住家用,親友、員工、共有人或其他特殊關係間之交易;
士林區社子街１１５巷１３號,,112/02/10,750,50.31,14.91,100.00%,公寓(5樓含以下無電梯),51,一層/三層,房地(土地+建物),土:1 建:1車:0,2房2廳1衛,,無,無,住家用,其他增建;
士林區福國路９５號三樓之１２,,112/02/10,960,69.44,13.82,88.75%,華廈(10層含以下有電梯),45,三層/八層,房地(土地+建物),土:1 建:1車:0,1房1廳1衛無隔間,,有,有,住家用,陽台外推;
士林區後港街２８巷６之１號四樓,,112/02/10,2200,60.87,36.14,64.52%,華廈(10層含以下有電梯),39,四層/七層,房地(土地+建物),土:1 建:1車:0,3房2廳2衛,,有,有,住家用,
士林區福德路８２巷１２號,,112/02/09,1356,0,13.48,,透天厝,57,全/二層,房地(土地+建物),土:1 建:1車:0,2房2廳1衛,,無,無,住家用,親友、員工、共有人或其他特殊關係間之交易;
士林區士東路４６巷１５之１號五樓,,112/02/08,1668,49.88,33.44,79.91%,公寓(5樓含以下無電梯),38,五層/五層,房地(土地+建物),土:1 建:1車:0,3房2廳2衛,,無,無,住家用,陽台外推;其他增建;
士林區中山北路七段１４巷５弄１３號十一樓,天母吉園,112/02/08,6250,94.18,66.36,61.31%,住宅大樓(11層含以上有電梯),14,十一層/十三層,房地(土地+建物)+車位,土:2 建:1車:1,2房2廳2衛,,有,有,住家用,陽台外推;
士林區文林路７６５號十樓之９,寶殿大廈,112/02/08,2244,58.02,38.68,73.41%,住宅大樓(11層含以上有電梯),42,十層/十一層,房地(土地+建物),土:1 建:1車:0,3房2廳2衛,,有,有,住家用,陽台外推;
士林區德行東路１８５號七樓,天母璀璨蘭雅,112/02/08,6250,74.76,83.6,59.28%,華廈(10層含以下有電梯),17,七層/九層,房地(土地+建物)+車位,土:1 建:1車:2,4房2廳2衛,,有,有,住家用,陽台外推;其他增建;
士林區葫蘆街１３５巷３號五樓,,112/02/08,1200,36.9,32.52,83.74%,公寓(5樓含以下無電梯),43,五層/五層,房地(土地+建物),土:3 建:1車:0,3房2廳1衛,,無,無,住家用,頂樓加蓋;
士林區通河街１２５之１號四樓,,112/02/07,1840,51.44,35.77,74.06%,公寓(5樓含以下無電梯),40,四層/五層,房地(土地+建物),土:1 建:1車:0,3房2廳2衛,,無,無,住家用,陽台外推;其他增建;
士林區中山北路五段８１１巷３０弄４號一樓,,112/02/07,872,63.86,13.65,100.00%,公寓(5樓含以下無電梯),49,一層/三層,房地(土地+建物),土:1 建:1車:0,3房2廳1衛,,無,無,住家用,親友、員工、共有人或其他特殊關係間之交易;
士林區承德路四段２７７巷５６號,,112/02/06,315,29.56,10.66,85.95%,公寓(5樓含以下無電梯),42,一層/五層,房地(土地+建物),土:2 建:1車:0,3房2廳2衛無隔間,,無,無,其他,持分買賣親友、員工、共有人或其他特殊關係間之交易;
士林區中正路７０７巷２３號七樓,忠誠,112/02/05,1500,47.54,31.55,66.63%,住宅大樓(11層含以上有電梯),39,七層/十二層,房地(土地+建物),土:3 建:1車:0,3房2廳2衛,,有,有,住家用,陽台外推;
士林區中山北路六段１７２巷１６弄２號五樓之５,天母小貴族,112/02/05,780,84.82,9.2,39.11%,華廈(10層含以下有電梯),28,五層/五層,房地(土地+建物),土:1 建:1車:0,1房1衛,,無,有,住家用,
士林區大西路７４巷２號,,112/02/04,852,49.27,17.29,100.00%,公寓(5樓含以下無電梯),51,三層/四層,房地(土地+建物),土:1 建:1車:0,2房2廳1衛,,無,無,住家用,親友、員工、共有人或其他特殊關係間之交易;
士林區中山北路七段９號,長安居,112/02/04,4400,139.15,31.62,74.27%,華廈(10層含以下有電梯),35,一層/七層,房地(土地+建物),土:1 建:1車:0,1房1廳1衛,,有,有,商業用,壹樓空地。
士林區中山北路七段９號二樓,長安居,112/02/04,3100,63.09,49.14,87.91%,華廈(10層含以下有電梯),35,二層/七層,房地(土地+建物),土:3 建:1車:0,2房1廳2衛,,有,有,住家用,陽台外推;
士林區福港街３７巷６號,,112/02/04,1580,78.54,20.12,100.00%,公寓(5樓含以下無電梯),52,一層/三層,房地(土地+建物),土:1 建:1車:0,2房2廳1衛,,無,無,住家用,其他增建：防火巷加蓋其他增建;
士林區中山北路五段８１１巷２５號七樓,東新大廈,112/02/04,2680,53.07,50.5,73.51%,華廈(10層含以下有電梯),45,七層/七層,房地(土地+建物),土:1 建:1車:0,4房2廳2衛,,有,有,住家用,陽台外推;
士林區社子街６３巷１５號,,112/02/04,2018,59.69,33.81,87.72%,公寓(5樓含以下無電梯),42,一層/五層,房地(土地+建物),土:1 建:1車:0,,,無,無,其他,其他增建;
士林區社子街６３巷１５號二樓,,112/02/04,1350,39.93,33.81,87.72%,公寓(5樓含以下無電梯),42,二層/五層,房地(土地+建物),土:1 建:1車:0,,,無,無,住家用,其他增建;
士林區德行東路２９號三樓,富森天母大廈,112/02/03,1456.4,92,15.83,44.91%,華廈(10層含以下有電梯),1,三層/七層,房地(土地+建物),土:1 建:1車:0,,,無,有,住家用,管委會尚未成立
士林區德行東路２９號六樓,富森天母大廈,112/02/03,1551.3,98,15.83,44.91%,華廈(10層含以下有電梯),1,六層/七層,房地(土地+建物),土:1 建:1車:0,,,無,有,住家用,管委會尚未成立
士林區延平北路八段２巷５５弄２０號二樓,,112/02/03,780,36.85,21.17,100.00%,公寓(5樓含以下無電梯),61,二層/三層,房地(土地+建物),土:1 建:1車:0,2房1廳1衛無隔間,,無,無,住家用,
士林區延平北路五段７１號八樓,澄品,112/02/03,1500,42.63,35.19,46.78%,住宅大樓(11層含以上有電梯),6,八層/十二層,房地(土地+建物)+車位,土:2 建:1車:1,1房1廳1衛,,有,有,住家用,
士林區士東路２８６巷２４號五樓,太平洋尊邸挹馨園,112/02/02,3735,69.67,53.61,69.37%,華廈(10層含以下有電梯),21,五層/七層,房地(土地+建物)+車位,土:1 建:1車:1,3房2廳2衛,,有,有,住家用,
士林區士商路１４９之６號三樓,隱士林,112/02/02,4200,79.33,52.95,61.81%,住宅大樓(11層含以上有電梯),16,三層/十三層,房地(土地+建物)+車位,土:1 建:2車:1,3房2廳2衛,,有,有,住家用,
士林區雨聲街６５巷３６號,,112/02/01,2370,59.84,39.61,80.33%,公寓(5樓含以下無電梯),37,一層/五層,房地(土地+建物),土:1 建:1車:0,3房2廳2衛無隔間,,無,無,商業用,
士林區忠誠路二段４０巷１４弄８號三樓,,112/02/01,838,30.4,27.57,79.01%,公寓(5樓含以下無電梯),39,三層/五層,房地(土地+建物),土:2 建:1車:0,3房1廳2衛無隔間,,無,無,住家用,二等親買賣
士林區中正路６１５號四樓,,112/02/01,1480,40.68,36.38,86.93%,公寓(5樓含以下無電梯),42,四層/五層,房地(土地+建物),土:3 建:1車:0,3房2廳2衛,,無,無,住家用,現況格局另有一間儲藏室及一間更衣室其他增建;
士林區德行西路５０號十二樓,萬象之都,112/01/31,1858,111.8,16.62,54.46%,住宅大樓(11層含以上有電梯),15,十二層/十三層,房地(土地+建物),土:3 建:1車:0,1廳1衛,,有,有,商業用,陽台外推;
士林區德行西路３６號十二樓之１１,萬象之都,112/01/31,1550,106.79,14.51,53.83%,住宅大樓(11層含以上有電梯),15,十二層/十三層,房地(土地+建物),土:3 建:1車:0,,,有,有,商業用,陽台外推;其他增建;
士林區環河北路三段１２７號十三樓,天星花園,112/01/31,2075,51.02,40.67,57.78%,住宅大樓(11層含以上有電梯),19,十三層/十三層,房地(土地+建物)+車位,土:2 建:2車:1,3房2廳2衛無隔間,,有,有,住家用,
士林區社子街７４號二樓,,112/01/30,594,31.32,18.97,100.00%,公寓(5樓含以下無電梯),48,二層/四層,房地(土地+建物),土:1 建:1車:0,3房1廳1衛,,無,無,住家用,親友、員工、共有人或其他特殊關係間之交易;
士林區士東路３２２號三樓之３,小神奇,112/01/30,888,78.28,11.34,63.68%,華廈(10層含以下有電梯),28,三層/六層,房地(土地+建物),土:1 建:1車:0,1房1廳1衛,,無,有,住家用,陽台外推;夾層;其他增建;
士林區德行東路９０巷３３弄１０號二樓,,112/01/30,2750,71.17,38.64,63.58%,華廈(10層含以下有電梯),41,二層/七層,房地(土地+建物),土:4 建:1車:0,3房2廳2衛無隔間,,有,有,其他,陽台外推;其他增建;
士林區德行東路７４巷１５弄２號三樓,陽明新城乙區,112/01/30,497,81.13,6.13,83.06%,華廈(10層含以下有電梯),36,三層/七層,房地(土地+建物)+車位,土:2 建:1車:1,3房2廳2衛無隔間,,有,有,住家用,親友、員工、共有人或其他特殊關係間之交易;
士林區承德路四段１０巷３１號二樓,,112/01/29,1280,58.1,22.03,100.00%,公寓(5樓含以下無電梯),54,二層/四層,房地(土地+建物),土:2 建:1車:0,3房2廳1衛,,無,無,住家用,其他增建;
士林區延平北路九段２３７巷３弄１９號三樓,,112/01/28,107.2,4.18,25.66,89.89%,公寓(5樓含以下無電梯),45,三層/三層,房地(土地+建物),土:1 建:1車:0,3房2廳1衛,,無,無,住家用,親友、員工、共有人或其他特殊關係間之交易;其他增建;
士林區大東路８４巷１５號三樓,,112/01/27,2160,56.29,38.37,100.00%,公寓(5樓含以下無電梯),50,三層/四層,房地(土地+建物),土:1 建:1車:0,4房2廳2衛,,無,無,住家用,其他增建;
士林區芝玉路一段１９７巷２號三樓,,112/01/20,1468,59.94,24.49,85.20%,公寓(5樓含以下無電梯),37,三層/五層,房地(土地+建物),土:1 建:1車:0,2房2廳1衛,,無,無,住家用,陽台外推;其他增建;
士林區中山北路七段８１巷１６弄１８號十一樓,天母上苑,112/01/20,2711,102.05,35.81,62.31%,住宅大樓(11層含以上有電梯),,十一層/十二層,房地(土地+建物)+車位,土:1 建:1車:1,2房1廳2衛,255,有,有,住家用,預售屋、或土地及建物分件登記案件;
士林區重慶北路四段４９巷３１弄３０號,,112/01/20,1530,54.59,28.03,88.90%,公寓(5樓含以下無電梯),46,一層/四層,房地(土地+建物),土:1 建:1車:0,,,無,無,住家用,其他增建;
士林區克強路１５巷５號十一樓,黃金藝術賞,112/01/19,5120,74.37,68.84,48.01%,住宅大樓(11層含以上有電梯),20,十一層/十四層,房地(土地+建物)+車位,土:1 建:1車:2,4房2廳2衛,,有,有,住家用,陽台外推;
士林區中社路一段１１巷６２號,,112/01/19,2088,0,31.38,,透天厝,47,全/一層,房地(土地+建物),土:1 建:1車:0,4房2廳2衛無隔間,,無,無,住家用,其他增建;
士林區中山北路六段４０５巷４５弄８號二樓,高蒂大廈,112/01/19,6694,109.02,61.4,60.17%,住宅大樓(11層含以上有電梯),,二層/十四層,房地(土地+建物),土:1 建:1車:0,4房2廳2衛,,有,有,住家用,本預售屋於113年02月01日簽訂協議書，雙方同意解除地下三層-車位編號：9號之車位購買，總價亦同扣除修正。預售屋、或土地及建物分件登記案件;
士林區中山北路六段１５７巷１３號六樓,天母樂活,112/01/18,2320,94.98,24.43,57.50%,住宅大樓(11層含以上有電梯),14,六層/十五層,房地(土地+建物),土:1 建:1車:0,2房2廳1衛無隔間,,有,有,商業用,其他增建;
士林區德行東路３１０號五樓,,112/01/18,1718,45.71,37.58,89.64%,公寓(5樓含以下無電梯),43,五層/五層,房地(土地+建物),土:3 建:1車:0,6房無隔間,,無,無,住家用,
士林區後港街３３號三樓,圓山諾貝爾,112/01/18,2480,70.48,35.19,83.71%,住宅大樓(11層含以上有電梯),38,三層/十二層,房地(土地+建物),土:1 建:1車:0,3房1廳2衛無隔間,,有,有,住家用,其他增建;
士林區忠義街４２號,,112/01/18,2000,57.92,34.53,48.09%,公寓(5樓含以下無電梯),39,一層/五層,房地(土地+建物),土:3 建:1車:0,1衛,,無,無,商業用,二親等買賣
士林區社中街２２４號三樓,,112/01/18,532.8,10.65,50.03,86.00%,公寓(5樓含以下無電梯),46,三層/四層,房地(土地+建物),土:1 建:2車:0,2房2廳1衛,,無,無,住家用,親友、員工、共有人或其他特殊關係間之交易;
士林區忠誠路二段２５號十三樓,,112/01/17,17000,128.31,132.5,63.15%,住宅大樓(11層含以上有電梯),15,十三層/二十二層,房地(土地+建物)+車位,土:2 建:1車:3,4房2廳3衛無隔間,,有,有,住家用,
士林區天玉街７５巷７號,,112/01/16,5500,64.42,85.38,75.26%,公寓(5樓含以下無電梯),44,"一層,二層/五層",房地(土地+建物)+車位,土:1 建:1車:1,6房1廳3衛,,無,無,其他,
士林區基河路１６之２號六樓之５,圓山窗外,112/01/16,1460,135.54,10.77,59.06%,住宅大樓(11層含以上有電梯),18,六層/十一層,房地(土地+建物),土:1 建:1車:0,2房1廳1衛,,有,有,辦公用,夾層;
士林區中山北路七段２１９巷６之２號六樓,快樂山莊,112/01/16,3150,60.57,52,76.28%,華廈(10層含以下有電梯),37,六層/七層,房地(土地+建物)+車位,土:1 建:1車:1,3房2廳2衛,,有,有,住家用,陽台外推;
士林區德行東路１９０巷３１弄１６號五樓,,112/01/16,2290,50.33,45.5,79.69%,公寓(5樓含以下無電梯),40,五層/五層,房地(土地+建物),土:1 建:1車:0,4房2廳2衛無隔間,,無,無,住家用,
士林區延平北路五段２７６巷３之３號,,112/01/16,1843.2,61.32,30.06,100.00%,公寓(5樓含以下無電梯),52,一層/三層,房地(土地+建物),土:1 建:1車:0,2房1廳1衛,,無,無,工業用,頂樓加蓋;其他增建;
士林區延平北路五段２７６巷３之３號二樓,,112/01/16,2344.8,61.32,38.24,100.00%,公寓(5樓含以下無電梯),52,"二層,三層/三層",房地(土地+建物),土:1 建:1車:0,4房2廳2衛,,無,無,工業用,頂樓加蓋;其他增建;
士林區忠誠路二段２１巷６９弄１０號四樓,,112/01/16,1150,64.65,17.79,81.62%,公寓(5樓含以下無電梯),50,四層/四層,房地(土地+建物),土:1 建:1車:0,3房2廳1衛無隔間,,無,無,住家用,陽台外推;頂樓加蓋;
士林區美崙街１１２號五樓,,112/01/16,2080,45.72,45.5,75.33%,華廈(10層含以下有電梯),42,五層/七層,房地(土地+建物),土:2 建:1車:0,3房2廳2衛,,無,有,住家用,親友、員工、共有人或其他特殊關係間之交易;
士林區天母東路８巷５３之３號六樓,,112/01/16,3120,75.63,41.25,73.74%,華廈(10層含以下有電梯),41,六層/七層,房地(土地+建物)+車位,土:4 建:1車:1,3房2廳2衛,,有,有,住家用,
士林區中山北路七段１４１巷１４弄６號四樓,,112/01/15,1600,47.41,33.75,81.15%,公寓(5樓含以下無電梯),43,四層/五層,房地(土地+建物),土:1 建:1車:0,3房2廳2衛,,無,無,住家用,
士林區中社路二段９１巷６號,,112/01/15,1388,44.58,31.13,100.00%,公寓(5樓含以下無電梯),47,一層/四層,房地(土地+建物),土:1 建:1車:0,4房2廳2衛無隔間,,無,無,住家用,空地加蓋其他增建;
士林區天母東路６９巷１１之８號六樓,僑資華廈,112/01/15,250,19.38,12.9,78.78%,華廈(10層含以下有電梯),45,六層/八層,房地(土地+建物),土:4 建:1車:0,3房2廳2衛,,有,有,住家用,親友、員工、共有人或其他特殊關係間之交易;
士林區芝玉路一段１９７巷２號四樓,,112/01/15,1230,50.22,24.49,85.20%,公寓(5樓含以下無電梯),37,四層/五層,房地(土地+建物),土:1 建:1車:0,3房2廳2衛無隔間,,無,無,住家用,陽台外推;
士林區士東路９１巷２６弄６號二樓之１,天母A+,112/01/14,960,81.73,11.75,49.01%,華廈(10層含以下有電梯),14,二層/七層,房地(土地+建物),土:1 建:1車:0,1房1廳1衛,,有,有,住家用,夾層;其他增建;
士林區士東路９１巷２６弄６號二樓,天母A+,112/01/14,960,81.73,11.75,49.01%,華廈(10層含以下有電梯),14,二層/七層,房地(土地+建物),土:1 建:1車:0,1房1廳1衛,,有,有,住家用,夾層;其他增建;
士林區士商路１４９之２號,隱士林,112/01/14,5000,78.81,63.45,62.69%,住宅大樓(11層含以上有電梯),16,一層/十三層,房地(土地+建物)+車位,土:1 建:1車:1,2房1廳2衛,,有,有,住家用,
士林區中社路二段１７巷３２號四樓,,112/01/13,900,43.24,20.81,100.00%,公寓(5樓含以下無電梯),47,四層/四層,房地(土地+建物),土:1 建:1車:0,3房1廳1衛,,無,無,住家用,其他增建;
士林區中山北路六段２３６巷７號四樓之１,天母靜好,112/01/13,3140,102.76,39.97,56.47%,住宅大樓(11層含以上有電梯),1,四層/十四層,房地(土地+建物)+車位,土:1 建:1車:1,2房2廳1衛,300,有,有,住家用,
士林區忠誠路一段１７３巷２４號五樓,,112/01/12,1800,52.38,34.36,89.00%,公寓(5樓含以下無電梯),43,五層/五層,房地(土地+建物),土:5 建:1車:0,4房2廳2衛,,無,無,住家用,
士林區中山北路七段１４巷６號三樓,,112/01/12,2555,70.12,36.44,73.76%,華廈(10層含以下有電梯),43,三層/七層,房地(土地+建物),土:1 建:1車:0,4房2廳2衛,,有,有,住家用,陽台外推;
士林區忠義街７１巷３號三樓,,112/01/12,1600,35.92,44.54,84.64%,公寓(5樓含以下無電梯),37,三層/五層,房地(土地+建物),土:1 建:1車:0,4房2廳2衛無隔間,,無,無,住家用,親友、員工、共有人或其他特殊關係間之交易;
士林區中山北路六段２３６巷９號十一樓,天母靜好,112/01/12,3609,124.9,38.42,55.38%,住宅大樓(11層含以上有電梯),1,十一層/十四層,房地(土地+建物)+車位,土:1 建:1車:1,2房2廳1衛,350,有,有,住家用,
士林區德行西路３６號三樓之１２,萬象之都,112/01/12,1550,106.79,14.51,53.83%,住宅大樓(11層含以上有電梯),15,三層/十三層,房地(土地+建物),土:3 建:1車:0,1房1廳1衛無隔間,,有,有,商業用,
士林區天母東路６９巷１１之８號六樓,僑資華廈,112/01/11,250,19.38,12.9,78.78%,華廈(10層含以下有電梯),45,六層/八層,房地(土地+建物),土:4 建:1車:0,3房2廳2衛,,有,有,住家用,親友、員工、共有人或其他特殊關係間之交易;
士林區延平北路六段２１０號六樓之２,延平福第,112/01/11,1420,43.45,32.69,55.33%,華廈(10層含以下有電梯),26,六層/九層,房地(土地+建物)+車位,土:1 建:1車:1,2房1廳1衛無隔間,,有,有,商業用,親友、員工、共有人或其他特殊關係間之交易;
士林區文林路７６３號五樓之２,寶殿大廈,112/01/09,1090,50.03,21.79,74.30%,住宅大樓(11層含以上有電梯),42,五層/十一層,房地(土地+建物),土:1 建:1車:0,2房2廳1衛,,有,有,住家用,
士林區中山北路七段２１９巷１８之１號五樓,翠園華廈,112/01/09,3020,42.95,70.31,60.20%,華廈(10層含以下有電梯),40,五層/七層,房地(土地+建物)+車位,土:1 建:1車:1,4房2廳2衛,,無,有,住家用,陽台外推;其他增建;
士林區通河街３２３巷２７之１號,劍潭國宅D區,112/01/09,542,49.81,10.88,91.10%,公寓(5樓含以下無電梯),52,一層/五層,房地(土地+建物),土:1 建:1車:0,2房1廳1衛,,有,無,住家用,陽台外推;其他增建;
士林區承德路四段６巷６號五樓,,112/01/09,1788,75.04,23.83,94.31%,公寓(5樓含以下無電梯),45,五層/五層,房地(土地+建物),土:1 建:1車:0,8房8衛,,無,無,住家用,本案函有獨立出入口之頂樓加蓋，面積約24坪，共四房四衛。頂樓加蓋;
士林區重慶北路四段２６４號三樓,,112/01/09,900,32.02,28.11,91.97%,公寓(5樓含以下無電梯),49,三層/四層,房地(土地+建物),土:1 建:1車:0,4房5衛,,無,無,住家用,親友、員工、共有人或其他特殊關係間之交易;
士林區士東路２００巷８３號四樓,,112/01/08,1440,57.17,25.19,83.98%,公寓(5樓含以下無電梯),46,四層/四層,房地(土地+建物),土:1 建:1車:0,2房2廳1衛,,無,無,住家用,
士林區社中街３８４巷２弄９號三樓,,112/01/08,1088,46.84,23.23,91.55%,公寓(5樓含以下無電梯),43,三層/四層,房地(土地+建物),土:2 建:1車:0,2房1廳1衛,,無,無,住家用,其他增建;
士林區福志路１０８號三樓,,112/01/08,1738,62.5,27.81,90.93%,公寓(5樓含以下無電梯),42,三層/五層,房地(土地+建物),土:1 建:1車:0,3房2廳2衛,,無,無,住家用,其他增建;
士林區葫蘆街２９巷３２號五樓,,112/01/08,950,42.33,22.44,84.55%,公寓(5樓含以下無電梯),40,五層/五層,房地(土地+建物),土:1 建:1車:0,5房3廳2衛,,無,無,住家用,陽台外推;頂樓加蓋;其他增建;
士林區承德路四段８０巷４６號,,112/01/08,2400,60.25,39.83,85.84%,公寓(5樓含以下無電梯),41,一層/五層,房地(土地+建物),土:3 建:1車:0,3房2廳2衛,,無,無,商業用,其他增建;
士林區承德路四段１巷２７號二樓,,112/01/08,1738,53.84,32.28,95.70%,公寓(5樓含以下無電梯),46,二層/四層,房地(土地+建物),土:2 建:1車:0,6房6衛,,無,無,,陽台外推;其他增建;
士林區基河路１６之２號六樓之６,圓山窗外,112/01/08,1690,77.97,21.67,49.47%,住宅大樓(11層含以上有電梯),18,六層/十一層,房地(土地+建物)+車位,土:1 建:1車:1,1房1廳1衛,,有,有,辦公用,夾層;其他增建;
士林區雨農路９０號十一樓,雨農山莊,112/01/07,500,58.26,8.58,51.99%,住宅大樓(11層含以上有電梯),18,十一層/十二層,房地(土地+建物)+車位,土:1 建:1車:1,3房2廳2衛,,有,有,住家用,親友、員工、共有人或其他特殊關係間之交易;
士林區文林路７６５號二樓之３,寶殿大廈,112/01/07,1300,49.57,26.22,74.14%,住宅大樓(11層含以上有電梯),42,二層/十一層,房地(土地+建物),土:1 建:1車:0,2房1廳1衛,,有,有,住家用,
士林區中山北路六段２巷４１弄３號四樓,,112/01/07,2068,65.72,31.47,84.12%,公寓(5樓含以下無電梯),40,四層/五層,房地(土地+建物),土:1 建:1車:0,3房2廳2衛,,無,無,住家用,陽台外推;
士林區中山北路六段２巷４０號三樓,,112/01/07,4292,79.6,53.92,75.10%,華廈(10層含以下有電梯),24,三層/七層,房地(土地+建物)+車位,土:1 建:1車:1,4房2廳2衛,,無,有,住家用,陽台外推;其他增建;
士林區承德路四段８０巷４０號三樓,,112/01/07,1550,54.39,28.5,86.24%,公寓(5樓含以下無電梯),44,三層/五層,房地(土地+建物),土:2 建:1車:0,4房2衛,,無,無,住家用,陽台外推;
士林區社中街３７３號四樓,,112/01/07,1050,31.85,32.96,100.00%,公寓(5樓含以下無電梯),46,"四層,陽台/四層",房地(土地+建物),土:1 建:1車:0,6房3廳2衛,,無,無,住家用,
士林區德行東路９０巷３３弄２號二樓,,112/01/06,1738,67.98,25.57,85.26%,公寓(5樓含以下無電梯),44,二層/五層,房地(土地+建物),土:1 建:1車:0,2房2廳1衛,,無,無,住家用,陽台外推;其他增建;
士林區通河西街二段１６巷４號二樓,,112/01/05,750,43.77,17.14,100.00%,公寓(5樓含以下無電梯),51,二層/三層,房地(土地+建物),土:1 建:1車:0,2房2廳1衛,,無,無,住家用,陽台外推;
士林區重慶北路四段９４號五樓,,112/01/05,850,34.82,24.41,80.57%,公寓(5樓含以下無電梯),42,五層/五層,房地(土地+建物),土:1 建:1車:0,3房2廳1衛,,無,無,住家用,親友、員工、共有人或其他特殊關係間之交易;
士林區環河北路三段１１９號十三樓,天星花園,112/01/05,4175,49.79,83.85,57.75%,住宅大樓(11層含以上有電梯),19,十三層/十三層,房地(土地+建物)+車位,土:2 建:3車:2,2房3廳2衛,,有,有,住家用,陽台外推;
士林區重慶北路四段４９巷４０弄２１號三樓,,112/01/05,244,13.04,18.72,89.09%,公寓(5樓含以下無電梯),51,三層/四層,房地(土地+建物),土:1 建:1車:0,3房1廳1衛,,無,無,住家用,親友、員工、共有人或其他特殊關係間之交易;
士林區中山北路七段２１６巷５之２號四樓,福星公爵,112/01/05,2730,55.43,49.25,76.90%,華廈(10層含以下有電梯),37,四層/六層,房地(土地+建物),土:1 建:1車:0,4房2廳2衛,,有,有,住家用,陽台外推;其他增建;
士林區延平北路五段２３１巷１６號,,112/01/05,231.7,25.07,9.24,100.00%,公寓(5樓含以下無電梯),53,一層/三層,房地(土地+建物),土:1 建:1車:0,1房1廳1衛,,無,無,住家用,親友、員工、共有人或其他特殊關係間之交易;
士林區重慶北路四段２４１號七樓,吾御,112/01/05,3040,49.71,61.16,51.00%,住宅大樓(11層含以上有電梯),12,七層/十二層,房地(土地+建物)+車位,土:1 建:1車:1,3房2廳2衛無隔間,,有,有,住家用,親友、員工、共有人或其他特殊關係間之交易;
士林區基河路３０號十一樓之７,北美館,112/01/04,1335,85.71,15.58,66.85%,住宅大樓(11層含以上有電梯),24,十一層/十三層,房地(土地+建物),土:2 建:1車:0,1房1廳1衛,,有,有,住家用,其他增建;
士林區承德路四段１０巷２１號七樓,,112/01/04,3560,59.65,59.68,89.81%,華廈(10層含以下有電梯),37,七層/七層,房地(土地+建物),土:1 建:1車:0,3房2廳2衛,,有,有,住家用,
士林區至誠路一段１３６巷１５號十一樓,太子華威,112/01/04,8800,90.2,117.1,55.33%,住宅大樓(11層含以上有電梯),5,十一層/十四層,房地(土地+建物)+車位,土:2 建:1車:2,,520,有,有,住家用,
士林區社中街２５０巷１號五樓,,112/01/03,1290,35.38,36.46,92.16%,公寓(5樓含以下無電梯),41,五層/五層,房地(土地+建物),土:1 建:1車:0,3房2廳1衛,,無,無,住家用,外梯、鐵鋁窗增建其他增建;
士林區大南路３１０號二樓,,112/01/03,920,47.56,19.34,100.00%,公寓(5樓含以下無電梯),52,二層/三層,房地(土地+建物),土:1 建:1車:0,3房1廳1衛,,無,無,住家用,
士林區環河北路三段１２１號,天星花園,112/01/03,1070,37.03,28.9,29.90%,住宅大樓(11層含以上有電梯),19,一層/十三層,房地(土地+建物)+車位,土:2 建:1車:2,1廳1衛,,有,有,商業用,
士林區延平北路六段４７５號六樓,亞太企業中心,112/01/03,7880,37.9,207.92,55.56%,住宅大樓(11層含以上有電梯),8,六層/十四層,房地(土地+建物)+車位,土:1 建:2車:4,,,有,有,商業用,
士林區德行東路９０巷１１號二樓,,112/01/02,1244,57.79,21.53,100.00%,公寓(5樓含以下無電梯),49,二層/四層,房地(土地+建物),土:4 建:1車:0,2房1廳2衛,,無,無,住家用,親友、員工、共有人或其他特殊關係間之交易;
士林區延平北路五段２４４巷２２弄１９號三樓,,112/01/02,866,43.85,19.75,100.00%,公寓(5樓含以下無電梯),53,三層/四層,房地(土地+建物),土:1 建:1車:0,1房2廳1衛,,無,無,住家用,其他增建;
士林區大南路４１７號四樓,凱旋名門,112/01/02,1550,56.46,27.45,86.73%,華廈(10層含以下有電梯),32,四層/十層,房地(土地+建物),土:2 建:1車:0,2房2廳2衛,,有,有,住家用,陽台外推;其他增建;
士林區中山北路七段１４８之４號二樓,富錦園,112/01/02,3198,57.09,56.01,80.59%,華廈(10層含以下有電梯),38,二層/七層,房地(土地+建物)+車位,土:1 建:1車:1,3房2廳2衛,,有,有,住家用,陽台外推;
士林區中正路３３５巷６弄７號三樓,,112/01/02,1830,60.59,30.2,100.00%,公寓(5樓含以下無電梯),47,"三層,陽台/四層",房地(土地+建物),土:1 建:1車:0,3房2廳2衛無隔間,,無,無,住家用,其他增建;
士林區士東路２６６巷１２弄４之１號二樓,,112/01/01,1800,55.37,32.51,87.83%,公寓(5樓含以下無電梯),41,二層/五層,房地(土地+建物),土:1 建:1車:0,3房2廳2衛,,無,無,住家用,其他增建;
士林區中山北路七段１１４巷１２號三樓,,112/01/01,2800,47.61,58.81,86.86%,公寓(5樓含以下無電梯),45,三層/五層,房地(土地+建物),土:1 建:1車:0,4房2廳2衛,,無,無,住家用,其他增建;
士林區承德路四段４０巷１３７號五樓之１０,劍潭整宅B區,112/01/01,580,53.86,10.77,91.01%,公寓(5樓含以下無電梯),52,四層/五層,房地(土地+建物),土:1 建:1車:0,2房1廳1衛,,無,無,住家用,其他增建;
士林區中山北路五段８２９巷１４號六樓,,112/01/01,2300,52.87,43.51,86.21%,華廈(10層含以下有電梯),41,六層/七層,房地(土地+建物),土:1 建:1車:0,3房2廳2衛無隔間,,無,有,住家用,親友、員工、共有人或其他特殊關係間之交易;
士林區士東路２００巷８０號二樓,,112/01/01,1190,55.63,21.39,80.77%,公寓(5樓含以下無電梯),45,二層/五層,房地(土地+建物),土:1 建:1車:0,2房2廳1衛無隔間,,無,無,住家用,陽台外推;其他增建;
士林區重慶北路四段４９巷４０弄１０號,,112/01/01,1380,56.64,24.36,100.00%,公寓(5樓含以下無電梯),51,一層/四層,房地(土地+建物),土:1 建:1車:0,3房1廳1衛無隔間,,無,無,住家用,其他增建;